/*********************************************************************
*                     SEGGER Microcontroller GmbH                    *
*        Solutions for real time microcontroller applications        *
**********************************************************************
*                                                                    *
*        (c) 1996 - 2026  SEGGER Microcontroller GmbH                *
*                                                                    *
*        Internet: www.segger.com    Support:  support@segger.com    *
*                                                                    *
**********************************************************************
----------------------------------------------------------------------
File        : MINIBLUE_Button_Up_101x52.c
Purpose     : Conversion into c-array.
              Generated file do NOT edit!
---------------------------END-OF-HEADER------------------------------
*/

#include "AppWizard.h"

GUI_CONST_STORAGE unsigned char acMINIBLUE_Button_Up_101x52[21024UL + 1] = {
  0x42, 0x4D, 0x1D, 0x00, 0x65, 0x00, 0x34, 0x00, 0x94, 0x01, 0x20, 0x00, 0x00, 0x00, 0x01, 0x00, 0x00, 0x00, 0x00, 0x00, 0x00, 0x00, 0x00, 0x00, 0x00, 0x00, 0x00, 0x00, 0x00, 0x00, 0x00, 0x00, 0x00, 0x00, 0x00, 0x00, 0x00, 0x00, 0x00, 0x00, 
  0x00, 0x00, 0x00, 0x00, 0x00, 0x00, 0x00, 0x00, 0x00, 0x00, 0x00, 0x00, 0x00, 0x00, 0x00, 0x00, 0x00, 0x00, 0x00, 0x00, 0x00, 0x00, 0x00, 0x00, 0x00, 0x00, 0x00, 0x00, 0x00, 0x00, 0x00, 0x00, 0x00, 0x00, 0x00, 0x00, 0x00, 0x00, 0x00, 0x00, 
  0x00, 0x00, 0x00, 0x00, 0x00, 0x00, 0x00, 0x00, 0x00, 0x00, 0x00, 0x00, 0x00, 0x00, 0x00, 0x00, 0x00, 0x00, 0x00, 0x00, 0xFF, 0x88, 0x00, 0x10, 0xFF, 0x88, 0x00, 0x50, 0xFF, 0x88, 0x00, 0x80, 0xFF, 0x88, 0x00, 0xBF, 0xFF, 0x88, 0x00, 0xCF, 
  0xFF, 0x88, 0x00, 0xFF, 0xFF, 0x88, 0x00, 0xFF, 0xFF, 0x88, 0x00, 0xFF, 0xFF, 0x88, 0x00, 0xFF, 0xFF, 0x88, 0x00, 0xFF, 0xFF, 0x88, 0x00, 0xFF, 0xFF, 0x88, 0x00, 0xFF, 0xFF, 0x88, 0x00, 0xFF, 0xFF, 0x88, 0x00, 0xFF, 0xFF, 0x88, 0x00, 0xFF, 
  0xFF, 0x88, 0x00, 0xFF, 0xFF, 0x88, 0x00, 0xFF, 0xFF, 0x88, 0x00, 0xFF, 0xFF, 0x88, 0x00, 0xFF, 0xFF, 0x88, 0x00, 0xFF, 0xFF, 0x88, 0x00, 0xFF, 0xFF, 0x88, 0x00, 0xFF, 0xFF, 0x88, 0x00, 0xFF, 0xFF, 0x88, 0x00, 0xFF, 0xFF, 0x88, 0x00, 0xFF, 
  0xFF, 0x88, 0x00, 0xFF, 0xFF, 0x88, 0x00, 0xFF, 0xFF, 0x88, 0x00, 0xFF, 0xFF, 0x88, 0x00, 0xFF, 0xFF, 0x88, 0x00, 0xFF, 0xFF, 0x88, 0x00, 0xFF, 0xFF, 0x88, 0x00, 0xFF, 0xFF, 0x88, 0x00, 0xFF, 0xFF, 0x88, 0x00, 0xFF, 0xFF, 0x88, 0x00, 0xFF, 
  0xFF, 0x88, 0x00, 0xFF, 0xFF, 0x88, 0x00, 0xFF, 0xFF, 0x88, 0x00, 0xFF, 0xFF, 0x88, 0x00, 0xFF, 0xFF, 0x88, 0x00, 0xFF, 0xFF, 0x88, 0x00, 0xFF, 0xFF, 0x88, 0x00, 0xFF, 0xFF, 0x88, 0x00, 0xFF, 0xFF, 0x88, 0x00, 0xFF, 0xFF, 0x88, 0x00, 0xFF, 
  0xFF, 0x88, 0x00, 0xFF, 0xFF, 0x88, 0x00, 0xFF, 0xFF, 0x88, 0x00, 0xFF, 0xFF, 0x88, 0x00, 0xFF, 0xFF, 0x88, 0x00, 0xFF, 0xFF, 0x88, 0x00, 0xFF, 0xFF, 0x88, 0x00, 0xFF, 0xFF, 0x88, 0x00, 0xFF, 0xFF, 0x88, 0x00, 0xFF, 0xFF, 0x88, 0x00, 0xDF, 
  0xFF, 0x88, 0x00, 0xBF, 0xFF, 0x88, 0x00, 0x80, 0xFF, 0x88, 0x00, 0x60, 0xFF, 0x88, 0x00, 0x20, 0xFF, 0x88, 0x00, 0x00, 0xFF, 0x88, 0x00, 0x00, 0xFF, 0x88, 0x00, 0x00, 0xFF, 0x88, 0x00, 0x00, 0xFF, 0x88, 0x00, 0x00, 0xFF, 0x88, 0x00, 0x00, 
  0xFF, 0x88, 0x00, 0x00, 0xFF, 0x88, 0x00, 0x00, 0xFF, 0x88, 0x00, 0x00, 0xFF, 0x88, 0x00, 0x00, 0xFF, 0x88, 0x00, 0x00, 0xFF, 0x88, 0x00, 0x00, 0xFF, 0x88, 0x00, 0x00, 0xFF, 0x88, 0x00, 0x00, 0xFF, 0x88, 0x00, 0x00, 0xFF, 0x88, 0x00, 0x00, 
  0xFF, 0x88, 0x00, 0x00, 0xFF, 0x88, 0x00, 0x00, 0xFF, 0x88, 0x00, 0x00, 0xFF, 0x88, 0x00, 0x00, 0xFF, 0x88, 0x00, 0x00, 0x00, 0x00, 0x00, 0x00, 0x00, 0x00, 0x00, 0x00, 0x00, 0x00, 0x00, 0x00, 0x00, 0x00, 0x00, 0x00, 0x00, 0x00, 0x00, 0x00, 
  0x00, 0x00, 0x00, 0x00, 0x00, 0x00, 0x00, 0x00, 0x00, 0x00, 0x00, 0x00, 0x00, 0x00, 0x00, 0x00, 0x00, 0x00, 0x00, 0x00, 0x00, 0x00, 0x00, 0x00, 0x00, 0x00, 0x00, 0x00, 0x00, 0x00, 0x00, 0x00, 0x00, 0x00, 0x00, 0x00, 0x00, 0x00, 0x00, 0x00, 
  0x00, 0x00, 0x00, 0x00, 0x00, 0x00, 0x00, 0x00, 0x00, 0x00, 0x00, 0x00, 0xFF, 0x88, 0x00, 0x30, 0xFF, 0x88, 0x00, 0x8F, 0xFF, 0x88, 0x00, 0xCF, 0xFF, 0x88, 0x00, 0xFF, 0xFF, 0x88, 0x00, 0xFF, 0xFF, 0x88, 0x00, 0xFF, 0xFF, 0x88, 0x00, 0xFF, 
  0xFF, 0x88, 0x00, 0xFF, 0xFF, 0x88, 0x00, 0xFF, 0xFF, 0x88, 0x00, 0xFF, 0xFF, 0x88, 0x00, 0xFF, 0xFF, 0x88, 0x00, 0xFF, 0xFF, 0x88, 0x00, 0xFF, 0xFF, 0x88, 0x00, 0xFF, 0xFF, 0x88, 0x00, 0xFF, 0xFF, 0x88, 0x00, 0xFF, 0xFF, 0x88, 0x00, 0xFF, 
  0xFF, 0x88, 0x00, 0xFF, 0xFF, 0x88, 0x00, 0xFF, 0xFF, 0x88, 0x00, 0xFF, 0xFF, 0x88, 0x00, 0xFF, 0xFF, 0x88, 0x00, 0xFF, 0xFF, 0x88, 0x00, 0xFF, 0xFF, 0x88, 0x00, 0xFF, 0xFF, 0x88, 0x00, 0xFF, 0xFF, 0x88, 0x00, 0xFF, 0xFF, 0x88, 0x00, 0xFF, 
  0xFF, 0x88, 0x00, 0xFF, 0xFF, 0x88, 0x00, 0xFF, 0xFF, 0x88, 0x00, 0xFF, 0xFF, 0x88, 0x00, 0xFF, 0xFF, 0x88, 0x00, 0xFF, 0xFF, 0x88, 0x00, 0xFF, 0xFF, 0x88, 0x00, 0xFF, 0xFF, 0x88, 0x00, 0xFF, 0xFF, 0x88, 0x00, 0xFF, 0xFF, 0x88, 0x00, 0xFF, 
  0xFF, 0x88, 0x00, 0xFF, 0xFF, 0x88, 0x00, 0xFF, 0xFF, 0x88, 0x00, 0xFF, 0xFF, 0x88, 0x00, 0xFF, 0xFF, 0x88, 0x00, 0xFF, 0xFF, 0x88, 0x00, 0xFF, 0xFF, 0x88, 0x00, 0xFF, 0xFF, 0x88, 0x00, 0xFF, 0xFF, 0x88, 0x00, 0xFF, 0xFF, 0x88, 0x00, 0xFF, 
  0xFF, 0x88, 0x00, 0xFF, 0xFF, 0x88, 0x00, 0xFF, 0xFF, 0x88, 0x00, 0xFF, 0xFF, 0x88, 0x00, 0xFF, 0xFF, 0x88, 0x00, 0xFF, 0xFF, 0x88, 0x00, 0xFF, 0xFF, 0x88, 0x00, 0xFF, 0xFF, 0x88, 0x00, 0xFF, 0xFF, 0x88, 0x00, 0xFF, 0xFF, 0x88, 0x00, 0xFF, 
  0xFF, 0x88, 0x00, 0xFF, 0xFF, 0x88, 0x00, 0xFF, 0xFF, 0x88, 0x00, 0xFF, 0xFF, 0x88, 0x00, 0xFF, 0xFF, 0x88, 0x00, 0xFF, 0xFF, 0x88, 0x00, 0xDF, 0xFF, 0x88, 0x00, 0x8F, 0xFF, 0x88, 0x00, 0x30, 0xFF, 0x88, 0x00, 0x00, 0xFF, 0x88, 0x00, 0x00, 
  0xFF, 0x88, 0x00, 0x00, 0xFF, 0x88, 0x00, 0x00, 0xFF, 0x88, 0x00, 0x00, 0xFF, 0x88, 0x00, 0x00, 0xFF, 0x88, 0x00, 0x00, 0xFF, 0x88, 0x00, 0x00, 0xFF, 0x88, 0x00, 0x00, 0xFF, 0x88, 0x00, 0x00, 0xFF, 0x88, 0x00, 0x00, 0xFF, 0x88, 0x00, 0x00, 
  0xFF, 0x88, 0x00, 0x00, 0xFF, 0x88, 0x00, 0x00, 0xFF, 0x88, 0x00, 0x00, 0xFF, 0x88, 0x00, 0x00, 0xFF, 0x88, 0x00, 0x00, 0xFF, 0x88, 0x00, 0x00, 0x00, 0x00, 0x00, 0x00, 0x00, 0x00, 0x00, 0x00, 0x00, 0x00, 0x00, 0x00, 0x00, 0x00, 0x00, 0x00, 
  0x00, 0x00, 0x00, 0x00, 0x00, 0x00, 0x00, 0x00, 0x00, 0x00, 0x00, 0x00, 0x00, 0x00, 0x00, 0x00, 0x00, 0x00, 0x00, 0x00, 0x00, 0x00, 0x00, 0x00, 0x00, 0x00, 0x00, 0x00, 0x00, 0x00, 0x00, 0x00, 0x00, 0x00, 0x00, 0x00, 0x00, 0x00, 0x00, 0x00, 
  0x00, 0x00, 0x00, 0x00, 0x00, 0x00, 0x00, 0x00, 0xFF, 0x88, 0x00, 0x60, 0xFF, 0x88, 0x00, 0xCF, 0xFF, 0x88, 0x00, 0xFF, 0xFF, 0x88, 0x00, 0xFF, 0xFF, 0x88, 0x00, 0xFF, 0xFF, 0x88, 0x00, 0xFF, 0xFF, 0x88, 0x00, 0xFF, 0xFF, 0x88, 0x00, 0xFF, 
  0xFF, 0x88, 0x00, 0xFF, 0xFF, 0x88, 0x00, 0xFF, 0xFF, 0x88, 0x00, 0xFF, 0xFF, 0x88, 0x00, 0xFF, 0xFF, 0x88, 0x00, 0xFF, 0xFF, 0x88, 0x00, 0xFF, 0xFF, 0x88, 0x00, 0xFF, 0xFF, 0x88, 0x00, 0xFF, 0xFF, 0x88, 0x00, 0xFF, 0xFF, 0x88, 0x00, 0xFF, 
  0xFF, 0x88, 0x00, 0xFF, 0xFF, 0x88, 0x00, 0xFF, 0xFF, 0x88, 0x00, 0xFF, 0xFF, 0x88, 0x00, 0xFF, 0xFF, 0x88, 0x00, 0xFF, 0xFF, 0x88, 0x00, 0xFF, 0xFF, 0x88, 0x00, 0xFF, 0xFF, 0x88, 0x00, 0xFF, 0xFF, 0x88, 0x00, 0xFF, 0xFF, 0x88, 0x00, 0xFF, 
  0xFF, 0x88, 0x00, 0xFF, 0xFF, 0x88, 0x00, 0xFF, 0xFF, 0x88, 0x00, 0xFF, 0xFF, 0x88, 0x00, 0xFF, 0xFF, 0x88, 0x00, 0xFF, 0xFF, 0x88, 0x00, 0xFF, 0xFF, 0x88, 0x00, 0xFF, 0xFF, 0x88, 0x00, 0xFF, 0xFF, 0x88, 0x00, 0xFF, 0xFF, 0x88, 0x00, 0xFF, 
  0xFF, 0x88, 0x00, 0xFF, 0xFF, 0x88, 0x00, 0xFF, 0xFF, 0x88, 0x00, 0xFF, 0xFF, 0x88, 0x00, 0xFF, 0xFF, 0x88, 0x00, 0xFF, 0xFF, 0x88, 0x00, 0xFF, 0xFF, 0x88, 0x00, 0xFF, 0xFF, 0x88, 0x00, 0xFF, 0xFF, 0x88, 0x00, 0xFF, 0xFF, 0x88, 0x00, 0xFF, 
  0xFF, 0x88, 0x00, 0xFF, 0xFF, 0x88, 0x00, 0xFF, 0xFF, 0x88, 0x00, 0xFF, 0xFF, 0x88, 0x00, 0xFF, 0xFF, 0x88, 0x00, 0xFF, 0xFF, 0x88, 0x00, 0xFF, 0xFF, 0x88, 0x00, 0xFF, 0xFF, 0x88, 0x00, 0xFF, 0xFF, 0x88, 0x00, 0xFF, 0xFF, 0x88, 0x00, 0xFF, 
  0xFF, 0x88, 0x00, 0xFF, 0xFF, 0x88, 0x00, 0xFF, 0xFF, 0x88, 0x00, 0xFF, 0xFF, 0x88, 0x00, 0xFF, 0xFF, 0x88, 0x00, 0xFF, 0xFF, 0x88, 0x00, 0xFF, 0xFF, 0x88, 0x00, 0xFF, 0xFF, 0x88, 0x00, 0xFF, 0xFF, 0x88, 0x00, 0xFF, 0xFF, 0x88, 0x00, 0xDF, 
  0xFF, 0x88, 0x00, 0x70, 0xFF, 0x88, 0x00, 0x10, 0xFF, 0x88, 0x00, 0x00, 0xFF, 0x88, 0x00, 0x00, 0xFF, 0x88, 0x00, 0x00, 0xFF, 0x88, 0x00, 0x00, 0xFF, 0x88, 0x00, 0x00, 0xFF, 0x88, 0x00, 0x00, 0xFF, 0x88, 0x00, 0x00, 0xFF, 0x88, 0x00, 0x00, 
  0xFF, 0x88, 0x00, 0x00, 0xFF, 0x88, 0x00, 0x00, 0xFF, 0x88, 0x00, 0x00, 0xFF, 0x88, 0x00, 0x00, 0xFF, 0x88, 0x00, 0x00, 0xFF, 0x88, 0x00, 0x00, 0xFF, 0x88, 0x00, 0x00, 0x00, 0x00, 0x00, 0x00, 0x00, 0x00, 0x00, 0x00, 0x00, 0x00, 0x00, 0x00, 
  0x00, 0x00, 0x00, 0x00, 0x00, 0x00, 0x00, 0x00, 0x00, 0x00, 0x00, 0x00, 0x00, 0x00, 0x00, 0x00, 0x00, 0x00, 0x00, 0x00, 0x00, 0x00, 0x00, 0x00, 0x00, 0x00, 0x00, 0x00, 0x00, 0x00, 0x00, 0x00, 0x00, 0x00, 0x00, 0x00, 0x00, 0x00, 0x00, 0x00, 
  0x00, 0x00, 0x00, 0x00, 0xFF, 0x88, 0x00, 0x70, 0xFF, 0x88, 0x00, 0xDF, 0xFF, 0x88, 0x00, 0xFF, 0xFF, 0x88, 0x00, 0xFF, 0xFF, 0x88, 0x00, 0xFF, 0xFF, 0x88, 0x00, 0xFF, 0xFF, 0x88, 0x00, 0xFF, 0xFF, 0x88, 0x00, 0xFF, 0xFF, 0x88, 0x00, 0xFF, 
  0xFF, 0x88, 0x00, 0xFF, 0xFF, 0x88, 0x00, 0xFF, 0xFF, 0x88, 0x00, 0xFF, 0xFF, 0x88, 0x00, 0xFF, 0xFF, 0x88, 0x00, 0xFF, 0xFF, 0x88, 0x00, 0xFF, 0xFF, 0x88, 0x00, 0xFF, 0xFF, 0x88, 0x00, 0xFF, 0xFF, 0x88, 0x00, 0xFF, 0xFF, 0x88, 0x00, 0xFF, 
  0xFF, 0x88, 0x00, 0xFF, 0xFF, 0x88, 0x00, 0xFF, 0xFF, 0x88, 0x00, 0xFF, 0xFF, 0x88, 0x00, 0xFF, 0xFF, 0x88, 0x00, 0xFF, 0xFF, 0x88, 0x00, 0xFF, 0xFF, 0x88, 0x00, 0xFF, 0xFF, 0x88, 0x00, 0xFF, 0xFF, 0x88, 0x00, 0xFF, 0xFF, 0x88, 0x00, 0xFF, 
  0xFF, 0x88, 0x00, 0xFF, 0xFF, 0x88, 0x00, 0xFF, 0xFF, 0x88, 0x00, 0xFF, 0xFF, 0x88, 0x00, 0xFF, 0xFF, 0x88, 0x00, 0xFF, 0xFF, 0x88, 0x00, 0xFF, 0xFF, 0x88, 0x00, 0xFF, 0xFF, 0x88, 0x00, 0xFF, 0xFF, 0x88, 0x00, 0xFF, 0xFF, 0x88, 0x00, 0xFF, 
  0xFF, 0x88, 0x00, 0xFF, 0xFF, 0x88, 0x00, 0xFF, 0xFF, 0x88, 0x00, 0xFF, 0xFF, 0x88, 0x00, 0xFF, 0xFF, 0x88, 0x00, 0xFF, 0xFF, 0x88, 0x00, 0xFF, 0xFF, 0x88, 0x00, 0xFF, 0xFF, 0x88, 0x00, 0xFF, 0xFF, 0x88, 0x00, 0xFF, 0xFF, 0x88, 0x00, 0xFF, 
  0xFF, 0x88, 0x00, 0xFF, 0xFF, 0x88, 0x00, 0xFF, 0xFF, 0x88, 0x00, 0xFF, 0xFF, 0x88, 0x00, 0xFF, 0xFF, 0x88, 0x00, 0xFF, 0xFF, 0x88, 0x00, 0xFF, 0xFF, 0x88, 0x00, 0xFF, 0xFF, 0x88, 0x00, 0xFF, 0xFF, 0x88, 0x00, 0xFF, 0xFF, 0x88, 0x00, 0xFF, 
  0xFF, 0x88, 0x00, 0xFF, 0xFF, 0x88, 0x00, 0xFF, 0xFF, 0x88, 0x00, 0xFF, 0xFF, 0x88, 0x00, 0xFF, 0xFF, 0x88, 0x00, 0xFF, 0xFF, 0x88, 0x00, 0xFF, 0xFF, 0x88, 0x00, 0xFF, 0xFF, 0x88, 0x00, 0xFF, 0xFF, 0x88, 0x00, 0xFF, 0xFF, 0x88, 0x00, 0xFF, 
  0xFF, 0x88, 0x00, 0xFF, 0xFF, 0x88, 0x00, 0xFF, 0xFF, 0x88, 0x00, 0xEF, 0xFF, 0x88, 0x00, 0x80, 0xFF, 0x88, 0x00, 0x10, 0xFF, 0x88, 0x00, 0x00, 0xFF, 0x88, 0x00, 0x00, 0xFF, 0x88, 0x00, 0x00, 0xFF, 0x88, 0x00, 0x00, 0xFF, 0x88, 0x00, 0x00, 
  0xFF, 0x88, 0x00, 0x00, 0xFF, 0x88, 0x00, 0x00, 0xFF, 0x88, 0x00, 0x00, 0xFF, 0x88, 0x00, 0x00, 0xFF, 0x88, 0x00, 0x00, 0xFF, 0x88, 0x00, 0x00, 0xFF, 0x88, 0x00, 0x00, 0xFF, 0x88, 0x00, 0x00, 0x00, 0x00, 0x00, 0x00, 0x00, 0x00, 0x00, 0x00, 
  0x00, 0x00, 0x00, 0x00, 0x00, 0x00, 0x00, 0x00, 0x00, 0x00, 0x00, 0x00, 0x00, 0x00, 0x00, 0x00, 0x00, 0x00, 0x00, 0x00, 0x00, 0x00, 0x00, 0x00, 0x00, 0x00, 0x00, 0x00, 0x00, 0x00, 0x00, 0x00, 0x00, 0x00, 0x00, 0x00, 0x00, 0x00, 0x00, 0x00, 
  0xFF, 0x88, 0x00, 0x50, 0xFF, 0x88, 0x00, 0xDF, 0xFF, 0x88, 0x00, 0xFF, 0xFF, 0x88, 0x00, 0xFF, 0xFF, 0x88, 0x00, 0xFF, 0xFF, 0x88, 0x00, 0xFF, 0xFF, 0x88, 0x00, 0xFF, 0xFF, 0x88, 0x00, 0xFF, 0xFF, 0x88, 0x00, 0xFF, 0xFF, 0x88, 0x00, 0xFF, 
  0xFF, 0x88, 0x00, 0xFF, 0xFF, 0x88, 0x00, 0xFF, 0xFF, 0x88, 0x00, 0xFF, 0xFF, 0x88, 0x00, 0xFF, 0xFF, 0x88, 0x00, 0xFF, 0xFF, 0x88, 0x00, 0xFF, 0xFF, 0x88, 0x00, 0xFF, 0xFF, 0x88, 0x00, 0xFF, 0xFF, 0x88, 0x00, 0xFF, 0xFF, 0x88, 0x00, 0xFF, 
  0xFF, 0x88, 0x00, 0xFF, 0xFF, 0x88, 0x00, 0xFF, 0xFF, 0x88, 0x00, 0xFF, 0xFF, 0x88, 0x00, 0xFF, 0xFF, 0x88, 0x00, 0xFF, 0xFF, 0x88, 0x00, 0xFF, 0xFF, 0x88, 0x00, 0xFF, 0xFF, 0x88, 0x00, 0xFF, 0xFF, 0x88, 0x00, 0xFF, 0xFF, 0x88, 0x00, 0xFF, 
  0xFF, 0x88, 0x00, 0xFF, 0xFF, 0x88, 0x00, 0xFF, 0xFF, 0x88, 0x00, 0xFF, 0xFF, 0x88, 0x00, 0xFF, 0xFF, 0x88, 0x00, 0xFF, 0xFF, 0x88, 0x00, 0xFF, 0xFF, 0x88, 0x00, 0xFF, 0xFF, 0x88, 0x00, 0xFF, 0xFF, 0x88, 0x00, 0xFF, 0xFF, 0x88, 0x00, 0xFF, 
  0xFF, 0x88, 0x00, 0xFF, 0xFF, 0x88, 0x00, 0xFF, 0xFF, 0x88, 0x00, 0xFF, 0xFF, 0x88, 0x00, 0xFF, 0xFF, 0x88, 0x00, 0xFF, 0xFF, 0x88, 0x00, 0xFF, 0xFF, 0x88, 0x00, 0xFF, 0xFF, 0x88, 0x00, 0xFF, 0xFF, 0x88, 0x00, 0xFF, 0xFF, 0x88, 0x00, 0xFF, 
  0xFF, 0x88, 0x00, 0xFF, 0xFF, 0x88, 0x00, 0xFF, 0xFF, 0x88, 0x00, 0xFF, 0xFF, 0x88, 0x00, 0xFF, 0xFF, 0x88, 0x00, 0xFF, 0xFF, 0x88, 0x00, 0xFF, 0xFF, 0x88, 0x00, 0xFF, 0xFF, 0x88, 0x00, 0xFF, 0xFF, 0x88, 0x00, 0xFF, 0xFF, 0x88, 0x00, 0xFF, 
  0xFF, 0x88, 0x00, 0xFF, 0xFF, 0x88, 0x00, 0xFF, 0xFF, 0x88, 0x00, 0xFF, 0xFF, 0x88, 0x00, 0xFF, 0xFF, 0x88, 0x00, 0xFF, 0xFF, 0x88, 0x00, 0xFF, 0xFF, 0x88, 0x00, 0xFF, 0xFF, 0x88, 0x00, 0xFF, 0xFF, 0x88, 0x00, 0xFF, 0xFF, 0x88, 0x00, 0xFF, 
  0xFF, 0x88, 0x00, 0xFF, 0xFF, 0x88, 0x00, 0xFF, 0xFF, 0x88, 0x00, 0xFF, 0xFF, 0x88, 0x00, 0xFF, 0xFF, 0x88, 0x00, 0xFF, 0xFF, 0x88, 0x00, 0xEF, 0xFF, 0x88, 0x00, 0x60, 0xFF, 0x88, 0x00, 0x00, 0xFF, 0x88, 0x00, 0x00, 0xFF, 0x88, 0x00, 0x00, 
  0xFF, 0x88, 0x00, 0x00, 0xFF, 0x88, 0x00, 0x00, 0xFF, 0x88, 0x00, 0x00, 0xFF, 0x88, 0x00, 0x00, 0xFF, 0x88, 0x00, 0x00, 0xFF, 0x88, 0x00, 0x00, 0xFF, 0x88, 0x00, 0x00, 0xFF, 0x88, 0x00, 0x00, 0xFF, 0x88, 0x00, 0x00, 0x00, 0x00, 0x00, 0x00, 
  0x00, 0x00, 0x00, 0x00, 0x00, 0x00, 0x00, 0x00, 0x00, 0x00, 0x00, 0x00, 0x00, 0x00, 0x00, 0x00, 0x00, 0x00, 0x00, 0x00, 0x00, 0x00, 0x00, 0x00, 0x00, 0x00, 0x00, 0x00, 0x00, 0x00, 0x00, 0x00, 0x00, 0x00, 0x00, 0x00, 0xFF, 0x88, 0x00, 0x10, 
  0xFF, 0x88, 0x00, 0xAF, 0xFF, 0x88, 0x00, 0xFF, 0xFF, 0x88, 0x00, 0xFF, 0xFF, 0x88, 0x00, 0xFF, 0xFF, 0x88, 0x00, 0xFF, 0xFF, 0x88, 0x00, 0xFF, 0xFF, 0x88, 0x00, 0xFF, 0xFF, 0x88, 0x00, 0xFF, 0xFF, 0x88, 0x00, 0xFF, 0xFF, 0x88, 0x00, 0xFF, 
  0xFF, 0x88, 0x00, 0xFF, 0xFF, 0x88, 0x00, 0xFF, 0xFF, 0x88, 0x00, 0xFF, 0xFF, 0x88, 0x00, 0xFF, 0xFF, 0x88, 0x00, 0xFF, 0xFF, 0x88, 0x00, 0xFF, 0xFF, 0x88, 0x00, 0xFF, 0xFF, 0x88, 0x00, 0xFF, 0xFF, 0x88, 0x00, 0xFF, 0xFF, 0x88, 0x00, 0xFF, 
  0xFF, 0x88, 0x00, 0xFF, 0xFF, 0x88, 0x00, 0xFF, 0xFF, 0x88, 0x00, 0xFF, 0xFF, 0x88, 0x00, 0xFF, 0xFF, 0x88, 0x00, 0xFF, 0xFF, 0x88, 0x00, 0xFF, 0xFF, 0x88, 0x00, 0xFF, 0xFF, 0x88, 0x00, 0xFF, 0xFF, 0x88, 0x00, 0xFF, 0xFF, 0x88, 0x00, 0xFF, 
  0xFF, 0x88, 0x00, 0xFF, 0xFF, 0x88, 0x00, 0xFF, 0xFF, 0x88, 0x00, 0xFF, 0xFF, 0x88, 0x00, 0xFF, 0xFF, 0x88, 0x00, 0xFF, 0xFF, 0x88, 0x00, 0xFF, 0xFF, 0x88, 0x00, 0xFF, 0xFF, 0x88, 0x00, 0xFF, 0xFF, 0x88, 0x00, 0xFF, 0xFF, 0x88, 0x00, 0xFF, 
  0xFF, 0x88, 0x00, 0xFF, 0xFF, 0x88, 0x00, 0xFF, 0xFF, 0x88, 0x00, 0xFF, 0xFF, 0x88, 0x00, 0xFF, 0xFF, 0x88, 0x00, 0xFF, 0xFF, 0x88, 0x00, 0xFF, 0xFF, 0x88, 0x00, 0xFF, 0xFF, 0x88, 0x00, 0xFF, 0xFF, 0x88, 0x00, 0xFF, 0xFF, 0x88, 0x00, 0xFF, 
  0xFF, 0x88, 0x00, 0xFF, 0xFF, 0x88, 0x00, 0xFF, 0xFF, 0x88, 0x00, 0xFF, 0xFF, 0x88, 0x00, 0xFF, 0xFF, 0x88, 0x00, 0xFF, 0xFF, 0x88, 0x00, 0xFF, 0xFF, 0x88, 0x00, 0xFF, 0xFF, 0x88, 0x00, 0xFF, 0xFF, 0x88, 0x00, 0xFF, 0xFF, 0x88, 0x00, 0xFF, 
  0xFF, 0x88, 0x00, 0xFF, 0xFF, 0x88, 0x00, 0xFF, 0xFF, 0x88, 0x00, 0xFF, 0xFF, 0x88, 0x00, 0xFF, 0xFF, 0x88, 0x00, 0xFF, 0xFF, 0x88, 0x00, 0xFF, 0xFF, 0x88, 0x00, 0xFF, 0xFF, 0x88, 0x00, 0xFF, 0xFF, 0x88, 0x00, 0xFF, 0xFF, 0x88, 0x00, 0xFF, 
  0xFF, 0x88, 0x00, 0xFF, 0xFF, 0x88, 0x00, 0xFF, 0xFF, 0x88, 0x00, 0xFF, 0xFF, 0x88, 0x00, 0xFF, 0xFF, 0x88, 0x00, 0xFF, 0xFF, 0x88, 0x00, 0xFF, 0xFF, 0x88, 0x00, 0xFF, 0xFF, 0x88, 0x00, 0xFF, 0xFF, 0x88, 0x00, 0xBF, 0xFF, 0x88, 0x00, 0x10, 
  0xFF, 0x88, 0x00, 0x00, 0xFF, 0x88, 0x00, 0x00, 0xFF, 0x88, 0x00, 0x00, 0xFF, 0x88, 0x00, 0x00, 0xFF, 0x88, 0x00, 0x00, 0xFF, 0x88, 0x00, 0x00, 0xFF, 0x88, 0x00, 0x00, 0xFF, 0x88, 0x00, 0x00, 0xFF, 0x88, 0x00, 0x00, 0xFF, 0x88, 0x00, 0x00, 
  0x00, 0x00, 0x00, 0x00, 0x00, 0x00, 0x00, 0x00, 0x00, 0x00, 0x00, 0x00, 0x00, 0x00, 0x00, 0x00, 0x00, 0x00, 0x00, 0x00, 0x00, 0x00, 0x00, 0x00, 0x00, 0x00, 0x00, 0x00, 0x00, 0x00, 0x00, 0x00, 0x00, 0x00, 0x00, 0x00, 0xFF, 0x88, 0x00, 0x30, 
  0xFF, 0x88, 0x00, 0xDF, 0xFF, 0x88, 0x00, 0xFF, 0xFF, 0x88, 0x00, 0xFF, 0xFF, 0x88, 0x00, 0xFF, 0xFF, 0x88, 0x00, 0xFF, 0xFF, 0x88, 0x00, 0xFF, 0xFF, 0x88, 0x00, 0xFF, 0xFF, 0x88, 0x00, 0xFF, 0xFF, 0x88, 0x00, 0xFF, 0xFF, 0x88, 0x00, 0xFF, 
  0xFF, 0x88, 0x00, 0xFF, 0xFF, 0x88, 0x00, 0xFF, 0xFF, 0x88, 0x00, 0xFF, 0xFF, 0x88, 0x00, 0xFF, 0xFF, 0x88, 0x00, 0xFF, 0xFF, 0x88, 0x00, 0xFF, 0xFF, 0x88, 0x00, 0xFF, 0xFF, 0x88, 0x00, 0xFF, 0xFF, 0x88, 0x00, 0xFF, 0xFF, 0x88, 0x00, 0xFF, 
  0xFF, 0x88, 0x00, 0xFF, 0xFF, 0x88, 0x00, 0xFF, 0xFF, 0x88, 0x00, 0xFF, 0xFF, 0x88, 0x00, 0xFF, 0xFF, 0x88, 0x00, 0xFF, 0xFF, 0x88, 0x00, 0xFF, 0xFF, 0x88, 0x00, 0xFF, 0xFF, 0x88, 0x00, 0xFF, 0xFF, 0x88, 0x00, 0xFF, 0xFF, 0x88, 0x00, 0xFF, 
  0xFF, 0x88, 0x00, 0xFF, 0xFF, 0x88, 0x00, 0xFF, 0xFF, 0x88, 0x00, 0xFF, 0xFF, 0x88, 0x00, 0xFF, 0xFF, 0x88, 0x00, 0xFF, 0xFF, 0x88, 0x00, 0xFF, 0xFF, 0x88, 0x00, 0xFF, 0xFF, 0x88, 0x00, 0xFF, 0xFF, 0x88, 0x00, 0xFF, 0xFF, 0x88, 0x00, 0xFF, 
  0xFF, 0x88, 0x00, 0xFF, 0xFF, 0x88, 0x00, 0xFF, 0xFF, 0x88, 0x00, 0xFF, 0xFF, 0x88, 0x00, 0xFF, 0xFF, 0x88, 0x00, 0xFF, 0xFF, 0x88, 0x00, 0xFF, 0xFF, 0x88, 0x00, 0xFF, 0xFF, 0x88, 0x00, 0xFF, 0xFF, 0x88, 0x00, 0xFF, 0xFF, 0x88, 0x00, 0xFF, 
  0xFF, 0x88, 0x00, 0xFF, 0xFF, 0x88, 0x00, 0xFF, 0xFF, 0x88, 0x00, 0xFF, 0xFF, 0x88, 0x00, 0xFF, 0xFF, 0x88, 0x00, 0xFF, 0xFF, 0x88, 0x00, 0xFF, 0xFF, 0x88, 0x00, 0xFF, 0xFF, 0x88, 0x00, 0xFF, 0xFF, 0x88, 0x00, 0xFF, 0xFF, 0x88, 0x00, 0xFF, 
  0xFF, 0x88, 0x00, 0xFF, 0xFF, 0x88, 0x00, 0xFF, 0xFF, 0x88, 0x00, 0xFF, 0xFF, 0x88, 0x00, 0xFF, 0xFF, 0x88, 0x00, 0xFF, 0xFF, 0x88, 0x00, 0xFF, 0xFF, 0x88, 0x00, 0xFF, 0xFF, 0x88, 0x00, 0xFF, 0xFF, 0x88, 0x00, 0xFF, 0xFF, 0x88, 0x00, 0xFF, 
  0xFF, 0x88, 0x00, 0xFF, 0xFF, 0x88, 0x00, 0xFF, 0xFF, 0x88, 0x00, 0xFF, 0xFF, 0x88, 0x00, 0xFF, 0xFF, 0x88, 0x00, 0xFF, 0xFF, 0x88, 0x00, 0xFF, 0xFF, 0x88, 0x00, 0xFF, 0xFF, 0x88, 0x00, 0xFF, 0xFF, 0x88, 0x00, 0xFF, 0xFF, 0x88, 0x00, 0xFF, 
  0xFF, 0x88, 0x00, 0xEF, 0xFF, 0x88, 0x00, 0x40, 0xFF, 0x88, 0x00, 0x00, 0xFF, 0x88, 0x00, 0x00, 0xFF, 0x88, 0x00, 0x00, 0xFF, 0x88, 0x00, 0x00, 0xFF, 0x88, 0x00, 0x00, 0xFF, 0x88, 0x00, 0x00, 0xFF, 0x88, 0x00, 0x00, 0xFF, 0x88, 0x00, 0x00, 
  0xFF, 0x88, 0x00, 0x00, 0x00, 0x00, 0x00, 0x00, 0x00, 0x00, 0x00, 0x00, 0x00, 0x00, 0x00, 0x00, 0x00, 0x00, 0x00, 0x00, 0x00, 0x00, 0x00, 0x00, 0x00, 0x00, 0x00, 0x00, 0x00, 0x00, 0x00, 0x00, 0x00, 0x00, 0x00, 0x00, 0xFF, 0x88, 0x00, 0x60, 
  0xFF, 0x88, 0x00, 0xFF, 0xFF, 0x88, 0x00, 0xFF, 0xFF, 0x88, 0x00, 0xFF, 0xFF, 0x88, 0x00, 0xFF, 0xFF, 0x88, 0x00, 0xFF, 0xFF, 0x88, 0x00, 0xFF, 0xFF, 0x88, 0x00, 0xFF, 0xFF, 0x88, 0x00, 0xFF, 0xFF, 0x88, 0x00, 0xFF, 0xFF, 0x88, 0x00, 0xFF, 
  0xFF, 0x88, 0x00, 0xFF, 0xFF, 0x88, 0x00, 0xFF, 0xFF, 0x88, 0x00, 0xFF, 0xFF, 0x88, 0x00, 0xFF, 0xFF, 0x88, 0x00, 0xFF, 0xFF, 0x88, 0x00, 0xFF, 0xFF, 0x88, 0x00, 0xFF, 0xFF, 0x88, 0x00, 0xFF, 0xFF, 0x88, 0x00, 0xFF, 0xFF, 0x88, 0x00, 0xFF, 
  0xFF, 0x88, 0x00, 0xFF, 0xFF, 0x88, 0x00, 0xFF, 0xFF, 0x88, 0x00, 0xFF, 0xFF, 0x88, 0x00, 0xFF, 0xFF, 0x88, 0x00, 0xFF, 0xFF, 0x88, 0x00, 0xFF, 0xFF, 0x88, 0x00, 0xFF, 0xFF, 0x88, 0x00, 0xFF, 0xFF, 0x88, 0x00, 0xFF, 0xFF, 0x88, 0x00, 0xFF, 
  0xFF, 0x88, 0x00, 0xFF, 0xFF, 0x88, 0x00, 0xFF, 0xFF, 0x88, 0x00, 0xFF, 0xFF, 0x88, 0x00, 0xFF, 0xFF, 0x88, 0x00, 0xFF, 0xFF, 0x88, 0x00, 0xFF, 0xFF, 0x88, 0x00, 0xFF, 0xFF, 0x88, 0x00, 0xFF, 0xFF, 0x88, 0x00, 0xFF, 0xFF, 0x88, 0x00, 0xFF, 
  0xFF, 0x88, 0x00, 0xFF, 0xFF, 0x88, 0x00, 0xFF, 0xFF, 0x88, 0x00, 0xFF, 0xFF, 0x88, 0x00, 0xFF, 0xFF, 0x88, 0x00, 0xFF, 0xFF, 0x88, 0x00, 0xFF, 0xFF, 0x88, 0x00, 0xFF, 0xFF, 0x88, 0x00, 0xFF, 0xFF, 0x88, 0x00, 0xFF, 0xFF, 0x88, 0x00, 0xFF, 
  0xFF, 0x88, 0x00, 0xFF, 0xFF, 0x88, 0x00, 0xFF, 0xFF, 0x88, 0x00, 0xFF, 0xFF, 0x88, 0x00, 0xFF, 0xFF, 0x88, 0x00, 0xFF, 0xFF, 0x88, 0x00, 0xFF, 0xFF, 0x88, 0x00, 0xFF, 0xFF, 0x88, 0x00, 0xFF, 0xFF, 0x88, 0x00, 0xFF, 0xFF, 0x88, 0x00, 0xFF, 
  0xFF, 0x88, 0x00, 0xFF, 0xFF, 0x88, 0x00, 0xFF, 0xFF, 0x88, 0x00, 0xFF, 0xFF, 0x88, 0x00, 0xFF, 0xFF, 0x88, 0x00, 0xFF, 0xFF, 0x88, 0x00, 0xFF, 0xFF, 0x88, 0x00, 0xFF, 0xFF, 0x88, 0x00, 0xFF, 0xFF, 0x88, 0x00, 0xFF, 0xFF, 0x88, 0x00, 0xFF, 
  0xFF, 0x88, 0x00, 0xFF, 0xFF, 0x88, 0x00, 0xFF, 0xFF, 0x88, 0x00, 0xFF, 0xFF, 0x88, 0x00, 0xFF, 0xFF, 0x88, 0x00, 0xFF, 0xFF, 0x88, 0x00, 0xFF, 0xFF, 0x88, 0x00, 0xFF, 0xFF, 0x88, 0x00, 0xFF, 0xFF, 0x88, 0x00, 0xFF, 0xFF, 0x88, 0x00, 0xFF, 
  0xFF, 0x88, 0x00, 0xFF, 0xFF, 0x88, 0x00, 0xFF, 0xFF, 0x88, 0x00, 0xFF, 0xFF, 0x88, 0x00, 0x60, 0xFF, 0x88, 0x00, 0x00, 0xFF, 0x88, 0x00, 0x00, 0xFF, 0x88, 0x00, 0x00, 0xFF, 0x88, 0x00, 0x00, 0xFF, 0x88, 0x00, 0x00, 0xFF, 0x88, 0x00, 0x00, 
  0xFF, 0x88, 0x00, 0x00, 0xFF, 0x88, 0x00, 0x00, 0x00, 0x00, 0x00, 0x00, 0x00, 0x00, 0x00, 0x00, 0x00, 0x00, 0x00, 0x00, 0x00, 0x00, 0x00, 0x00, 0x00, 0x00, 0x00, 0x00, 0x00, 0x00, 0x00, 0x00, 0x00, 0x00, 0x00, 0x00, 0xFF, 0x88, 0x00, 0x60, 
  0xFF, 0x88, 0x00, 0xFF, 0xFF, 0x88, 0x00, 0xFF, 0xFF, 0x88, 0x00, 0xFF, 0xFF, 0x88, 0x00, 0xFF, 0xFF, 0x88, 0x00, 0xFF, 0xFF, 0x88, 0x00, 0xFF, 0xFF, 0x88, 0x00, 0xFF, 0xFF, 0x88, 0x00, 0xFF, 0xFF, 0x88, 0x00, 0xFF, 0xFF, 0x88, 0x00, 0xFF, 
  0xFF, 0x88, 0x00, 0xFF, 0xFF, 0x88, 0x00, 0xFF, 0xFF, 0x88, 0x00, 0xFF, 0xFF, 0x88, 0x00, 0xFF, 0xFF, 0x88, 0x00, 0xFF, 0xFF, 0x88, 0x00, 0xFF, 0xFF, 0x88, 0x00, 0xFF, 0xFF, 0x88, 0x00, 0xFF, 0xFF, 0x88, 0x00, 0xFF, 0xFF, 0x88, 0x00, 0xFF, 
  0xFF, 0x88, 0x00, 0xFF, 0xFF, 0x88, 0x00, 0xFF, 0xFF, 0x88, 0x00, 0xFF, 0xFF, 0x88, 0x00, 0xFF, 0xFF, 0x88, 0x00, 0xFF, 0xFF, 0x88, 0x00, 0xFF, 0xFF, 0x88, 0x00, 0xFF, 0xFF, 0x88, 0x00, 0xFF, 0xFF, 0x88, 0x00, 0xFF, 0xFF, 0x88, 0x00, 0xFF, 
  0xFF, 0x88, 0x00, 0xFF, 0xFF, 0x88, 0x00, 0xFF, 0xFF, 0x88, 0x00, 0xFF, 0xFF, 0x88, 0x00, 0xFF, 0xFF, 0x88, 0x00, 0xFF, 0xFF, 0x88, 0x00, 0xFF, 0xFF, 0x88, 0x00, 0xFF, 0xFF, 0x88, 0x00, 0xFF, 0xFF, 0x88, 0x00, 0xFF, 0xFF, 0x88, 0x00, 0xFF, 
  0xFF, 0x88, 0x00, 0xFF, 0xFF, 0x88, 0x00, 0xFF, 0xFF, 0x88, 0x00, 0xFF, 0xFF, 0x88, 0x00, 0xFF, 0xFF, 0x88, 0x00, 0xFF, 0xFF, 0x88, 0x00, 0xFF, 0xFF, 0x88, 0x00, 0xFF, 0xFF, 0x88, 0x00, 0xFF, 0xFF, 0x88, 0x00, 0xFF, 0xFF, 0x88, 0x00, 0xFF, 
  0xFF, 0x88, 0x00, 0xFF, 0xFF, 0x88, 0x00, 0xFF, 0xFF, 0x88, 0x00, 0xFF, 0xFF, 0x88, 0x00, 0xFF, 0xFF, 0x88, 0x00, 0xFF, 0xFF, 0x88, 0x00, 0xFF, 0xFF, 0x88, 0x00, 0xFF, 0xFF, 0x88, 0x00, 0xFF, 0xFF, 0x88, 0x00, 0xFF, 0xFF, 0x88, 0x00, 0xFF, 
  0xFF, 0x88, 0x00, 0xFF, 0xFF, 0x88, 0x00, 0xFF, 0xFF, 0x88, 0x00, 0xFF, 0xFF, 0x88, 0x00, 0xFF, 0xFF, 0x88, 0x00, 0xFF, 0xFF, 0x88, 0x00, 0xFF, 0xFF, 0x88, 0x00, 0xFF, 0xFF, 0x88, 0x00, 0xFF, 0xFF, 0x88, 0x00, 0xFF, 0xFF, 0x88, 0x00, 0xFF, 
  0xFF, 0x88, 0x00, 0xFF, 0xFF, 0x88, 0x00, 0xFF, 0xFF, 0x88, 0x00, 0xFF, 0xFF, 0x88, 0x00, 0xFF, 0xFF, 0x88, 0x00, 0xFF, 0xFF, 0x88, 0x00, 0xFF, 0xFF, 0x88, 0x00, 0xFF, 0xFF, 0x88, 0x00, 0xFF, 0xFF, 0x88, 0x00, 0xFF, 0xFF, 0x88, 0x00, 0xFF, 
  0xFF, 0x88, 0x00, 0xFF, 0xFF, 0x88, 0x00, 0xFF, 0xFF, 0x88, 0x00, 0xFF, 0xFF, 0x88, 0x00, 0xFF, 0xFF, 0x88, 0x00, 0xFF, 0xFF, 0x88, 0x00, 0x8F, 0xFF, 0x88, 0x00, 0x00, 0xFF, 0x88, 0x00, 0x00, 0xFF, 0x88, 0x00, 0x00, 0xFF, 0x88, 0x00, 0x00, 
  0xFF, 0x88, 0x00, 0x00, 0xFF, 0x88, 0x00, 0x00, 0xFF, 0x88, 0x00, 0x00, 0x00, 0x00, 0x00, 0x00, 0x00, 0x00, 0x00, 0x00, 0x00, 0x00, 0x00, 0x00, 0x00, 0x00, 0x00, 0x00, 0x00, 0x00, 0x00, 0x00, 0x00, 0x00, 0x00, 0x00, 0xFF, 0x88, 0x00, 0x60, 
  0xFF, 0x88, 0x00, 0xFF, 0xFF, 0x88, 0x00, 0xFF, 0xFF, 0x88, 0x00, 0xFF, 0xFF, 0x88, 0x00, 0xFF, 0xFF, 0x88, 0x00, 0xFF, 0xFF, 0x88, 0x00, 0xFF, 0xFF, 0x88, 0x00, 0xFF, 0xFF, 0x88, 0x00, 0xFF, 0xFF, 0x88, 0x00, 0xFF, 0xFF, 0x88, 0x00, 0xFF, 
  0xFF, 0x88, 0x00, 0xFF, 0xFF, 0x88, 0x00, 0xFF, 0xFF, 0x88, 0x00, 0xFF, 0xFF, 0x88, 0x00, 0xFF, 0xFF, 0x88, 0x00, 0xFF, 0xFF, 0x88, 0x00, 0xFF, 0xFF, 0x88, 0x00, 0xFF, 0xFF, 0x88, 0x00, 0xFF, 0xFF, 0x88, 0x00, 0xFF, 0xFF, 0x88, 0x00, 0xFF, 
  0xFF, 0x88, 0x00, 0xFF, 0xFF, 0x88, 0x00, 0xFF, 0xFF, 0x88, 0x00, 0xFF, 0xFF, 0x88, 0x00, 0xFF, 0xFF, 0x88, 0x00, 0xFF, 0xFF, 0x88, 0x00, 0xFF, 0xFF, 0x88, 0x00, 0xFF, 0xFF, 0x88, 0x00, 0xFF, 0xFF, 0x88, 0x00, 0xFF, 0xFF, 0x88, 0x00, 0xFF, 
  0xFF, 0x88, 0x00, 0xFF, 0xFF, 0x88, 0x00, 0xFF, 0xFF, 0x88, 0x00, 0xFF, 0xFF, 0x88, 0x00, 0xFF, 0xFF, 0x88, 0x00, 0xFF, 0xFF, 0x88, 0x00, 0xFF, 0xFF, 0x88, 0x00, 0xFF, 0xFF, 0x88, 0x00, 0xFF, 0xFF, 0x88, 0x00, 0xFF, 0xFF, 0x88, 0x00, 0xFF, 
  0xFF, 0x88, 0x00, 0xFF, 0xFF, 0x88, 0x00, 0xFF, 0xFF, 0x88, 0x00, 0xFF, 0xFF, 0x88, 0x00, 0xFF, 0xFF, 0x88, 0x00, 0xFF, 0xFF, 0x88, 0x00, 0xFF, 0xFF, 0x88, 0x00, 0xFF, 0xFF, 0x88, 0x00, 0xFF, 0xFF, 0x88, 0x00, 0xFF, 0xFF, 0x88, 0x00, 0xFF, 
  0xFF, 0x88, 0x00, 0xFF, 0xFF, 0x88, 0x00, 0xFF, 0xFF, 0x88, 0x00, 0xFF, 0xFF, 0x88, 0x00, 0xFF, 0xFF, 0x88, 0x00, 0xFF, 0xFF, 0x88, 0x00, 0xFF, 0xFF, 0x88, 0x00, 0xFF, 0xFF, 0x88, 0x00, 0xFF, 0xFF, 0x88, 0x00, 0xFF, 0xFF, 0x88, 0x00, 0xFF, 
  0xFF, 0x88, 0x00, 0xFF, 0xFF, 0x88, 0x00, 0xFF, 0xFF, 0x88, 0x00, 0xFF, 0xFF, 0x88, 0x00, 0xFF, 0xFF, 0x88, 0x00, 0xFF, 0xFF, 0x88, 0x00, 0xFF, 0xFF, 0x88, 0x00, 0xFF, 0xFF, 0x88, 0x00, 0xFF, 0xFF, 0x88, 0x00, 0xFF, 0xFF, 0x88, 0x00, 0xFF, 
  0xFF, 0x88, 0x00, 0xFF, 0xFF, 0x88, 0x00, 0xFF, 0xFF, 0x88, 0x00, 0xFF, 0xFF, 0x88, 0x00, 0xFF, 0xFF, 0x88, 0x00, 0xFF, 0xFF, 0x88, 0x00, 0xFF, 0xFF, 0x88, 0x00, 0xFF, 0xFF, 0x88, 0x00, 0xFF, 0xFF, 0x88, 0x00, 0xFF, 0xFF, 0x88, 0x00, 0xFF, 
  0xFF, 0x88, 0x00, 0xFF, 0xFF, 0x88, 0x00, 0xFF, 0xFF, 0x88, 0x00, 0xFF, 0xFF, 0x88, 0x00, 0xFF, 0xFF, 0x88, 0x00, 0xFF, 0xFF, 0x88, 0x00, 0xFF, 0xFF, 0x88, 0x00, 0xFF, 0xFF, 0x88, 0x00, 0x8F, 0xFF, 0x88, 0x00, 0x00, 0xFF, 0x88, 0x00, 0x00, 
  0xFF, 0x88, 0x00, 0x00, 0xFF, 0x88, 0x00, 0x00, 0xFF, 0x88, 0x00, 0x00, 0xFF, 0x88, 0x00, 0x00, 0x00, 0x00, 0x00, 0x00, 0x00, 0x00, 0x00, 0x00, 0x00, 0x00, 0x00, 0x00, 0x00, 0x00, 0x00, 0x00, 0x00, 0x00, 0x00, 0x00, 0xFF, 0x88, 0x00, 0x50, 
  0xFF, 0x88, 0x00, 0xFF, 0xFF, 0x88, 0x00, 0xFF, 0xFF, 0x88, 0x00, 0xFF, 0xFF, 0x88, 0x00, 0xFF, 0xFF, 0x88, 0x00, 0xFF, 0xFF, 0x88, 0x00, 0xFF, 0xFF, 0x88, 0x00, 0xFF, 0xFF, 0x88, 0x00, 0xFF, 0xFF, 0x88, 0x00, 0xFF, 0xFF, 0x88, 0x00, 0xFF, 
  0xFF, 0x88, 0x00, 0xFF, 0xFF, 0x88, 0x00, 0xFF, 0xFF, 0x88, 0x00, 0xFF, 0xFF, 0x88, 0x00, 0xFF, 0xFF, 0x88, 0x00, 0xFF, 0xFF, 0x88, 0x00, 0xFF, 0xFF, 0x88, 0x00, 0xFF, 0xFF, 0x88, 0x00, 0xFF, 0xFF, 0x88, 0x00, 0xFF, 0xFF, 0x88, 0x00, 0xFF, 
  0xFF, 0x88, 0x00, 0xFF, 0xFF, 0x88, 0x00, 0xFF, 0xFF, 0x88, 0x00, 0xFF, 0xFF, 0x88, 0x00, 0xFF, 0xFF, 0x88, 0x00, 0xFF, 0xFF, 0x88, 0x00, 0xFF, 0xFF, 0x88, 0x00, 0xFF, 0xFF, 0x88, 0x00, 0xFF, 0xFF, 0x88, 0x00, 0xFF, 0xFF, 0x88, 0x00, 0xFF, 
  0xFF, 0x88, 0x00, 0xFF, 0xFF, 0x88, 0x00, 0xFF, 0xFF, 0x88, 0x00, 0xFF, 0xFF, 0x88, 0x00, 0xFF, 0xFF, 0x88, 0x00, 0xFF, 0xFF, 0x88, 0x00, 0xFF, 0xFF, 0x88, 0x00, 0xFF, 0xFF, 0x88, 0x00, 0xFF, 0xFF, 0x88, 0x00, 0xFF, 0xFF, 0x88, 0x00, 0xFF, 
  0xFF, 0x88, 0x00, 0xFF, 0xFF, 0x88, 0x00, 0xFF, 0xFF, 0x88, 0x00, 0xFF, 0xFF, 0x88, 0x00, 0xFF, 0xFF, 0x88, 0x00, 0xFF, 0xFF, 0x88, 0x00, 0xFF, 0xFF, 0x88, 0x00, 0xFF, 0xFF, 0x88, 0x00, 0xFF, 0xFF, 0x88, 0x00, 0xFF, 0xFF, 0x88, 0x00, 0xFF, 
  0xFF, 0x88, 0x00, 0xFF, 0xFF, 0x88, 0x00, 0xFF, 0xFF, 0x88, 0x00, 0xFF, 0xFF, 0x88, 0x00, 0xFF, 0xFF, 0x88, 0x00, 0xFF, 0xFF, 0x88, 0x00, 0xFF, 0xFF, 0x88, 0x00, 0xFF, 0xFF, 0x88, 0x00, 0xFF, 0xFF, 0x88, 0x00, 0xFF, 0xFF, 0x88, 0x00, 0xFF, 
  0xFF, 0x88, 0x00, 0xFF, 0xFF, 0x88, 0x00, 0xFF, 0xFF, 0x88, 0x00, 0xFF, 0xFF, 0x88, 0x00, 0xFF, 0xFF, 0x88, 0x00, 0xFF, 0xFF, 0x88, 0x00, 0xFF, 0xFF, 0x88, 0x00, 0xFF, 0xFF, 0x88, 0x00, 0xFF, 0xFF, 0x88, 0x00, 0xFF, 0xFF, 0x88, 0x00, 0xFF, 
  0xFF, 0x88, 0x00, 0xFF, 0xFF, 0x88, 0x00, 0xFF, 0xFF, 0x88, 0x00, 0xFF, 0xFF, 0x88, 0x00, 0xFF, 0xFF, 0x88, 0x00, 0xFF, 0xFF, 0x88, 0x00, 0xFF, 0xFF, 0x88, 0x00, 0xFF, 0xFF, 0x88, 0x00, 0xFF, 0xFF, 0x88, 0x00, 0xFF, 0xFF, 0x88, 0x00, 0xFF, 
  0xFF, 0x88, 0x00, 0xFF, 0xFF, 0x88, 0x00, 0xFF, 0xFF, 0x88, 0x00, 0xFF, 0xFF, 0x88, 0x00, 0xFF, 0xFF, 0x88, 0x00, 0xFF, 0xFF, 0x88, 0x00, 0xFF, 0xFF, 0x88, 0x00, 0xFF, 0xFF, 0x88, 0x00, 0xFF, 0xFF, 0x88, 0x00, 0xFF, 0xFF, 0x88, 0x00, 0x60, 
  0xFF, 0x88, 0x00, 0x00, 0xFF, 0x88, 0x00, 0x00, 0xFF, 0x88, 0x00, 0x00, 0xFF, 0x88, 0x00, 0x00, 0xFF, 0x88, 0x00, 0x00, 0x00, 0x00, 0x00, 0x00, 0x00, 0x00, 0x00, 0x00, 0x00, 0x00, 0x00, 0x00, 0x00, 0x00, 0x00, 0x00, 0xFF, 0x88, 0x00, 0x30, 
  0xFF, 0x88, 0x00, 0xEF, 0xFF, 0x88, 0x00, 0xFF, 0xFF, 0x88, 0x00, 0xFF, 0xFF, 0x88, 0x00, 0xFF, 0xFF, 0x88, 0x00, 0xFF, 0xFF, 0x88, 0x00, 0xFF, 0xFF, 0x88, 0x00, 0xFF, 0xFF, 0x88, 0x00, 0xFF, 0xFF, 0x88, 0x00, 0xFF, 0xFF, 0x88, 0x00, 0xFF, 
  0xFF, 0x88, 0x00, 0xFF, 0xFF, 0x88, 0x00, 0xFF, 0xFF, 0x88, 0x00, 0xFF, 0xFF, 0x88, 0x00, 0xFF, 0xFF, 0x88, 0x00, 0xFF, 0xFF, 0x88, 0x00, 0xFF, 0xFF, 0x88, 0x00, 0xFF, 0xFF, 0x88, 0x00, 0xFF, 0xFF, 0x88, 0x00, 0xFF, 0xFF, 0x88, 0x00, 0xFF, 
  0xFF, 0x88, 0x00, 0xFF, 0xFF, 0x88, 0x00, 0xFF, 0xFF, 0x88, 0x00, 0xFF, 0xFF, 0x88, 0x00, 0xFF, 0xFF, 0x88, 0x00, 0xFF, 0xFF, 0x88, 0x00, 0xFF, 0xFF, 0x88, 0x00, 0xFF, 0xFF, 0x88, 0x00, 0xFF, 0xFF, 0x88, 0x00, 0xFF, 0xFF, 0x88, 0x00, 0xFF, 
  0xFF, 0x88, 0x00, 0xFF, 0xFF, 0x88, 0x00, 0xFF, 0xFF, 0x88, 0x00, 0xFF, 0xFF, 0x88, 0x00, 0xFF, 0xFF, 0x88, 0x00, 0xFF, 0xFF, 0x88, 0x00, 0xFF, 0xFF, 0x88, 0x00, 0xFF, 0xFF, 0x88, 0x00, 0xFF, 0xFF, 0x88, 0x00, 0xFF, 0xFF, 0x88, 0x00, 0xFF, 
  0xFF, 0x88, 0x00, 0xFF, 0xFF, 0x88, 0x00, 0xFF, 0xFF, 0x88, 0x00, 0xFF, 0xFF, 0x88, 0x00, 0xFF, 0xFF, 0x88, 0x00, 0xFF, 0xFF, 0x88, 0x00, 0xFF, 0xFF, 0x88, 0x00, 0xFF, 0xFF, 0x88, 0x00, 0xFF, 0xFF, 0x88, 0x00, 0xFF, 0xFF, 0x88, 0x00, 0xFF, 
  0xFF, 0x88, 0x00, 0xFF, 0xFF, 0x88, 0x00, 0xFF, 0xFF, 0x88, 0x00, 0xFF, 0xFF, 0x88, 0x00, 0xFF, 0xFF, 0x88, 0x00, 0xFF, 0xFF, 0x88, 0x00, 0xFF, 0xFF, 0x88, 0x00, 0xFF, 0xFF, 0x88, 0x00, 0xFF, 0xFF, 0x88, 0x00, 0xFF, 0xFF, 0x88, 0x00, 0xFF, 
  0xFF, 0x88, 0x00, 0xFF, 0xFF, 0x88, 0x00, 0xFF, 0xFF, 0x88, 0x00, 0xFF, 0xFF, 0x88, 0x00, 0xFF, 0xFF, 0x88, 0x00, 0xFF, 0xFF, 0x88, 0x00, 0xFF, 0xFF, 0x88, 0x00, 0xFF, 0xFF, 0x88, 0x00, 0xFF, 0xFF, 0x88, 0x00, 0xFF, 0xFF, 0x88, 0x00, 0xFF, 
  0xFF, 0x88, 0x00, 0xFF, 0xFF, 0x88, 0x00, 0xFF, 0xFF, 0x88, 0x00, 0xFF, 0xFF, 0x88, 0x00, 0xFF, 0xFF, 0x88, 0x00, 0xFF, 0xFF, 0x88, 0x00, 0xFF, 0xFF, 0x88, 0x00, 0xFF, 0xFF, 0x88, 0x00, 0xFF, 0xFF, 0x88, 0x00, 0xFF, 0xFF, 0x88, 0x00, 0xFF, 
  0xFF, 0x88, 0x00, 0xFF, 0xFF, 0x88, 0x00, 0xFF, 0xFF, 0x88, 0x00, 0xFF, 0xFF, 0x88, 0x00, 0xFF, 0xFF, 0x88, 0x00, 0xFF, 0xFF, 0x88, 0x00, 0xFF, 0xFF, 0x88, 0x00, 0xFF, 0xFF, 0x88, 0x00, 0xFF, 0xFF, 0x88, 0x00, 0xFF, 0xFF, 0x88, 0x00, 0xFF, 
  0xFF, 0x88, 0x00, 0xFF, 0xFF, 0x88, 0x00, 0x30, 0xFF, 0x88, 0x00, 0x00, 0xFF, 0x88, 0x00, 0x00, 0xFF, 0x88, 0x00, 0x00, 0xFF, 0x88, 0x00, 0x00, 0x00, 0x00, 0x00, 0x00, 0x00, 0x00, 0x00, 0x00, 0x00, 0x00, 0x00, 0x00, 0x00, 0x00, 0x00, 0x00, 
  0xFF, 0x88, 0x00, 0xCF, 0xFF, 0x88, 0x00, 0xFF, 0xFF, 0x88, 0x00, 0xFF, 0xFF, 0x88, 0x00, 0xFF, 0xFF, 0x88, 0x00, 0xFF, 0xFF, 0x88, 0x00, 0xFF, 0xFF, 0x88, 0x00, 0xFF, 0xFF, 0x88, 0x00, 0xFF, 0xFF, 0x88, 0x00, 0xFF, 0xFF, 0x88, 0x00, 0xFF, 
  0xFF, 0x88, 0x00, 0xFF, 0xFF, 0x88, 0x00, 0xFF, 0xFF, 0x88, 0x00, 0xFF, 0xFF, 0x88, 0x00, 0xFF, 0xFF, 0x88, 0x00, 0xFF, 0xFF, 0x88, 0x00, 0xFF, 0xFF, 0x88, 0x00, 0xFF, 0xFF, 0x88, 0x00, 0xFF, 0xFF, 0x88, 0x00, 0xFF, 0xFF, 0x88, 0x00, 0xFF, 
  0xFF, 0x88, 0x00, 0xFF, 0xFF, 0x88, 0x00, 0xFF, 0xFF, 0x88, 0x00, 0xFF, 0xFF, 0x88, 0x00, 0xFF, 0xFF, 0x88, 0x00, 0xFF, 0xFF, 0x88, 0x00, 0xFF, 0xFF, 0x88, 0x00, 0xFF, 0xFF, 0x88, 0x00, 0xFF, 0xFF, 0x88, 0x00, 0xFF, 0xFF, 0x88, 0x00, 0xFF, 
  0xFF, 0x88, 0x00, 0xFF, 0xFF, 0x88, 0x00, 0xFF, 0xFF, 0x88, 0x00, 0xFF, 0xFF, 0x88, 0x00, 0xFF, 0xFF, 0x88, 0x00, 0xFF, 0xFF, 0x88, 0x00, 0xFF, 0xFF, 0x88, 0x00, 0xFF, 0xFF, 0x88, 0x00, 0xFF, 0xFF, 0x88, 0x00, 0xFF, 0xFF, 0x88, 0x00, 0xFF, 
  0xFF, 0x88, 0x00, 0xFF, 0xFF, 0x88, 0x00, 0xFF, 0xFF, 0x88, 0x00, 0xFF, 0xFF, 0x88, 0x00, 0xFF, 0xFF, 0x88, 0x00, 0xFF, 0xFF, 0x88, 0x00, 0xFF, 0xFF, 0x88, 0x00, 0xFF, 0xFF, 0x88, 0x00, 0xFF, 0xFF, 0x88, 0x00, 0xFF, 0xFF, 0x88, 0x00, 0xFF, 
  0xFF, 0x88, 0x00, 0xFF, 0xFF, 0x88, 0x00, 0xFF, 0xFF, 0x88, 0x00, 0xFF, 0xFF, 0x88, 0x00, 0xFF, 0xFF, 0x88, 0x00, 0xFF, 0xFF, 0x88, 0x00, 0xFF, 0xFF, 0x88, 0x00, 0xFF, 0xFF, 0x88, 0x00, 0xFF, 0xFF, 0x88, 0x00, 0xFF, 0xFF, 0x88, 0x00, 0xFF, 
  0xFF, 0x88, 0x00, 0xFF, 0xFF, 0x88, 0x00, 0xFF, 0xFF, 0x88, 0x00, 0xFF, 0xFF, 0x88, 0x00, 0xFF, 0xFF, 0x88, 0x00, 0xFF, 0xFF, 0x88, 0x00, 0xFF, 0xFF, 0x88, 0x00, 0xFF, 0xFF, 0x88, 0x00, 0xFF, 0xFF, 0x88, 0x00, 0xFF, 0xFF, 0x88, 0x00, 0xFF, 
  0xFF, 0x88, 0x00, 0xFF, 0xFF, 0x88, 0x00, 0xFF, 0xFF, 0x88, 0x00, 0xFF, 0xFF, 0x88, 0x00, 0xFF, 0xFF, 0x88, 0x00, 0xFF, 0xFF, 0x88, 0x00, 0xFF, 0xFF, 0x88, 0x00, 0xFF, 0xFF, 0x88, 0x00, 0xFF, 0xFF, 0x88, 0x00, 0xFF, 0xFF, 0x88, 0x00, 0xFF, 
  0xFF, 0x88, 0x00, 0xFF, 0xFF, 0x88, 0x00, 0xFF, 0xFF, 0x88, 0x00, 0xFF, 0xFF, 0x88, 0x00, 0xFF, 0xFF, 0x88, 0x00, 0xFF, 0xFF, 0x88, 0x00, 0xFF, 0xFF, 0x88, 0x00, 0xFF, 0xFF, 0x88, 0x00, 0xFF, 0xFF, 0x88, 0x00, 0xFF, 0xFF, 0x88, 0x00, 0xFF, 
  0xFF, 0x88, 0x00, 0xFF, 0xFF, 0x88, 0x00, 0xFF, 0xFF, 0x88, 0x00, 0xDF, 0xFF, 0x88, 0x00, 0x10, 0xFF, 0x88, 0x00, 0x00, 0xFF, 0x88, 0x00, 0x00, 0xFF, 0x88, 0x00, 0x00, 0x00, 0x00, 0x00, 0x00, 0x00, 0x00, 0x00, 0x00, 0x00, 0x00, 0x00, 0x00, 
  0xFF, 0x88, 0x00, 0x80, 0xFF, 0x88, 0x00, 0xFF, 0xFF, 0x88, 0x00, 0xFF, 0xFF, 0x88, 0x00, 0xFF, 0xFF, 0x88, 0x00, 0xFF, 0xFF, 0x88, 0x00, 0xFF, 0xFF, 0x88, 0x00, 0xFF, 0xFF, 0x88, 0x00, 0xFF, 0xFF, 0x88, 0x00, 0xFF, 0xFF, 0x88, 0x00, 0xFF, 
  0xFF, 0x88, 0x00, 0xFF, 0xFF, 0x88, 0x00, 0xFF, 0xFF, 0x88, 0x00, 0xFF, 0xFF, 0x88, 0x00, 0xFF, 0xFF, 0x88, 0x00, 0xFF, 0xFF, 0x88, 0x00, 0xFF, 0xFF, 0x88, 0x00, 0xFF, 0xFF, 0x88, 0x00, 0xFF, 0xFF, 0x88, 0x00, 0xFF, 0xFF, 0x88, 0x00, 0xFF, 
  0xFF, 0x88, 0x00, 0xFF, 0xFF, 0x88, 0x00, 0xFF, 0xFF, 0x88, 0x00, 0xFF, 0xFF, 0x88, 0x00, 0xFF, 0xFF, 0x88, 0x00, 0xFF, 0xFF, 0x88, 0x00, 0xFF, 0xFF, 0x88, 0x00, 0xFF, 0xFF, 0x88, 0x00, 0xFF, 0xFF, 0x88, 0x00, 0xFF, 0xFF, 0x88, 0x00, 0xFF, 
  0xFF, 0x88, 0x00, 0xFF, 0xFF, 0x88, 0x00, 0xFF, 0xFF, 0x88, 0x00, 0xFF, 0xFF, 0x88, 0x00, 0xFF, 0xFF, 0x88, 0x00, 0xFF, 0xFF, 0x88, 0x00, 0xFF, 0xFF, 0x88, 0x00, 0xFF, 0xFF, 0x88, 0x00, 0xFF, 0xFF, 0x88, 0x00, 0xFF, 0xFF, 0x88, 0x00, 0xFF, 
  0xFF, 0x88, 0x00, 0xFF, 0xFF, 0x88, 0x00, 0xFF, 0xFF, 0x88, 0x00, 0xFF, 0xFF, 0x88, 0x00, 0xFF, 0xFF, 0x88, 0x00, 0xFF, 0xFF, 0x88, 0x00, 0xFF, 0xFF, 0x88, 0x00, 0xFF, 0xFF, 0x88, 0x00, 0xFF, 0xFF, 0x88, 0x00, 0xFF, 0xFF, 0x88, 0x00, 0xFF, 
  0xFF, 0x88, 0x00, 0xFF, 0xFF, 0x88, 0x00, 0xFF, 0xFF, 0x88, 0x00, 0xFF, 0xFF, 0x88, 0x00, 0xFF, 0xFF, 0x88, 0x00, 0xFF, 0xFF, 0x88, 0x00, 0xFF, 0xFF, 0x88, 0x00, 0xFF, 0xFF, 0x88, 0x00, 0xFF, 0xFF, 0x88, 0x00, 0xFF, 0xFF, 0x88, 0x00, 0xFF, 
  0xFF, 0x88, 0x00, 0xFF, 0xFF, 0x88, 0x00, 0xFF, 0xFF, 0x88, 0x00, 0xFF, 0xFF, 0x88, 0x00, 0xFF, 0xFF, 0x88, 0x00, 0xFF, 0xFF, 0x88, 0x00, 0xFF, 0xFF, 0x88, 0x00, 0xFF, 0xFF, 0x88, 0x00, 0xFF, 0xFF, 0x88, 0x00, 0xFF, 0xFF, 0x88, 0x00, 0xFF, 
  0xFF, 0x88, 0x00, 0xFF, 0xFF, 0x88, 0x00, 0xFF, 0xFF, 0x88, 0x00, 0xFF, 0xFF, 0x88, 0x00, 0xFF, 0xFF, 0x88, 0x00, 0xFF, 0xFF, 0x88, 0x00, 0xFF, 0xFF, 0x88, 0x00, 0xFF, 0xFF, 0x88, 0x00, 0xFF, 0xFF, 0x88, 0x00, 0xFF, 0xFF, 0x88, 0x00, 0xFF, 
  0xFF, 0x88, 0x00, 0xFF, 0xFF, 0x88, 0x00, 0xFF, 0xFF, 0x88, 0x00, 0xFF, 0xFF, 0x88, 0x00, 0xFF, 0xFF, 0x88, 0x00, 0xFF, 0xFF, 0x88, 0x00, 0xFF, 0xFF, 0x88, 0x00, 0xFF, 0xFF, 0x88, 0x00, 0xFF, 0xFF, 0x88, 0x00, 0xFF, 0xFF, 0x88, 0x00, 0xFF, 
  0xFF, 0x88, 0x00, 0xFF, 0xFF, 0x88, 0x00, 0xFF, 0xFF, 0x88, 0x00, 0xFF, 0xFF, 0x88, 0x00, 0xFF, 0xFF, 0x88, 0x00, 0x8F, 0xFF, 0x88, 0x00, 0x00, 0xFF, 0x88, 0x00, 0x00, 0xFF, 0x88, 0x00, 0x00, 0x00, 0x00, 0x00, 0x00, 0x00, 0x00, 0x00, 0x00, 
  0xFF, 0x88, 0x00, 0x20, 0xFF, 0x88, 0x00, 0xFF, 0xFF, 0x88, 0x00, 0xFF, 0xFF, 0x88, 0x00, 0xFF, 0xFF, 0x88, 0x00, 0xFF, 0xFF, 0x88, 0x00, 0xFF, 0xFF, 0x88, 0x00, 0xFF, 0xFF, 0x88, 0x00, 0xFF, 0xFF, 0x88, 0x00, 0xFF, 0xFF, 0x88, 0x00, 0xFF, 
  0xFF, 0x88, 0x00, 0xFF, 0xFF, 0x88, 0x00, 0xFF, 0xFF, 0x88, 0x00, 0xFF, 0xFF, 0x88, 0x00, 0xFF, 0xFF, 0x88, 0x00, 0xFF, 0xFF, 0x88, 0x00, 0xFF, 0xFF, 0x88, 0x00, 0xFF, 0xFF, 0x88, 0x00, 0xFF, 0xFF, 0x88, 0x00, 0xFF, 0xFF, 0x88, 0x00, 0xFF, 
  0xFF, 0x88, 0x00, 0xFF, 0xFF, 0x88, 0x00, 0xFF, 0xFF, 0x88, 0x00, 0xFF, 0xFF, 0x88, 0x00, 0xFF, 0xFF, 0x88, 0x00, 0xFF, 0xFF, 0x88, 0x00, 0xFF, 0xFF, 0x88, 0x00, 0xFF, 0xFF, 0x88, 0x00, 0xFF, 0xFF, 0x88, 0x00, 0xFF, 0xFF, 0x88, 0x00, 0xFF, 
  0xFF, 0x88, 0x00, 0xFF, 0xFF, 0x88, 0x00, 0xFF, 0xFF, 0x88, 0x00, 0xFF, 0xFF, 0x88, 0x00, 0xFF, 0xFF, 0x88, 0x00, 0xFF, 0xFF, 0x88, 0x00, 0xFF, 0xFF, 0x88, 0x00, 0xFF, 0xFF, 0x88, 0x00, 0xFF, 0xFF, 0x88, 0x00, 0xFF, 0xFF, 0x88, 0x00, 0xFF, 
  0xFF, 0x88, 0x00, 0xFF, 0xFF, 0x88, 0x00, 0xFF, 0xFF, 0x88, 0x00, 0xFF, 0xFF, 0x88, 0x00, 0xFF, 0xFF, 0x88, 0x00, 0xFF, 0xFF, 0x88, 0x00, 0xFF, 0xFF, 0x88, 0x00, 0xFF, 0xFF, 0x88, 0x00, 0xFF, 0xFF, 0x88, 0x00, 0xFF, 0xFF, 0x88, 0x00, 0xFF, 
  0xFF, 0x88, 0x00, 0xFF, 0xFF, 0x88, 0x00, 0xFF, 0xFF, 0x88, 0x00, 0xFF, 0xFF, 0x88, 0x00, 0xFF, 0xFF, 0x88, 0x00, 0xFF, 0xFF, 0x88, 0x00, 0xFF, 0xFF, 0x88, 0x00, 0xFF, 0xFF, 0x88, 0x00, 0xFF, 0xFF, 0x88, 0x00, 0xFF, 0xFF, 0x88, 0x00, 0xFF, 
  0xFF, 0x88, 0x00, 0xFF, 0xFF, 0x88, 0x00, 0xFF, 0xFF, 0x88, 0x00, 0xFF, 0xFF, 0x88, 0x00, 0xFF, 0xFF, 0x88, 0x00, 0xFF, 0xFF, 0x88, 0x00, 0xFF, 0xFF, 0x88, 0x00, 0xFF, 0xFF, 0x88, 0x00, 0xFF, 0xFF, 0x88, 0x00, 0xFF, 0xFF, 0x88, 0x00, 0xFF, 
  0xFF, 0x88, 0x00, 0xFF, 0xFF, 0x88, 0x00, 0xFF, 0xFF, 0x88, 0x00, 0xFF, 0xFF, 0x88, 0x00, 0xFF, 0xFF, 0x88, 0x00, 0xFF, 0xFF, 0x88, 0x00, 0xFF, 0xFF, 0x88, 0x00, 0xFF, 0xFF, 0x88, 0x00, 0xFF, 0xFF, 0x88, 0x00, 0xFF, 0xFF, 0x88, 0x00, 0xFF, 
  0xFF, 0x88, 0x00, 0xFF, 0xFF, 0x88, 0x00, 0xFF, 0xFF, 0x88, 0x00, 0xFF, 0xFF, 0x88, 0x00, 0xFF, 0xFF, 0x88, 0x00, 0xFF, 0xFF, 0x88, 0x00, 0xFF, 0xFF, 0x88, 0x00, 0xFF, 0xFF, 0x88, 0x00, 0xFF, 0xFF, 0x88, 0x00, 0xFF, 0xFF, 0x88, 0x00, 0xFF, 
  0xFF, 0x88, 0x00, 0xFF, 0xFF, 0x88, 0x00, 0xFF, 0xFF, 0x88, 0x00, 0xFF, 0xFF, 0x88, 0x00, 0xFF, 0xFF, 0x88, 0x00, 0xFF, 0xFF, 0x88, 0x00, 0xFF, 0xFF, 0x88, 0x00, 0x40, 0xFF, 0x88, 0x00, 0x00, 0xFF, 0x88, 0x00, 0x00, 0x00, 0x00, 0x00, 0x00, 
  0x00, 0x00, 0x00, 0x00, 0xFF, 0x88, 0x00, 0x9F, 0xFF, 0x88, 0x00, 0xFF, 0xFF, 0x88, 0x00, 0xFF, 0xFF, 0x88, 0x00, 0xFF, 0xFF, 0x88, 0x00, 0xFF, 0xFF, 0x88, 0x00, 0xFF, 0xFF, 0x88, 0x00, 0xFF, 0xFF, 0x88, 0x00, 0xFF, 0xFF, 0x88, 0x00, 0xFF, 
  0xFF, 0x88, 0x00, 0xFF, 0xFF, 0x88, 0x00, 0xFF, 0xFF, 0x88, 0x00, 0xFF, 0xFF, 0x88, 0x00, 0xFF, 0xFF, 0x88, 0x00, 0xFF, 0xFF, 0x88, 0x00, 0xFF, 0xFF, 0x88, 0x00, 0xFF, 0xFF, 0x88, 0x00, 0xFF, 0xFF, 0x88, 0x00, 0xFF, 0xFF, 0x88, 0x00, 0xFF, 
  0xFF, 0x88, 0x00, 0xFF, 0xFF, 0x88, 0x00, 0xFF, 0xFF, 0x88, 0x00, 0xFF, 0xFF, 0x88, 0x00, 0xFF, 0xFF, 0x88, 0x00, 0xFF, 0xFF, 0x88, 0x00, 0xFF, 0xFF, 0x88, 0x00, 0xFF, 0xFF, 0x88, 0x00, 0xFF, 0xFF, 0x88, 0x00, 0xFF, 0xFF, 0x88, 0x00, 0xFF, 
  0xFF, 0x88, 0x00, 0xFF, 0xFF, 0x88, 0x00, 0xFF, 0xFF, 0x88, 0x00, 0xFF, 0xFF, 0x88, 0x00, 0xFF, 0xFF, 0x88, 0x00, 0xFF, 0xFF, 0x88, 0x00, 0xFF, 0xFF, 0x88, 0x00, 0xFF, 0xFF, 0x88, 0x00, 0xFF, 0xFF, 0x88, 0x00, 0xFF, 0xFF, 0x88, 0x00, 0xFF, 
  0xFF, 0x88, 0x00, 0xFF, 0xFF, 0x88, 0x00, 0xFF, 0xFF, 0x88, 0x00, 0xFF, 0xFF, 0x88, 0x00, 0xFF, 0xFF, 0x88, 0x00, 0xFF, 0xFF, 0x88, 0x00, 0xFF, 0xFF, 0x88, 0x00, 0xFF, 0xFF, 0x88, 0x00, 0xFF, 0xFF, 0x88, 0x00, 0xFF, 0xFF, 0x88, 0x00, 0xFF, 
  0xFF, 0x88, 0x00, 0xFF, 0xFF, 0x88, 0x00, 0xFF, 0xFF, 0x88, 0x00, 0xFF, 0xFF, 0x88, 0x00, 0xFF, 0xFF, 0x88, 0x00, 0xFF, 0xFF, 0x88, 0x00, 0xFF, 0xFF, 0x88, 0x00, 0xFF, 0xFF, 0x88, 0x00, 0xFF, 0xFF, 0x88, 0x00, 0xFF, 0xFF, 0x88, 0x00, 0xFF, 
  0xFF, 0x88, 0x00, 0xFF, 0xFF, 0x88, 0x00, 0xFF, 0xFF, 0x88, 0x00, 0xFF, 0xFF, 0x88, 0x00, 0xFF, 0xFF, 0x88, 0x00, 0xFF, 0xFF, 0x88, 0x00, 0xFF, 0xFF, 0x88, 0x00, 0xFF, 0xFF, 0x88, 0x00, 0xFF, 0xFF, 0x88, 0x00, 0xFF, 0xFF, 0x88, 0x00, 0xFF, 
  0xFF, 0x88, 0x00, 0xFF, 0xFF, 0x88, 0x00, 0xFF, 0xFF, 0x88, 0x00, 0xFF, 0xFF, 0x88, 0x00, 0xFF, 0xFF, 0x88, 0x00, 0xFF, 0xFF, 0x88, 0x00, 0xFF, 0xFF, 0x88, 0x00, 0xFF, 0xFF, 0x88, 0x00, 0xFF, 0xFF, 0x88, 0x00, 0xFF, 0xFF, 0x88, 0x00, 0xFF, 
  0xFF, 0x88, 0x00, 0xFF, 0xFF, 0x88, 0x00, 0xFF, 0xFF, 0x88, 0x00, 0xFF, 0xFF, 0x88, 0x00, 0xFF, 0xFF, 0x88, 0x00, 0xFF, 0xFF, 0x88, 0x00, 0xFF, 0xFF, 0x88, 0x00, 0xFF, 0xFF, 0x88, 0x00, 0xFF, 0xFF, 0x88, 0x00, 0xFF, 0xFF, 0x88, 0x00, 0xFF, 
  0xFF, 0x88, 0x00, 0xFF, 0xFF, 0x88, 0x00, 0xFF, 0xFF, 0x88, 0x00, 0xFF, 0xFF, 0x88, 0x00, 0xFF, 0xFF, 0x88, 0x00, 0xFF, 0xFF, 0x88, 0x00, 0xFF, 0xFF, 0x88, 0x00, 0xFF, 0xFF, 0x88, 0x00, 0xBF, 0xFF, 0x88, 0x00, 0x00, 0xFF, 0x88, 0x00, 0x00, 
  0x00, 0x00, 0x00, 0x00, 0xFF, 0x88, 0x00, 0x20, 0xFF, 0x88, 0x00, 0xFF, 0xFF, 0x88, 0x00, 0xFF, 0xFF, 0x88, 0x00, 0xFF, 0xFF, 0x88, 0x00, 0xFF, 0xFF, 0x88, 0x00, 0xFF, 0xFF, 0x88, 0x00, 0xFF, 0xFF, 0x88, 0x00, 0xFF, 0xFF, 0x88, 0x00, 0xFF, 
  0xFF, 0x88, 0x00, 0xFF, 0xFF, 0x88, 0x00, 0xFF, 0xFF, 0x88, 0x00, 0xFF, 0xFF, 0x88, 0x00, 0xFF, 0xFF, 0x88, 0x00, 0xFF, 0xFF, 0x88, 0x00, 0xFF, 0xFF, 0x88, 0x00, 0xFF, 0xFF, 0x88, 0x00, 0xFF, 0xFF, 0x88, 0x00, 0xFF, 0xFF, 0x88, 0x00, 0xFF, 
  0xFF, 0x88, 0x00, 0xFF, 0xFF, 0x88, 0x00, 0xFF, 0xFF, 0x88, 0x00, 0xFF, 0xFF, 0x88, 0x00, 0xFF, 0xFF, 0x88, 0x00, 0xFF, 0xFF, 0x88, 0x00, 0xFF, 0xFF, 0x88, 0x00, 0xFF, 0xFF, 0x88, 0x00, 0xFF, 0xFF, 0x88, 0x00, 0xFF, 0xFF, 0x88, 0x00, 0xFF, 
  0xFF, 0x88, 0x00, 0xFF, 0xFF, 0x88, 0x00, 0xFF, 0xFF, 0x88, 0x00, 0xFF, 0xFF, 0x88, 0x00, 0xFF, 0xFF, 0x88, 0x00, 0xFF, 0xFF, 0x88, 0x00, 0xFF, 0xFF, 0x88, 0x00, 0xFF, 0xFF, 0x88, 0x00, 0xFF, 0xFF, 0x88, 0x00, 0xFF, 0xFF, 0x88, 0x00, 0xFF, 
  0xFF, 0x88, 0x00, 0xFF, 0xFF, 0x88, 0x00, 0xFF, 0xFF, 0x88, 0x00, 0xFF, 0xFF, 0x88, 0x00, 0xFF, 0xFF, 0x88, 0x00, 0xFF, 0xFF, 0x88, 0x00, 0xFF, 0xFF, 0x88, 0x00, 0xFF, 0xFF, 0x88, 0x00, 0xFF, 0xFF, 0x88, 0x00, 0xFF, 0xFF, 0x88, 0x00, 0xFF, 
  0xFF, 0x88, 0x00, 0xFF, 0xFF, 0x88, 0x00, 0xFF, 0xFF, 0x88, 0x00, 0xFF, 0xFF, 0x88, 0x00, 0xFF, 0xFF, 0x88, 0x00, 0xFF, 0xFF, 0x88, 0x00, 0xFF, 0xFF, 0x88, 0x00, 0xFF, 0xFF, 0x88, 0x00, 0xFF, 0xFF, 0x88, 0x00, 0xFF, 0xFF, 0x88, 0x00, 0xFF, 
  0xFF, 0x88, 0x00, 0xFF, 0xFF, 0x88, 0x00, 0xFF, 0xFF, 0x88, 0x00, 0xFF, 0xFF, 0x88, 0x00, 0xFF, 0xFF, 0x88, 0x00, 0xFF, 0xFF, 0x88, 0x00, 0xFF, 0xFF, 0x88, 0x00, 0xFF, 0xFF, 0x88, 0x00, 0xFF, 0xFF, 0x88, 0x00, 0xFF, 0xFF, 0x88, 0x00, 0xFF, 
  0xFF, 0x88, 0x00, 0xFF, 0xFF, 0x88, 0x00, 0xFF, 0xFF, 0x88, 0x00, 0xFF, 0xFF, 0x88, 0x00, 0xFF, 0xFF, 0x88, 0x00, 0xFF, 0xFF, 0x88, 0x00, 0xFF, 0xFF, 0x88, 0x00, 0xFF, 0xFF, 0x88, 0x00, 0xFF, 0xFF, 0x88, 0x00, 0xFF, 0xFF, 0x88, 0x00, 0xFF, 
  0xFF, 0x88, 0x00, 0xFF, 0xFF, 0x88, 0x00, 0xFF, 0xFF, 0x88, 0x00, 0xFF, 0xFF, 0x88, 0x00, 0xFF, 0xFF, 0x88, 0x00, 0xFF, 0xFF, 0x88, 0x00, 0xFF, 0xFF, 0x88, 0x00, 0xFF, 0xFF, 0x88, 0x00, 0xFF, 0xFF, 0x88, 0x00, 0xFF, 0xFF, 0x88, 0x00, 0xFF, 
  0xFF, 0x88, 0x00, 0xFF, 0xFF, 0x88, 0x00, 0xFF, 0xFF, 0x88, 0x00, 0xFF, 0xFF, 0x88, 0x00, 0xFF, 0xFF, 0x88, 0x00, 0xFF, 0xFF, 0x88, 0x00, 0xFF, 0xFF, 0x88, 0x00, 0xFF, 0xFF, 0x88, 0x00, 0xFF, 0xFF, 0x88, 0x00, 0xFF, 0xFF, 0x88, 0x00, 0x40, 
  0xFF, 0x88, 0x00, 0x00, 0x00, 0x00, 0x00, 0x00, 0xFF, 0x88, 0x00, 0x8F, 0xFF, 0x88, 0x00, 0xFF, 0xFF, 0x88, 0x00, 0xFF, 0xFF, 0x88, 0x00, 0xFF, 0xFF, 0x88, 0x00, 0xFF, 0xFF, 0x88, 0x00, 0xFF, 0xFF, 0x88, 0x00, 0xFF, 0xFF, 0x88, 0x00, 0xFF, 
  0xFF, 0x88, 0x00, 0xFF, 0xFF, 0x88, 0x00, 0xFF, 0xFF, 0x88, 0x00, 0xFF, 0xFF, 0x88, 0x00, 0xFF, 0xFF, 0x88, 0x00, 0xFF, 0xFF, 0x88, 0x00, 0xFF, 0xFF, 0x88, 0x00, 0xFF, 0xFF, 0x88, 0x00, 0xFF, 0xFF, 0x88, 0x00, 0xFF, 0xFF, 0x88, 0x00, 0xFF, 
  0xFF, 0x88, 0x00, 0xFF, 0xFF, 0x88, 0x00, 0xFF, 0xFF, 0x88, 0x00, 0xFF, 0xFF, 0x88, 0x00, 0xFF, 0xFF, 0x88, 0x00, 0xFF, 0xFF, 0x88, 0x00, 0xFF, 0xFF, 0x88, 0x00, 0xFF, 0xFF, 0x88, 0x00, 0xFF, 0xFF, 0x88, 0x00, 0xFF, 0xFF, 0x88, 0x00, 0xFF, 
  0xFF, 0x88, 0x00, 0xFF, 0xFF, 0x88, 0x00, 0xFF, 0xFF, 0x88, 0x00, 0xFF, 0xFF, 0x88, 0x00, 0xFF, 0xFF, 0x88, 0x00, 0xFF, 0xFF, 0x88, 0x00, 0xFF, 0xFF, 0x88, 0x00, 0xFF, 0xFF, 0x88, 0x00, 0xFF, 0xFF, 0x88, 0x00, 0xFF, 0xFF, 0x88, 0x00, 0xFF, 
  0xFF, 0x88, 0x00, 0xFF, 0xFF, 0x88, 0x00, 0xFF, 0xFF, 0x88, 0x00, 0xFF, 0xFF, 0x88, 0x00, 0xFF, 0xFF, 0x88, 0x00, 0xFF, 0xFF, 0x88, 0x00, 0xFF, 0xFF, 0x88, 0x00, 0xFF, 0xFF, 0x88, 0x00, 0xFF, 0xFF, 0x88, 0x00, 0xFF, 0xFF, 0x88, 0x00, 0xFF, 
  0xFF, 0x88, 0x00, 0xFF, 0xFF, 0x88, 0x00, 0xFF, 0xFF, 0x88, 0x00, 0xFF, 0xFF, 0x88, 0x00, 0xFF, 0xFF, 0x88, 0x00, 0xFF, 0xFF, 0x88, 0x00, 0xFF, 0xFF, 0x88, 0x00, 0xFF, 0xFF, 0x88, 0x00, 0xFF, 0xFF, 0x88, 0x00, 0xFF, 0xFF, 0x88, 0x00, 0xFF, 
  0xFF, 0x88, 0x00, 0xFF, 0xFF, 0x88, 0x00, 0xFF, 0xFF, 0x88, 0x00, 0xFF, 0xFF, 0x88, 0x00, 0xFF, 0xFF, 0x88, 0x00, 0xFF, 0xFF, 0x88, 0x00, 0xFF, 0xFF, 0x88, 0x00, 0xFF, 0xFF, 0x88, 0x00, 0xFF, 0xFF, 0x88, 0x00, 0xFF, 0xFF, 0x88, 0x00, 0xFF, 
  0xFF, 0x88, 0x00, 0xFF, 0xFF, 0x88, 0x00, 0xFF, 0xFF, 0x88, 0x00, 0xFF, 0xFF, 0x88, 0x00, 0xFF, 0xFF, 0x88, 0x00, 0xFF, 0xFF, 0x88, 0x00, 0xFF, 0xFF, 0x88, 0x00, 0xFF, 0xFF, 0x88, 0x00, 0xFF, 0xFF, 0x88, 0x00, 0xFF, 0xFF, 0x88, 0x00, 0xFF, 
  0xFF, 0x88, 0x00, 0xFF, 0xFF, 0x88, 0x00, 0xFF, 0xFF, 0x88, 0x00, 0xFF, 0xFF, 0x88, 0x00, 0xFF, 0xFF, 0x88, 0x00, 0xFF, 0xFF, 0x88, 0x00, 0xFF, 0xFF, 0x88, 0x00, 0xFF, 0xFF, 0x88, 0x00, 0xFF, 0xFF, 0x88, 0x00, 0xFF, 0xFF, 0x88, 0x00, 0xFF, 
  0xFF, 0x88, 0x00, 0xFF, 0xFF, 0x88, 0x00, 0xFF, 0xFF, 0x88, 0x00, 0xFF, 0xFF, 0x88, 0x00, 0xFF, 0xFF, 0x88, 0x00, 0xFF, 0xFF, 0x88, 0x00, 0xFF, 0xFF, 0x88, 0x00, 0xFF, 0xFF, 0x88, 0x00, 0xFF, 0xFF, 0x88, 0x00, 0xFF, 0xFF, 0x88, 0x00, 0xFF, 
  0xFF, 0x88, 0x00, 0x9F, 0xFF, 0x88, 0x00, 0x00, 0x00, 0x00, 0x00, 0x00, 0xFF, 0x88, 0x00, 0xDF, 0xFF, 0x88, 0x00, 0xFF, 0xFF, 0x88, 0x00, 0xFF, 0xFF, 0x88, 0x00, 0xFF, 0xFF, 0x88, 0x00, 0xFF, 0xFF, 0x88, 0x00, 0xFF, 0xFF, 0x88, 0x00, 0xFF, 
  0xFF, 0x88, 0x00, 0xFF, 0xFF, 0x88, 0x00, 0xFF, 0xFF, 0x88, 0x00, 0xFF, 0xFF, 0x88, 0x00, 0xFF, 0xFF, 0x88, 0x00, 0xFF, 0xFF, 0x88, 0x00, 0xFF, 0xFF, 0x88, 0x00, 0xFF, 0xFF, 0x88, 0x00, 0xFF, 0xFF, 0x88, 0x00, 0xFF, 0xFF, 0x88, 0x00, 0xFF, 
  0xFF, 0x88, 0x00, 0xFF, 0xFF, 0x88, 0x00, 0xFF, 0xFF, 0x88, 0x00, 0xFF, 0xFF, 0x88, 0x00, 0xFF, 0xFF, 0x88, 0x00, 0xFF, 0xFF, 0x88, 0x00, 0xFF, 0xFF, 0x88, 0x00, 0xFF, 0xFF, 0x88, 0x00, 0xFF, 0xFF, 0x88, 0x00, 0xFF, 0xFF, 0x88, 0x00, 0xFF, 
  0xFF, 0x88, 0x00, 0xFF, 0xFF, 0x88, 0x00, 0xFF, 0xFF, 0x88, 0x00, 0xFF, 0xFF, 0x88, 0x00, 0xFF, 0xFF, 0x88, 0x00, 0xFF, 0xFF, 0x88, 0x00, 0xFF, 0xFF, 0x88, 0x00, 0xFF, 0xFF, 0x88, 0x00, 0xFF, 0xFF, 0x88, 0x00, 0xFF, 0xFF, 0x88, 0x00, 0xFF, 
  0xFF, 0x88, 0x00, 0xFF, 0xFF, 0x88, 0x00, 0xFF, 0xFF, 0x88, 0x00, 0xFF, 0xFF, 0x88, 0x00, 0xFF, 0xFF, 0x88, 0x00, 0xFF, 0xFF, 0x88, 0x00, 0xFF, 0xFF, 0x88, 0x00, 0xFF, 0xFF, 0x88, 0x00, 0xFF, 0xFF, 0x88, 0x00, 0xFF, 0xFF, 0x88, 0x00, 0xFF, 
  0xFF, 0x88, 0x00, 0xFF, 0xFF, 0x88, 0x00, 0xFF, 0xFF, 0x88, 0x00, 0xFF, 0xFF, 0x88, 0x00, 0xFF, 0xFF, 0x88, 0x00, 0xFF, 0xFF, 0x88, 0x00, 0xFF, 0xFF, 0x88, 0x00, 0xFF, 0xFF, 0x88, 0x00, 0xFF, 0xFF, 0x88, 0x00, 0xFF, 0xFF, 0x88, 0x00, 0xFF, 
  0xFF, 0x88, 0x00, 0xFF, 0xFF, 0x88, 0x00, 0xFF, 0xFF, 0x88, 0x00, 0xFF, 0xFF, 0x88, 0x00, 0xFF, 0xFF, 0x88, 0x00, 0xFF, 0xFF, 0x88, 0x00, 0xFF, 0xFF, 0x88, 0x00, 0xFF, 0xFF, 0x88, 0x00, 0xFF, 0xFF, 0x88, 0x00, 0xFF, 0xFF, 0x88, 0x00, 0xFF, 
  0xFF, 0x88, 0x00, 0xFF, 0xFF, 0x88, 0x00, 0xFF, 0xFF, 0x88, 0x00, 0xFF, 0xFF, 0x88, 0x00, 0xFF, 0xFF, 0x88, 0x00, 0xFF, 0xFF, 0x88, 0x00, 0xFF, 0xFF, 0x88, 0x00, 0xFF, 0xFF, 0x88, 0x00, 0xFF, 0xFF, 0x88, 0x00, 0xFF, 0xFF, 0x88, 0x00, 0xFF, 
  0xFF, 0x88, 0x00, 0xFF, 0xFF, 0x88, 0x00, 0xFF, 0xFF, 0x88, 0x00, 0xFF, 0xFF, 0x88, 0x00, 0xFF, 0xFF, 0x88, 0x00, 0xFF, 0xFF, 0x88, 0x00, 0xFF, 0xFF, 0x88, 0x00, 0xFF, 0xFF, 0x88, 0x00, 0xFF, 0xFF, 0x88, 0x00, 0xFF, 0xFF, 0x88, 0x00, 0xFF, 
  0xFF, 0x88, 0x00, 0xFF, 0xFF, 0x88, 0x00, 0xFF, 0xFF, 0x88, 0x00, 0xFF, 0xFF, 0x88, 0x00, 0xFF, 0xFF, 0x88, 0x00, 0xFF, 0xFF, 0x88, 0x00, 0xFF, 0xFF, 0x88, 0x00, 0xFF, 0xFF, 0x88, 0x00, 0xFF, 0xFF, 0x88, 0x00, 0xFF, 0xFF, 0x88, 0x00, 0xFF, 
  0xFF, 0x88, 0x00, 0xFF, 0xFF, 0x88, 0x00, 0xFF, 0xFF, 0x88, 0x00, 0x10, 0xFF, 0x88, 0x00, 0x30, 0xFF, 0x88, 0x00, 0xFF, 0xFF, 0x88, 0x00, 0xFF, 0xFF, 0x88, 0x00, 0xFF, 0xFF, 0x88, 0x00, 0xFF, 0xFF, 0x88, 0x00, 0xFF, 0xFF, 0x88, 0x00, 0xFF, 
  0xFF, 0x88, 0x00, 0xFF, 0xFF, 0x88, 0x00, 0xFF, 0xFF, 0x88, 0x00, 0xFF, 0xFF, 0x88, 0x00, 0xFF, 0xFF, 0x88, 0x00, 0xFF, 0xFF, 0x88, 0x00, 0xFF, 0xFF, 0x88, 0x00, 0xFF, 0xFF, 0x88, 0x00, 0xFF, 0xFF, 0x88, 0x00, 0xFF, 0xFF, 0x88, 0x00, 0xFF, 
  0xFF, 0x88, 0x00, 0xFF, 0xFF, 0x88, 0x00, 0xFF, 0xFF, 0x88, 0x00, 0xFF, 0xFF, 0x88, 0x00, 0xFF, 0xFF, 0x88, 0x00, 0xFF, 0xFF, 0x88, 0x00, 0xFF, 0xFF, 0x88, 0x00, 0xFF, 0xFF, 0x88, 0x00, 0xFF, 0xFF, 0x88, 0x00, 0xFF, 0xFF, 0x88, 0x00, 0xFF, 
  0xFF, 0x88, 0x00, 0xFF, 0xFF, 0x88, 0x00, 0xFF, 0xFF, 0x88, 0x00, 0xFF, 0xFF, 0x88, 0x00, 0xFF, 0xFF, 0x88, 0x00, 0xFF, 0xFF, 0x88, 0x00, 0xFF, 0xFF, 0x88, 0x00, 0xFF, 0xFF, 0x88, 0x00, 0xFF, 0xFF, 0x88, 0x00, 0xFF, 0xFF, 0x88, 0x00, 0xFF, 
  0xFF, 0x88, 0x00, 0xFF, 0xFF, 0x88, 0x00, 0xFF, 0xFF, 0x88, 0x00, 0xFF, 0xFF, 0x88, 0x00, 0xFF, 0xFF, 0x88, 0x00, 0xFF, 0xFF, 0x88, 0x00, 0xFF, 0xFF, 0x88, 0x00, 0xFF, 0xFF, 0x88, 0x00, 0xFF, 0xFF, 0x88, 0x00, 0xFF, 0xFF, 0x88, 0x00, 0xFF, 
  0xFF, 0x88, 0x00, 0xFF, 0xFF, 0x88, 0x00, 0xFF, 0xFF, 0x88, 0x00, 0xFF, 0xFF, 0x88, 0x00, 0xFF, 0xFF, 0x88, 0x00, 0xFF, 0xFF, 0x88, 0x00, 0xFF, 0xFF, 0x88, 0x00, 0xFF, 0xFF, 0x88, 0x00, 0xFF, 0xFF, 0x88, 0x00, 0xFF, 0xFF, 0x88, 0x00, 0xFF, 
  0xFF, 0x88, 0x00, 0xFF, 0xFF, 0x88, 0x00, 0xFF, 0xFF, 0x88, 0x00, 0xFF, 0xFF, 0x88, 0x00, 0xFF, 0xFF, 0x88, 0x00, 0xFF, 0xFF, 0x88, 0x00, 0xFF, 0xFF, 0x88, 0x00, 0xFF, 0xFF, 0x88, 0x00, 0xFF, 0xFF, 0x88, 0x00, 0xFF, 0xFF, 0x88, 0x00, 0xFF, 
  0xFF, 0x88, 0x00, 0xFF, 0xFF, 0x88, 0x00, 0xFF, 0xFF, 0x88, 0x00, 0xFF, 0xFF, 0x88, 0x00, 0xFF, 0xFF, 0x88, 0x00, 0xFF, 0xFF, 0x88, 0x00, 0xFF, 0xFF, 0x88, 0x00, 0xFF, 0xFF, 0x88, 0x00, 0xFF, 0xFF, 0x88, 0x00, 0xFF, 0xFF, 0x88, 0x00, 0xFF, 
  0xFF, 0x88, 0x00, 0xFF, 0xFF, 0x88, 0x00, 0xFF, 0xFF, 0x88, 0x00, 0xFF, 0xFF, 0x88, 0x00, 0xFF, 0xFF, 0x88, 0x00, 0xFF, 0xFF, 0x88, 0x00, 0xFF, 0xFF, 0x88, 0x00, 0xFF, 0xFF, 0x88, 0x00, 0xFF, 0xFF, 0x88, 0x00, 0xFF, 0xFF, 0x88, 0x00, 0xFF, 
  0xFF, 0x88, 0x00, 0xFF, 0xFF, 0x88, 0x00, 0xFF, 0xFF, 0x88, 0x00, 0xFF, 0xFF, 0x88, 0x00, 0xFF, 0xFF, 0x88, 0x00, 0xFF, 0xFF, 0x88, 0x00, 0xFF, 0xFF, 0x88, 0x00, 0xFF, 0xFF, 0x88, 0x00, 0xFF, 0xFF, 0x88, 0x00, 0xFF, 0xFF, 0x88, 0x00, 0xFF, 
  0xFF, 0x88, 0x00, 0xFF, 0xFF, 0x88, 0x00, 0xFF, 0xFF, 0x88, 0x00, 0xFF, 0xFF, 0x88, 0x00, 0x50, 0xFF, 0x88, 0x00, 0x80, 0xFF, 0x88, 0x00, 0xFF, 0xFF, 0x88, 0x00, 0xFF, 0xFF, 0x88, 0x00, 0xFF, 0xFF, 0x88, 0x00, 0xFF, 0xFF, 0x88, 0x00, 0xFF, 
  0xFF, 0x88, 0x00, 0xFF, 0xFF, 0x88, 0x00, 0xFF, 0xFF, 0x88, 0x00, 0xFF, 0xFF, 0x88, 0x00, 0xFF, 0xFF, 0x88, 0x00, 0xFF, 0xFF, 0x88, 0x00, 0xFF, 0xFF, 0x88, 0x00, 0xFF, 0xFF, 0x88, 0x00, 0xFF, 0xFF, 0x88, 0x00, 0xFF, 0xFF, 0x88, 0x00, 0xFF, 
  0xFF, 0x88, 0x00, 0xFF, 0xFF, 0x88, 0x00, 0xFF, 0xFF, 0x88, 0x00, 0xFF, 0xFF, 0x88, 0x00, 0xFF, 0xFF, 0x88, 0x00, 0xFF, 0xFF, 0x88, 0x00, 0xFF, 0xFF, 0x88, 0x00, 0xFF, 0xFF, 0x88, 0x00, 0xFF, 0xFF, 0x88, 0x00, 0xFF, 0xFF, 0x88, 0x00, 0xFF, 
  0xFF, 0x88, 0x00, 0xFF, 0xFF, 0x88, 0x00, 0xFF, 0xFF, 0x88, 0x00, 0xFF, 0xFF, 0x88, 0x00, 0xFF, 0xFF, 0x88, 0x00, 0xFF, 0xFF, 0x88, 0x00, 0xFF, 0xFF, 0x88, 0x00, 0xFF, 0xFF, 0x88, 0x00, 0xFF, 0xFF, 0x88, 0x00, 0xFF, 0xFF, 0x88, 0x00, 0xFF, 
  0xFF, 0x88, 0x00, 0xFF, 0xFF, 0x88, 0x00, 0xFF, 0xFF, 0x88, 0x00, 0xFF, 0xFF, 0x88, 0x00, 0xFF, 0xFF, 0x88, 0x00, 0xFF, 0xFF, 0x88, 0x00, 0xFF, 0xFF, 0x88, 0x00, 0xFF, 0xFF, 0x88, 0x00, 0xFF, 0xFF, 0x88, 0x00, 0xFF, 0xFF, 0x88, 0x00, 0xFF, 
  0xFF, 0x88, 0x00, 0xFF, 0xFF, 0x88, 0x00, 0xFF, 0xFF, 0x88, 0x00, 0xFF, 0xFF, 0x88, 0x00, 0xFF, 0xFF, 0x88, 0x00, 0xFF, 0xFF, 0x88, 0x00, 0xFF, 0xFF, 0x88, 0x00, 0xFF, 0xFF, 0x88, 0x00, 0xFF, 0xFF, 0x88, 0x00, 0xFF, 0xFF, 0x88, 0x00, 0xFF, 
  0xFF, 0x88, 0x00, 0xFF, 0xFF, 0x88, 0x00, 0xFF, 0xFF, 0x88, 0x00, 0xFF, 0xFF, 0x88, 0x00, 0xFF, 0xFF, 0x88, 0x00, 0xFF, 0xFF, 0x88, 0x00, 0xFF, 0xFF, 0x88, 0x00, 0xFF, 0xFF, 0x88, 0x00, 0xFF, 0xFF, 0x88, 0x00, 0xFF, 0xFF, 0x88, 0x00, 0xFF, 
  0xFF, 0x88, 0x00, 0xFF, 0xFF, 0x88, 0x00, 0xFF, 0xFF, 0x88, 0x00, 0xFF, 0xFF, 0x88, 0x00, 0xFF, 0xFF, 0x88, 0x00, 0xFF, 0xFF, 0x88, 0x00, 0xFF, 0xFF, 0x88, 0x00, 0xFF, 0xFF, 0x88, 0x00, 0xFF, 0xFF, 0x88, 0x00, 0xFF, 0xFF, 0x88, 0x00, 0xFF, 
  0xFF, 0x88, 0x00, 0xFF, 0xFF, 0x88, 0x00, 0xFF, 0xFF, 0x88, 0x00, 0xFF, 0xFF, 0x88, 0x00, 0xFF, 0xFF, 0x88, 0x00, 0xFF, 0xFF, 0x88, 0x00, 0xFF, 0xFF, 0x88, 0x00, 0xFF, 0xFF, 0x88, 0x00, 0xFF, 0xFF, 0x88, 0x00, 0xFF, 0xFF, 0x88, 0x00, 0xFF, 
  0xFF, 0x88, 0x00, 0xFF, 0xFF, 0x88, 0x00, 0xFF, 0xFF, 0x88, 0x00, 0xFF, 0xFF, 0x88, 0x00, 0xFF, 0xFF, 0x88, 0x00, 0xFF, 0xFF, 0x88, 0x00, 0xFF, 0xFF, 0x88, 0x00, 0xFF, 0xFF, 0x88, 0x00, 0xFF, 0xFF, 0x88, 0x00, 0xFF, 0xFF, 0x88, 0x00, 0xFF, 
  0xFF, 0x88, 0x00, 0xFF, 0xFF, 0x88, 0x00, 0xFF, 0xFF, 0x88, 0x00, 0xFF, 0xFF, 0x88, 0x00, 0xFF, 0xFF, 0x88, 0x00, 0x8F, 0xFF, 0x88, 0x00, 0xBF, 0xFF, 0x88, 0x00, 0xFF, 0xFF, 0x88, 0x00, 0xFF, 0xFF, 0x88, 0x00, 0xFF, 0xFF, 0x88, 0x00, 0xFF, 
  0xFF, 0x88, 0x00, 0xFF, 0xFF, 0x88, 0x00, 0xFF, 0xFF, 0x88, 0x00, 0xFF, 0xFF, 0x88, 0x00, 0xFF, 0xFF, 0x88, 0x00, 0xFF, 0xFF, 0x88, 0x00, 0xFF, 0xFF, 0x88, 0x00, 0xFF, 0xFF, 0x88, 0x00, 0xFF, 0xFF, 0x88, 0x00, 0xFF, 0xFF, 0x88, 0x00, 0xFF, 
  0xFF, 0x88, 0x00, 0xFF, 0xFF, 0x88, 0x00, 0xFF, 0xFF, 0x88, 0x00, 0xFF, 0xFF, 0x88, 0x00, 0xFF, 0xFF, 0x88, 0x00, 0xFF, 0xFF, 0x88, 0x00, 0xFF, 0xFF, 0x88, 0x00, 0xFF, 0xFF, 0x88, 0x00, 0xFF, 0xFF, 0x88, 0x00, 0xFF, 0xFF, 0x88, 0x00, 0xFF, 
  0xFF, 0x88, 0x00, 0xFF, 0xFF, 0x88, 0x00, 0xFF, 0xFF, 0x88, 0x00, 0xFF, 0xFF, 0x88, 0x00, 0xFF, 0xFF, 0x88, 0x00, 0xFF, 0xFF, 0x88, 0x00, 0xFF, 0xFF, 0x88, 0x00, 0xFF, 0xFF, 0x88, 0x00, 0xFF, 0xFF, 0x88, 0x00, 0xFF, 0xFF, 0x88, 0x00, 0xFF, 
  0xFF, 0x88, 0x00, 0xFF, 0xFF, 0x88, 0x00, 0xFF, 0xFF, 0x88, 0x00, 0xFF, 0xFF, 0x88, 0x00, 0xFF, 0xFF, 0x88, 0x00, 0xFF, 0xFF, 0x88, 0x00, 0xFF, 0xFF, 0x88, 0x00, 0xFF, 0xFF, 0x88, 0x00, 0xFF, 0xFF, 0x88, 0x00, 0xFF, 0xFF, 0x88, 0x00, 0xFF, 
  0xFF, 0x88, 0x00, 0xFF, 0xFF, 0x88, 0x00, 0xFF, 0xFF, 0x88, 0x00, 0xFF, 0xFF, 0x88, 0x00, 0xFF, 0xFF, 0x88, 0x00, 0xFF, 0xFF, 0x88, 0x00, 0xFF, 0xFF, 0x88, 0x00, 0xFF, 0xFF, 0x88, 0x00, 0xFF, 0xFF, 0x88, 0x00, 0xFF, 0xFF, 0x88, 0x00, 0xFF, 
  0xFF, 0x88, 0x00, 0xFF, 0xFF, 0x88, 0x00, 0xFF, 0xFF, 0x88, 0x00, 0xFF, 0xFF, 0x88, 0x00, 0xFF, 0xFF, 0x88, 0x00, 0xFF, 0xFF, 0x88, 0x00, 0xFF, 0xFF, 0x88, 0x00, 0xFF, 0xFF, 0x88, 0x00, 0xFF, 0xFF, 0x88, 0x00, 0xFF, 0xFF, 0x88, 0x00, 0xFF, 
  0xFF, 0x88, 0x00, 0xFF, 0xFF, 0x88, 0x00, 0xFF, 0xFF, 0x88, 0x00, 0xFF, 0xFF, 0x88, 0x00, 0xFF, 0xFF, 0x88, 0x00, 0xFF, 0xFF, 0x88, 0x00, 0xFF, 0xFF, 0x88, 0x00, 0xFF, 0xFF, 0x88, 0x00, 0xFF, 0xFF, 0x88, 0x00, 0xFF, 0xFF, 0x88, 0x00, 0xFF, 
  0xFF, 0x88, 0x00, 0xFF, 0xFF, 0x88, 0x00, 0xFF, 0xFF, 0x88, 0x00, 0xFF, 0xFF, 0x88, 0x00, 0xFF, 0xFF, 0x88, 0x00, 0xFF, 0xFF, 0x88, 0x00, 0xFF, 0xFF, 0x88, 0x00, 0xFF, 0xFF, 0x88, 0x00, 0xFF, 0xFF, 0x88, 0x00, 0xFF, 0xFF, 0x88, 0x00, 0xFF, 
  0xFF, 0x88, 0x00, 0xFF, 0xFF, 0x88, 0x00, 0xFF, 0xFF, 0x88, 0x00, 0xFF, 0xFF, 0x88, 0x00, 0xFF, 0xFF, 0x88, 0x00, 0xFF, 0xFF, 0x88, 0x00, 0xFF, 0xFF, 0x88, 0x00, 0xFF, 0xFF, 0x88, 0x00, 0xFF, 0xFF, 0x88, 0x00, 0xFF, 0xFF, 0x88, 0x00, 0xFF, 
  0xFF, 0x88, 0x00, 0xFF, 0xFF, 0x88, 0x00, 0xFF, 0xFF, 0x88, 0x00, 0xFF, 0xFF, 0x88, 0x00, 0xFF, 0xFF, 0x88, 0x00, 0xFF, 0xFF, 0x88, 0x00, 0xCF, 0xFF, 0x88, 0x00, 0xDF, 0xFF, 0x88, 0x00, 0xFF, 0xFF, 0x88, 0x00, 0xFF, 0xFF, 0x88, 0x00, 0xFF, 
  0xFF, 0x88, 0x00, 0xFF, 0xFF, 0x88, 0x00, 0xFF, 0xFF, 0x88, 0x00, 0xFF, 0xFF, 0x88, 0x00, 0xFF, 0xFF, 0x88, 0x00, 0xFF, 0xFF, 0x88, 0x00, 0xFF, 0xFF, 0x88, 0x00, 0xFF, 0xFF, 0x88, 0x00, 0xFF, 0xFF, 0x88, 0x00, 0xFF, 0xFF, 0x88, 0x00, 0xFF, 
  0xFF, 0x88, 0x00, 0xFF, 0xFF, 0x88, 0x00, 0xFF, 0xFF, 0x88, 0x00, 0xFF, 0xFF, 0x88, 0x00, 0xFF, 0xFF, 0x88, 0x00, 0xFF, 0xFF, 0x88, 0x00, 0xFF, 0xFF, 0x88, 0x00, 0xFF, 0xFF, 0x88, 0x00, 0xFF, 0xFF, 0x88, 0x00, 0xFF, 0xFF, 0x88, 0x00, 0xFF, 
  0xFF, 0x88, 0x00, 0xFF, 0xFF, 0x88, 0x00, 0xFF, 0xFF, 0x88, 0x00, 0xFF, 0xFF, 0x88, 0x00, 0xFF, 0xFF, 0x88, 0x00, 0xFF, 0xFF, 0x88, 0x00, 0xFF, 0xFF, 0x88, 0x00, 0xFF, 0xFF, 0x88, 0x00, 0xFF, 0xFF, 0x88, 0x00, 0xFF, 0xFF, 0x88, 0x00, 0xFF, 
  0xFF, 0x88, 0x00, 0xFF, 0xFF, 0x88, 0x00, 0xFF, 0xFF, 0x88, 0x00, 0xFF, 0xFF, 0x88, 0x00, 0xFF, 0xFF, 0x88, 0x00, 0xFF, 0xFF, 0x88, 0x00, 0xFF, 0xFF, 0x88, 0x00, 0xFF, 0xFF, 0x88, 0x00, 0xFF, 0xFF, 0x88, 0x00, 0xFF, 0xFF, 0x88, 0x00, 0xFF, 
  0xFF, 0x88, 0x00, 0xFF, 0xFF, 0x88, 0x00, 0xFF, 0xFF, 0x88, 0x00, 0xFF, 0xFF, 0x88, 0x00, 0xFF, 0xFF, 0x88, 0x00, 0xFF, 0xFF, 0x88, 0x00, 0xFF, 0xFF, 0x88, 0x00, 0xFF, 0xFF, 0x88, 0x00, 0xFF, 0xFF, 0x88, 0x00, 0xFF, 0xFF, 0x88, 0x00, 0xFF, 
  0xFF, 0x88, 0x00, 0xFF, 0xFF, 0x88, 0x00, 0xFF, 0xFF, 0x88, 0x00, 0xFF, 0xFF, 0x88, 0x00, 0xFF, 0xFF, 0x88, 0x00, 0xFF, 0xFF, 0x88, 0x00, 0xFF, 0xFF, 0x88, 0x00, 0xFF, 0xFF, 0x88, 0x00, 0xFF, 0xFF, 0x88, 0x00, 0xFF, 0xFF, 0x88, 0x00, 0xFF, 
  0xFF, 0x88, 0x00, 0xFF, 0xFF, 0x88, 0x00, 0xFF, 0xFF, 0x88, 0x00, 0xFF, 0xFF, 0x88, 0x00, 0xFF, 0xFF, 0x88, 0x00, 0xFF, 0xFF, 0x88, 0x00, 0xFF, 0xFF, 0x88, 0x00, 0xFF, 0xFF, 0x88, 0x00, 0xFF, 0xFF, 0x88, 0x00, 0xFF, 0xFF, 0x88, 0x00, 0xFF, 
  0xFF, 0x88, 0x00, 0xFF, 0xFF, 0x88, 0x00, 0xFF, 0xFF, 0x88, 0x00, 0xFF, 0xFF, 0x88, 0x00, 0xFF, 0xFF, 0x88, 0x00, 0xFF, 0xFF, 0x88, 0x00, 0xFF, 0xFF, 0x88, 0x00, 0xFF, 0xFF, 0x88, 0x00, 0xFF, 0xFF, 0x88, 0x00, 0xFF, 0xFF, 0x88, 0x00, 0xFF, 
  0xFF, 0x88, 0x00, 0xFF, 0xFF, 0x88, 0x00, 0xFF, 0xFF, 0x88, 0x00, 0xFF, 0xFF, 0x88, 0x00, 0xFF, 0xFF, 0x88, 0x00, 0xFF, 0xFF, 0x88, 0x00, 0xFF, 0xFF, 0x88, 0x00, 0xFF, 0xFF, 0x88, 0x00, 0xFF, 0xFF, 0x88, 0x00, 0xFF, 0xFF, 0x88, 0x00, 0xFF, 
  0xFF, 0x88, 0x00, 0xFF, 0xFF, 0x88, 0x00, 0xFF, 0xFF, 0x88, 0x00, 0xFF, 0xFF, 0x88, 0x00, 0xFF, 0xFF, 0x88, 0x00, 0xFF, 0xFF, 0x88, 0x00, 0xFF, 0xFF, 0x88, 0x00, 0xFF, 0xFF, 0x88, 0x00, 0xFF, 0xFF, 0x88, 0x00, 0xFF, 0xFF, 0x88, 0x00, 0xFF, 
  0xFF, 0x88, 0x00, 0xFF, 0xFF, 0x88, 0x00, 0xFF, 0xFF, 0x88, 0x00, 0xFF, 0xFF, 0x88, 0x00, 0xFF, 0xFF, 0x88, 0x00, 0xFF, 0xFF, 0x88, 0x00, 0xFF, 0xFF, 0x88, 0x00, 0xFF, 0xFF, 0x88, 0x00, 0xFF, 0xFF, 0x88, 0x00, 0xFF, 0xFF, 0x88, 0x00, 0xFF, 
  0xFF, 0x88, 0x00, 0xFF, 0xFF, 0x88, 0x00, 0xFF, 0xFF, 0x88, 0x00, 0xFF, 0xFF, 0x88, 0x00, 0xFF, 0xFF, 0x88, 0x00, 0xFF, 0xFF, 0x88, 0x00, 0xFF, 0xFF, 0x88, 0x00, 0xFF, 0xFF, 0x88, 0x00, 0xFF, 0xFF, 0x88, 0x00, 0xFF, 0xFF, 0x88, 0x00, 0xFF, 
  0xFF, 0x88, 0x00, 0xFF, 0xFF, 0x88, 0x00, 0xFF, 0xFF, 0x88, 0x00, 0xFF, 0xFF, 0x88, 0x00, 0xFF, 0xFF, 0x88, 0x00, 0xFF, 0xFF, 0x88, 0x00, 0xFF, 0xFF, 0x88, 0x00, 0xFF, 0xFF, 0x88, 0x00, 0xFF, 0xFF, 0x88, 0x00, 0xFF, 0xFF, 0x88, 0x00, 0xFF, 
  0xFF, 0x88, 0x00, 0xFF, 0xFF, 0x88, 0x00, 0xFF, 0xFF, 0x88, 0x00, 0xFF, 0xFF, 0x88, 0x00, 0xFF, 0xFF, 0x88, 0x00, 0xFF, 0xFF, 0x88, 0x00, 0xFF, 0xFF, 0x88, 0x00, 0xFF, 0xFF, 0x88, 0x00, 0xFF, 0xFF, 0x88, 0x00, 0xFF, 0xFF, 0x88, 0x00, 0xFF, 
  0xFF, 0x88, 0x00, 0xFF, 0xFF, 0x88, 0x00, 0xFF, 0xFF, 0x88, 0x00, 0xFF, 0xFF, 0x88, 0x00, 0xFF, 0xFF, 0x88, 0x00, 0xFF, 0xFF, 0x88, 0x00, 0xFF, 0xFF, 0x88, 0x00, 0xFF, 0xFF, 0x88, 0x00, 0xFF, 0xFF, 0x88, 0x00, 0xFF, 0xFF, 0x88, 0x00, 0xFF, 
  0xFF, 0x88, 0x00, 0xFF, 0xFF, 0x88, 0x00, 0xFF, 0xFF, 0x88, 0x00, 0xFF, 0xFF, 0x88, 0x00, 0xFF, 0xFF, 0x88, 0x00, 0xFF, 0xFF, 0x88, 0x00, 0xFF, 0xFF, 0x88, 0x00, 0xFF, 0xFF, 0x88, 0x00, 0xFF, 0xFF, 0x88, 0x00, 0xFF, 0xFF, 0x88, 0x00, 0xFF, 
  0xFF, 0x88, 0x00, 0xFF, 0xFF, 0x88, 0x00, 0xFF, 0xFF, 0x88, 0x00, 0xFF, 0xFF, 0x88, 0x00, 0xFF, 0xFF, 0x88, 0x00, 0xFF, 0xFF, 0x88, 0x00, 0xFF, 0xFF, 0x88, 0x00, 0xFF, 0xFF, 0x88, 0x00, 0xFF, 0xFF, 0x88, 0x00, 0xFF, 0xFF, 0x88, 0x00, 0xFF, 
  0xFF, 0x88, 0x00, 0xFF, 0xFF, 0x88, 0x00, 0xFF, 0xFF, 0x88, 0x00, 0xFF, 0xFF, 0x88, 0x00, 0xFF, 0xFF, 0x88, 0x00, 0xFF, 0xFF, 0x88, 0x00, 0xFF, 0xFF, 0x88, 0x00, 0xFF, 0xFF, 0x88, 0x00, 0xFF, 0xFF, 0x88, 0x00, 0xFF, 0xFF, 0x88, 0x00, 0xFF, 
  0xFF, 0x88, 0x00, 0xFF, 0xFF, 0x88, 0x00, 0xFF, 0xFF, 0x88, 0x00, 0xFF, 0xFF, 0x88, 0x00, 0xFF, 0xFF, 0x88, 0x00, 0xFF, 0xFF, 0x88, 0x00, 0xFF, 0xFF, 0x88, 0x00, 0xFF, 0xFF, 0x88, 0x00, 0xFF, 0xFF, 0x88, 0x00, 0xFF, 0xFF, 0x88, 0x00, 0xFF, 
  0xFF, 0x88, 0x00, 0xFF, 0xFF, 0x88, 0x00, 0xFF, 0xFF, 0x88, 0x00, 0xFF, 0xFF, 0x88, 0x00, 0xFF, 0xFF, 0x88, 0x00, 0xFF, 0xFF, 0x88, 0x00, 0xFF, 0xFF, 0x88, 0x00, 0xFF, 0xFF, 0x88, 0x00, 0xFF, 0xFF, 0x88, 0x00, 0xFF, 0xFF, 0x88, 0x00, 0xFF, 
  0xFF, 0x88, 0x00, 0xFF, 0xFF, 0x88, 0x00, 0xFF, 0xFF, 0x88, 0x00, 0xFF, 0xFF, 0x88, 0x00, 0xFF, 0xFF, 0x88, 0x00, 0xFF, 0xFF, 0x88, 0x00, 0xFF, 0xFF, 0x88, 0x00, 0xFF, 0xFF, 0x88, 0x00, 0xFF, 0xFF, 0x88, 0x00, 0xFF, 0xFF, 0x88, 0x00, 0xFF, 
  0xFF, 0x88, 0x00, 0xFF, 0xFF, 0x88, 0x00, 0xFF, 0xFF, 0x88, 0x00, 0xFF, 0xFF, 0x88, 0x00, 0xFF, 0xFF, 0x88, 0x00, 0xFF, 0xFF, 0x88, 0x00, 0xFF, 0xFF, 0x88, 0x00, 0xFF, 0xFF, 0x88, 0x00, 0xFF, 0xFF, 0x88, 0x00, 0xFF, 0xFF, 0x88, 0x00, 0xFF, 
  0xFF, 0x88, 0x00, 0xFF, 0xFF, 0x88, 0x00, 0xFF, 0xFF, 0x88, 0x00, 0xFF, 0xFF, 0x88, 0x00, 0xFF, 0xFF, 0x88, 0x00, 0xFF, 0xFF, 0x88, 0x00, 0xFF, 0xFF, 0x88, 0x00, 0xFF, 0xFF, 0x88, 0x00, 0xFF, 0xFF, 0x88, 0x00, 0xFF, 0xFF, 0x88, 0x00, 0xFF, 
  0xFF, 0x88, 0x00, 0xFF, 0xFF, 0x88, 0x00, 0xFF, 0xFF, 0x88, 0x00, 0xFF, 0xFF, 0x88, 0x00, 0xFF, 0xFF, 0x88, 0x00, 0xFF, 0xFF, 0x88, 0x00, 0xFF, 0xFF, 0x88, 0x00, 0xFF, 0xFF, 0x88, 0x00, 0xFF, 0xFF, 0x88, 0x00, 0xFF, 0xFF, 0x88, 0x00, 0xFF, 
  0xFF, 0x88, 0x00, 0xFF, 0xFF, 0x88, 0x00, 0xFF, 0xFF, 0x88, 0x00, 0xFF, 0xFF, 0x88, 0x00, 0xFF, 0xFF, 0x88, 0x00, 0xFF, 0xFF, 0x88, 0x00, 0xFF, 0xFF, 0x88, 0x00, 0xFF, 0xFF, 0x88, 0x00, 0xFF, 0xFF, 0x88, 0x00, 0xFF, 0xFF, 0x88, 0x00, 0xFF, 
  0xFF, 0x88, 0x00, 0xFF, 0xFF, 0x88, 0x00, 0xFF, 0xFF, 0x88, 0x00, 0xFF, 0xFF, 0x88, 0x00, 0xFF, 0xFF, 0x88, 0x00, 0xFF, 0xFF, 0x88, 0x00, 0xFF, 0xFF, 0x88, 0x00, 0xFF, 0xFF, 0x88, 0x00, 0xFF, 0xFF, 0x88, 0x00, 0xFF, 0xFF, 0x88, 0x00, 0xFF, 
  0xFF, 0x88, 0x00, 0xFF, 0xFF, 0x88, 0x00, 0xFF, 0xFF, 0x88, 0x00, 0xFF, 0xFF, 0x88, 0x00, 0xFF, 0xFF, 0x88, 0x00, 0xFF, 0xFF, 0x88, 0x00, 0xFF, 0xFF, 0x88, 0x00, 0xFF, 0xFF, 0x88, 0x00, 0xFF, 0xFF, 0x88, 0x00, 0xFF, 0xFF, 0x88, 0x00, 0xFF, 
  0xFF, 0x88, 0x00, 0xFF, 0xFF, 0x88, 0x00, 0xFF, 0xFF, 0x88, 0x00, 0xFF, 0xFF, 0x88, 0x00, 0xFF, 0xFF, 0x88, 0x00, 0xFF, 0xFF, 0x88, 0x00, 0xFF, 0xFF, 0x88, 0x00, 0xFF, 0xFF, 0x88, 0x00, 0xFF, 0xFF, 0x88, 0x00, 0xFF, 0xFF, 0x88, 0x00, 0xFF, 
  0xFF, 0x88, 0x00, 0xFF, 0xFF, 0x88, 0x00, 0xFF, 0xFF, 0x88, 0x00, 0xFF, 0xFF, 0x88, 0x00, 0xFF, 0xFF, 0x88, 0x00, 0xFF, 0xFF, 0x88, 0x00, 0xFF, 0xFF, 0x88, 0x00, 0xFF, 0xFF, 0x88, 0x00, 0xFF, 0xFF, 0x88, 0x00, 0xFF, 0xFF, 0x88, 0x00, 0xFF, 
  0xFF, 0x88, 0x00, 0xFF, 0xFF, 0x88, 0x00, 0xFF, 0xFF, 0x88, 0x00, 0xFF, 0xFF, 0x88, 0x00, 0xFF, 0xFF, 0x88, 0x00, 0xFF, 0xFF, 0x88, 0x00, 0xFF, 0xFF, 0x88, 0x00, 0xFF, 0xFF, 0x88, 0x00, 0xFF, 0xFF, 0x88, 0x00, 0xFF, 0xFF, 0x88, 0x00, 0xFF, 
  0xFF, 0x88, 0x00, 0xFF, 0xFF, 0x88, 0x00, 0xFF, 0xFF, 0x88, 0x00, 0xFF, 0xFF, 0x88, 0x00, 0xFF, 0xFF, 0x88, 0x00, 0xFF, 0xFF, 0x88, 0x00, 0xFF, 0xFF, 0x88, 0x00, 0xFF, 0xFF, 0x88, 0x00, 0xFF, 0xFF, 0x88, 0x00, 0xFF, 0xFF, 0x88, 0x00, 0xFF, 
  0xFF, 0x88, 0x00, 0xFF, 0xFF, 0x88, 0x00, 0xFF, 0xFF, 0x88, 0x00, 0xFF, 0xFF, 0x88, 0x00, 0xFF, 0xFF, 0x88, 0x00, 0xFF, 0xFF, 0x88, 0x00, 0xFF, 0xFF, 0x88, 0x00, 0xFF, 0xFF, 0x88, 0x00, 0xFF, 0xFF, 0x88, 0x00, 0xFF, 0xFF, 0x88, 0x00, 0xFF, 
  0xFF, 0x88, 0x00, 0xFF, 0xFF, 0x88, 0x00, 0xFF, 0xFF, 0x88, 0x00, 0xFF, 0xFF, 0x88, 0x00, 0xFF, 0xFF, 0x88, 0x00, 0xFF, 0xFF, 0x88, 0x00, 0xFF, 0xFF, 0x88, 0x00, 0xFF, 0xFF, 0x88, 0x00, 0xFF, 0xFF, 0x88, 0x00, 0xFF, 0xFF, 0x88, 0x00, 0xFF, 
  0xFF, 0x88, 0x00, 0xFF, 0xFF, 0x88, 0x00, 0xFF, 0xFF, 0x88, 0x00, 0xFF, 0xFF, 0x88, 0x00, 0xFF, 0xFF, 0x88, 0x00, 0xFF, 0xFF, 0x88, 0x00, 0xFF, 0xFF, 0x88, 0x00, 0xFF, 0xFF, 0x88, 0x00, 0xFF, 0xFF, 0x88, 0x00, 0xFF, 0xFF, 0x88, 0x00, 0xFF, 
  0xFF, 0x88, 0x00, 0xFF, 0xFF, 0x88, 0x00, 0xFF, 0xFF, 0x88, 0x00, 0xFF, 0xFF, 0x88, 0x00, 0xFF, 0xFF, 0x88, 0x00, 0xFF, 0xFF, 0x88, 0x00, 0xFF, 0xFF, 0x88, 0x00, 0xFF, 0xFF, 0x88, 0x00, 0xFF, 0xFF, 0x88, 0x00, 0xFF, 0xFF, 0x88, 0x00, 0xFF, 
  0xFF, 0x88, 0x00, 0xFF, 0xFF, 0x88, 0x00, 0xFF, 0xFF, 0x88, 0x00, 0xFF, 0xFF, 0x88, 0x00, 0xFF, 0xFF, 0x88, 0x00, 0xFF, 0xFF, 0x88, 0x00, 0xFF, 0xFF, 0x88, 0x00, 0xFF, 0xFF, 0x88, 0x00, 0xFF, 0xFF, 0x88, 0x00, 0xFF, 0xFF, 0x88, 0x00, 0xFF, 
  0xFF, 0x88, 0x00, 0xFF, 0xFF, 0x88, 0x00, 0xFF, 0xFF, 0x88, 0x00, 0xFF, 0xFF, 0x88, 0x00, 0xFF, 0xFF, 0x88, 0x00, 0xFF, 0xFF, 0x88, 0x00, 0xFF, 0xFF, 0x88, 0x00, 0xFF, 0xFF, 0x88, 0x00, 0xFF, 0xFF, 0x88, 0x00, 0xFF, 0xFF, 0x88, 0x00, 0xFF, 
  0xFF, 0x88, 0x00, 0xFF, 0xFF, 0x88, 0x00, 0xFF, 0xFF, 0x88, 0x00, 0xFF, 0xFF, 0x88, 0x00, 0xFF, 0xFF, 0x88, 0x00, 0xFF, 0xFF, 0x88, 0x00, 0xFF, 0xFF, 0x88, 0x00, 0xFF, 0xFF, 0x88, 0x00, 0xFF, 0xFF, 0x88, 0x00, 0xFF, 0xFF, 0x88, 0x00, 0xFF, 
  0xFF, 0x88, 0x00, 0xFF, 0xFF, 0x88, 0x00, 0xFF, 0xFF, 0x88, 0x00, 0xFF, 0xFF, 0x88, 0x00, 0xFF, 0xFF, 0x88, 0x00, 0xFF, 0xFF, 0x88, 0x00, 0xFF, 0xFF, 0x88, 0x00, 0xFF, 0xFF, 0x88, 0x00, 0xFF, 0xFF, 0x88, 0x00, 0xFF, 0xFF, 0x88, 0x00, 0xFF, 
  0xFF, 0x88, 0x00, 0xFF, 0xFF, 0x88, 0x00, 0xFF, 0xFF, 0x88, 0x00, 0xFF, 0xFF, 0x88, 0x00, 0xFF, 0xFF, 0x88, 0x00, 0xFF, 0xFF, 0x88, 0x00, 0xFF, 0xFF, 0x88, 0x00, 0xFF, 0xFF, 0x88, 0x00, 0xFF, 0xFF, 0x88, 0x00, 0xFF, 0xFF, 0x88, 0x00, 0xFF, 
  0xFF, 0x88, 0x00, 0xFF, 0xFF, 0x88, 0x00, 0xFF, 0xFF, 0x88, 0x00, 0xFF, 0xFF, 0x88, 0x00, 0xFF, 0xFF, 0x88, 0x00, 0xFF, 0xFF, 0x88, 0x00, 0xFF, 0xFF, 0x88, 0x00, 0xFF, 0xFF, 0x88, 0x00, 0xFF, 0xFF, 0x88, 0x00, 0xFF, 0xFF, 0x88, 0x00, 0xFF, 
  0xFF, 0x88, 0x00, 0xFF, 0xFF, 0x88, 0x00, 0xFF, 0xFF, 0x88, 0x00, 0xFF, 0xFF, 0x88, 0x00, 0xFF, 0xFF, 0x88, 0x00, 0xFF, 0xFF, 0x88, 0x00, 0xFF, 0xFF, 0x88, 0x00, 0xFF, 0xFF, 0x88, 0x00, 0xFF, 0xFF, 0x88, 0x00, 0xFF, 0xFF, 0x88, 0x00, 0xFF, 
  0xFF, 0x88, 0x00, 0xFF, 0xFF, 0x88, 0x00, 0xFF, 0xFF, 0x88, 0x00, 0xFF, 0xFF, 0x88, 0x00, 0xFF, 0xFF, 0x88, 0x00, 0xFF, 0xFF, 0x88, 0x00, 0xFF, 0xFF, 0x88, 0x00, 0xFF, 0xFF, 0x88, 0x00, 0xFF, 0xFF, 0x88, 0x00, 0xFF, 0xFF, 0x88, 0x00, 0xFF, 
  0xFF, 0x88, 0x00, 0xFF, 0xFF, 0x88, 0x00, 0xFF, 0xFF, 0x88, 0x00, 0xFF, 0xFF, 0x88, 0x00, 0xFF, 0xFF, 0x88, 0x00, 0xFF, 0xFF, 0x88, 0x00, 0xFF, 0xFF, 0x88, 0x00, 0xFF, 0xFF, 0x88, 0x00, 0xFF, 0xFF, 0x88, 0x00, 0xFF, 0xFF, 0x88, 0x00, 0xFF, 
  0xFF, 0x88, 0x00, 0xFF, 0xFF, 0x88, 0x00, 0xFF, 0xFF, 0x88, 0x00, 0xFF, 0xFF, 0x88, 0x00, 0xFF, 0xFF, 0x88, 0x00, 0xFF, 0xFF, 0x88, 0x00, 0xFF, 0xFF, 0x88, 0x00, 0xFF, 0xFF, 0x88, 0x00, 0xFF, 0xFF, 0x88, 0x00, 0xFF, 0xFF, 0x88, 0x00, 0xFF, 
  0xFF, 0x88, 0x00, 0xFF, 0xFF, 0x88, 0x00, 0xFF, 0xFF, 0x88, 0x00, 0xFF, 0xFF, 0x88, 0x00, 0xFF, 0xFF, 0x88, 0x00, 0xFF, 0xFF, 0x88, 0x00, 0xFF, 0xFF, 0x88, 0x00, 0xFF, 0xFF, 0x88, 0x00, 0xFF, 0xFF, 0x88, 0x00, 0xFF, 0xFF, 0x88, 0x00, 0xFF, 
  0xFF, 0x88, 0x00, 0xFF, 0xFF, 0x88, 0x00, 0xFF, 0xFF, 0x88, 0x00, 0xFF, 0xFF, 0x88, 0x00, 0xFF, 0xFF, 0x88, 0x00, 0xFF, 0xFF, 0x88, 0x00, 0xFF, 0xFF, 0x88, 0x00, 0xFF, 0xFF, 0x88, 0x00, 0xFF, 0xFF, 0x88, 0x00, 0xFF, 0xFF, 0x88, 0x00, 0xFF, 
  0xFF, 0x88, 0x00, 0xFF, 0xFF, 0x88, 0x00, 0xFF, 0xFF, 0x88, 0x00, 0xFF, 0xFF, 0x88, 0x00, 0xFF, 0xFF, 0x88, 0x00, 0xFF, 0xFF, 0x88, 0x00, 0xFF, 0xFF, 0x88, 0x00, 0xFF, 0xFF, 0x88, 0x00, 0xFF, 0xFF, 0x88, 0x00, 0xFF, 0xFF, 0x88, 0x00, 0xFF, 
  0xFF, 0x88, 0x00, 0xFF, 0xFF, 0x88, 0x00, 0xFF, 0xFF, 0x88, 0x00, 0xFF, 0xFF, 0x88, 0x00, 0xFF, 0xFF, 0x88, 0x00, 0xFF, 0xFF, 0x88, 0x00, 0xFF, 0xFF, 0x88, 0x00, 0xFF, 0xFF, 0x88, 0x00, 0xFF, 0xFF, 0x88, 0x00, 0xFF, 0xFF, 0x88, 0x00, 0xFF, 
  0xFF, 0x88, 0x00, 0xFF, 0xFF, 0x88, 0x00, 0xFF, 0xFF, 0x88, 0x00, 0xFF, 0xFF, 0x88, 0x00, 0xFF, 0xFF, 0x88, 0x00, 0xFF, 0xFF, 0x88, 0x00, 0xFF, 0xFF, 0x88, 0x00, 0xFF, 0xFF, 0x88, 0x00, 0xFF, 0xFF, 0x88, 0x00, 0xFF, 0xFF, 0x88, 0x00, 0xFF, 
  0xFF, 0x88, 0x00, 0xFF, 0xFF, 0x88, 0x00, 0xFF, 0xFF, 0x88, 0x00, 0xFF, 0xFF, 0x88, 0x00, 0xFF, 0xFF, 0x88, 0x00, 0xFF, 0xFF, 0x88, 0x00, 0xFF, 0xFF, 0x88, 0x00, 0xFF, 0xFF, 0x88, 0x00, 0xFF, 0xFF, 0x88, 0x00, 0xFF, 0xFF, 0x88, 0x00, 0xFF, 
  0xFF, 0x88, 0x00, 0xFF, 0xFF, 0x88, 0x00, 0xFF, 0xFF, 0x88, 0x00, 0xFF, 0xFF, 0x88, 0x00, 0xFF, 0xFF, 0x88, 0x00, 0xFF, 0xFF, 0x88, 0x00, 0xFF, 0xFF, 0x88, 0x00, 0xFF, 0xFF, 0x88, 0x00, 0xFF, 0xFF, 0x88, 0x00, 0xFF, 0xFF, 0x88, 0x00, 0xFF, 
  0xFF, 0x88, 0x00, 0xFF, 0xFF, 0x88, 0x00, 0xFF, 0xFF, 0x88, 0x00, 0xFF, 0xFF, 0x88, 0x00, 0xFF, 0xFF, 0x88, 0x00, 0xFF, 0xFF, 0x88, 0x00, 0xFF, 0xFF, 0x88, 0x00, 0xFF, 0xFF, 0x88, 0x00, 0xFF, 0xFF, 0x88, 0x00, 0xFF, 0xFF, 0x88, 0x00, 0xFF, 
  0xFF, 0x88, 0x00, 0xFF, 0xFF, 0x88, 0x00, 0xFF, 0xFF, 0x88, 0x00, 0xFF, 0xFF, 0x88, 0x00, 0xFF, 0xFF, 0x88, 0x00, 0xFF, 0xFF, 0x88, 0x00, 0xFF, 0xFF, 0x88, 0x00, 0xFF, 0xFF, 0x88, 0x00, 0xFF, 0xFF, 0x88, 0x00, 0xFF, 0xFF, 0x88, 0x00, 0xFF, 
  0xFF, 0x88, 0x00, 0xFF, 0xFF, 0x88, 0x00, 0xFF, 0xFF, 0x88, 0x00, 0xFF, 0xFF, 0x88, 0x00, 0xFF, 0xFF, 0x88, 0x00, 0xFF, 0xFF, 0x88, 0x00, 0xFF, 0xFF, 0x88, 0x00, 0xFF, 0xFF, 0x88, 0x00, 0xFF, 0xFF, 0x88, 0x00, 0xFF, 0xFF, 0x88, 0x00, 0xFF, 
  0xFF, 0x88, 0x00, 0xFF, 0xFF, 0x88, 0x00, 0xFF, 0xFF, 0x88, 0x00, 0xFF, 0xFF, 0x88, 0x00, 0xFF, 0xFF, 0x88, 0x00, 0xFF, 0xFF, 0x88, 0x00, 0xFF, 0xFF, 0x88, 0x00, 0xFF, 0xFF, 0x88, 0x00, 0xFF, 0xFF, 0x88, 0x00, 0xFF, 0xFF, 0x88, 0x00, 0xFF, 
  0xFF, 0x88, 0x00, 0xFF, 0xFF, 0x88, 0x00, 0xFF, 0xFF, 0x88, 0x00, 0xFF, 0xFF, 0x88, 0x00, 0xFF, 0xFF, 0x88, 0x00, 0xFF, 0xFF, 0x88, 0x00, 0xFF, 0xFF, 0x88, 0x00, 0xFF, 0xFF, 0x88, 0x00, 0xFF, 0xFF, 0x88, 0x00, 0xFF, 0xFF, 0x88, 0x00, 0xFF, 
  0xFF, 0x88, 0x00, 0xFF, 0xFF, 0x88, 0x00, 0xFF, 0xFF, 0x88, 0x00, 0xFF, 0xFF, 0x88, 0x00, 0xFF, 0xFF, 0x88, 0x00, 0xFF, 0xFF, 0x88, 0x00, 0xFF, 0xFF, 0x88, 0x00, 0xFF, 0xFF, 0x88, 0x00, 0xFF, 0xFF, 0x88, 0x00, 0xFF, 0xFF, 0x88, 0x00, 0xFF, 
  0xFF, 0x88, 0x00, 0xFF, 0xFF, 0x88, 0x00, 0xFF, 0xFF, 0x88, 0x00, 0xFF, 0xFF, 0x88, 0x00, 0xFF, 0xFF, 0x88, 0x00, 0xFF, 0xFF, 0x88, 0x00, 0xFF, 0xFF, 0x88, 0x00, 0xFF, 0xFF, 0x88, 0x00, 0xFF, 0xFF, 0x88, 0x00, 0xFF, 0xFF, 0x88, 0x00, 0xFF, 
  0xFF, 0x88, 0x00, 0xFF, 0xFF, 0x88, 0x00, 0xFF, 0xFF, 0x88, 0x00, 0xFF, 0xFF, 0x88, 0x00, 0xFF, 0xFF, 0x88, 0x00, 0xFF, 0xFF, 0x88, 0x00, 0xFF, 0xFF, 0x88, 0x00, 0xFF, 0xFF, 0x88, 0x00, 0xFF, 0xFF, 0x88, 0x00, 0xFF, 0xFF, 0x88, 0x00, 0xFF, 
  0xFF, 0x88, 0x00, 0xFF, 0xFF, 0x88, 0x00, 0xFF, 0xFF, 0x88, 0x00, 0xFF, 0xFF, 0x88, 0x00, 0xFF, 0xFF, 0x88, 0x00, 0xFF, 0xFF, 0x88, 0x00, 0xFF, 0xFF, 0x88, 0x00, 0xFF, 0xFF, 0x88, 0x00, 0xFF, 0xFF, 0x88, 0x00, 0xFF, 0xFF, 0x88, 0x00, 0xFF, 
  0xFF, 0x88, 0x00, 0xFF, 0xFF, 0x88, 0x00, 0xFF, 0xFF, 0x88, 0x00, 0xFF, 0xFF, 0x88, 0x00, 0xFF, 0xFF, 0x88, 0x00, 0xFF, 0xFF, 0x88, 0x00, 0xFF, 0xFF, 0x88, 0x00, 0xFF, 0xFF, 0x88, 0x00, 0xFF, 0xFF, 0x88, 0x00, 0xFF, 0xFF, 0x88, 0x00, 0xFF, 
  0xFF, 0x88, 0x00, 0xFF, 0xFF, 0x88, 0x00, 0xFF, 0xFF, 0x88, 0x00, 0xFF, 0xFF, 0x88, 0x00, 0xFF, 0xFF, 0x88, 0x00, 0xFF, 0xFF, 0x88, 0x00, 0xFF, 0xFF, 0x88, 0x00, 0xFF, 0xFF, 0x88, 0x00, 0xFF, 0xFF, 0x88, 0x00, 0xFF, 0xFF, 0x88, 0x00, 0xFF, 
  0xFF, 0x88, 0x00, 0xFF, 0xFF, 0x88, 0x00, 0xFF, 0xFF, 0x88, 0x00, 0xFF, 0xFF, 0x88, 0x00, 0xFF, 0xFF, 0x88, 0x00, 0xFF, 0xFF, 0x88, 0x00, 0xFF, 0xFF, 0x88, 0x00, 0xFF, 0xFF, 0x88, 0x00, 0xFF, 0xFF, 0x88, 0x00, 0xFF, 0xFF, 0x88, 0x00, 0xFF, 
  0xFF, 0x88, 0x00, 0xFF, 0xFF, 0x88, 0x00, 0xFF, 0xFF, 0x88, 0x00, 0xFF, 0xFF, 0x88, 0x00, 0xFF, 0xFF, 0x88, 0x00, 0xFF, 0xFF, 0x88, 0x00, 0xFF, 0xFF, 0x88, 0x00, 0xFF, 0xFF, 0x88, 0x00, 0xFF, 0xFF, 0x88, 0x00, 0xFF, 0xFF, 0x88, 0x00, 0xFF, 
  0xFF, 0x88, 0x00, 0xFF, 0xFF, 0x88, 0x00, 0xFF, 0xFF, 0x88, 0x00, 0xFF, 0xFF, 0x88, 0x00, 0xFF, 0xFF, 0x88, 0x00, 0xFF, 0xFF, 0x88, 0x00, 0xFF, 0xFF, 0x88, 0x00, 0xFF, 0xFF, 0x88, 0x00, 0xFF, 0xFF, 0x88, 0x00, 0xFF, 0xFF, 0x88, 0x00, 0xFF, 
  0xFF, 0x88, 0x00, 0xFF, 0xFF, 0x88, 0x00, 0xFF, 0xFF, 0x88, 0x00, 0xFF, 0xFF, 0x88, 0x00, 0xFF, 0xFF, 0x88, 0x00, 0xFF, 0xFF, 0x88, 0x00, 0xFF, 0xFF, 0x88, 0x00, 0xFF, 0xFF, 0x88, 0x00, 0xFF, 0xFF, 0x88, 0x00, 0xFF, 0xFF, 0x88, 0x00, 0xFF, 
  0xFF, 0x88, 0x00, 0xFF, 0xFF, 0x88, 0x00, 0xFF, 0xFF, 0x88, 0x00, 0xFF, 0xFF, 0x88, 0x00, 0xFF, 0xFF, 0x88, 0x00, 0xFF, 0xFF, 0x88, 0x00, 0xFF, 0xFF, 0x88, 0x00, 0xFF, 0xFF, 0x88, 0x00, 0xFF, 0xFF, 0x88, 0x00, 0xFF, 0xFF, 0x88, 0x00, 0xFF, 
  0xFF, 0x88, 0x00, 0xFF, 0xFF, 0x88, 0x00, 0xFF, 0xFF, 0x88, 0x00, 0xFF, 0xFF, 0x88, 0x00, 0xFF, 0xFF, 0x88, 0x00, 0xFF, 0xFF, 0x88, 0x00, 0xFF, 0xFF, 0x88, 0x00, 0xFF, 0xFF, 0x88, 0x00, 0xFF, 0xFF, 0x88, 0x00, 0xFF, 0xFF, 0x88, 0x00, 0xFF, 
  0xFF, 0x88, 0x00, 0xFF, 0xFF, 0x88, 0x00, 0xFF, 0xFF, 0x88, 0x00, 0xFF, 0xFF, 0x88, 0x00, 0xFF, 0xFF, 0x88, 0x00, 0xFF, 0xFF, 0x88, 0x00, 0xFF, 0xFF, 0x88, 0x00, 0xFF, 0xFF, 0x88, 0x00, 0xFF, 0xFF, 0x88, 0x00, 0xFF, 0xFF, 0x88, 0x00, 0xFF, 
  0xFF, 0x88, 0x00, 0xFF, 0xFF, 0x88, 0x00, 0xFF, 0xFF, 0x88, 0x00, 0xFF, 0xFF, 0x88, 0x00, 0xDF, 0xFF, 0x88, 0x00, 0xFF, 0xFF, 0x88, 0x00, 0xFF, 0xFF, 0x88, 0x00, 0xFF, 0xFF, 0x88, 0x00, 0xFF, 0xFF, 0x88, 0x00, 0xFF, 0xFF, 0x88, 0x00, 0xFF, 
  0xFF, 0x88, 0x00, 0xFF, 0xFF, 0x88, 0x00, 0xFF, 0xFF, 0x88, 0x00, 0xFF, 0xFF, 0x88, 0x00, 0xFF, 0xFF, 0x88, 0x00, 0xFF, 0xFF, 0x88, 0x00, 0xFF, 0xFF, 0x88, 0x00, 0xFF, 0xFF, 0x88, 0x00, 0xFF, 0xFF, 0x88, 0x00, 0xFF, 0xFF, 0x88, 0x00, 0xFF, 
  0xFF, 0x88, 0x00, 0xFF, 0xFF, 0x88, 0x00, 0xFF, 0xFF, 0x88, 0x00, 0xFF, 0xFF, 0x88, 0x00, 0xFF, 0xFF, 0x88, 0x00, 0xFF, 0xFF, 0x88, 0x00, 0xFF, 0xFF, 0x88, 0x00, 0xFF, 0xFF, 0x88, 0x00, 0xFF, 0xFF, 0x88, 0x00, 0xFF, 0xFF, 0x88, 0x00, 0xFF, 
  0xFF, 0x88, 0x00, 0xFF, 0xFF, 0x88, 0x00, 0xFF, 0xFF, 0x88, 0x00, 0xFF, 0xFF, 0x88, 0x00, 0xFF, 0xFF, 0x88, 0x00, 0xFF, 0xFF, 0x88, 0x00, 0xFF, 0xFF, 0x88, 0x00, 0xFF, 0xFF, 0x88, 0x00, 0xFF, 0xFF, 0x88, 0x00, 0xFF, 0xFF, 0x88, 0x00, 0xFF, 
  0xFF, 0x88, 0x00, 0xFF, 0xFF, 0x88, 0x00, 0xFF, 0xFF, 0x88, 0x00, 0xFF, 0xFF, 0x88, 0x00, 0xFF, 0xFF, 0x88, 0x00, 0xFF, 0xFF, 0x88, 0x00, 0xFF, 0xFF, 0x88, 0x00, 0xFF, 0xFF, 0x88, 0x00, 0xFF, 0xFF, 0x88, 0x00, 0xFF, 0xFF, 0x88, 0x00, 0xFF, 
  0xFF, 0x88, 0x00, 0xFF, 0xFF, 0x88, 0x00, 0xFF, 0xFF, 0x88, 0x00, 0xFF, 0xFF, 0x88, 0x00, 0xFF, 0xFF, 0x88, 0x00, 0xFF, 0xFF, 0x88, 0x00, 0xFF, 0xFF, 0x88, 0x00, 0xFF, 0xFF, 0x88, 0x00, 0xFF, 0xFF, 0x88, 0x00, 0xFF, 0xFF, 0x88, 0x00, 0xFF, 
  0xFF, 0x88, 0x00, 0xFF, 0xFF, 0x88, 0x00, 0xFF, 0xFF, 0x88, 0x00, 0xFF, 0xFF, 0x88, 0x00, 0xFF, 0xFF, 0x88, 0x00, 0xFF, 0xFF, 0x88, 0x00, 0xFF, 0xFF, 0x88, 0x00, 0xFF, 0xFF, 0x88, 0x00, 0xFF, 0xFF, 0x88, 0x00, 0xFF, 0xFF, 0x88, 0x00, 0xFF, 
  0xFF, 0x88, 0x00, 0xFF, 0xFF, 0x88, 0x00, 0xFF, 0xFF, 0x88, 0x00, 0xFF, 0xFF, 0x88, 0x00, 0xFF, 0xFF, 0x88, 0x00, 0xFF, 0xFF, 0x88, 0x00, 0xFF, 0xFF, 0x88, 0x00, 0xFF, 0xFF, 0x88, 0x00, 0xFF, 0xFF, 0x88, 0x00, 0xFF, 0xFF, 0x88, 0x00, 0xFF, 
  0xFF, 0x88, 0x00, 0xFF, 0xFF, 0x88, 0x00, 0xFF, 0xFF, 0x88, 0x00, 0xFF, 0xFF, 0x88, 0x00, 0xFF, 0xFF, 0x88, 0x00, 0xFF, 0xFF, 0x88, 0x00, 0xFF, 0xFF, 0x88, 0x00, 0xFF, 0xFF, 0x88, 0x00, 0xFF, 0xFF, 0x88, 0x00, 0xFF, 0xFF, 0x88, 0x00, 0xFF, 
  0xFF, 0x88, 0x00, 0xFF, 0xFF, 0x88, 0x00, 0xFF, 0xFF, 0x88, 0x00, 0xFF, 0xFF, 0x88, 0x00, 0xFF, 0xFF, 0x88, 0x00, 0xFF, 0xFF, 0x88, 0x00, 0xFF, 0xFF, 0x88, 0x00, 0xFF, 0xFF, 0x88, 0x00, 0xFF, 0xFF, 0x88, 0x00, 0xFF, 0xFF, 0x88, 0x00, 0xFF, 
  0xFF, 0x88, 0x00, 0xFF, 0xFF, 0x88, 0x00, 0xFF, 0xFF, 0x88, 0x00, 0xFF, 0xFF, 0x88, 0x00, 0xFF, 0xFF, 0x88, 0x00, 0xAF, 0xFF, 0x88, 0x00, 0xFF, 0xFF, 0x88, 0x00, 0xFF, 0xFF, 0x88, 0x00, 0xFF, 0xFF, 0x88, 0x00, 0xFF, 0xFF, 0x88, 0x00, 0xFF, 
  0xFF, 0x88, 0x00, 0xFF, 0xFF, 0x88, 0x00, 0xFF, 0xFF, 0x88, 0x00, 0xFF, 0xFF, 0x88, 0x00, 0xFF, 0xFF, 0x88, 0x00, 0xFF, 0xFF, 0x88, 0x00, 0xFF, 0xFF, 0x88, 0x00, 0xFF, 0xFF, 0x88, 0x00, 0xFF, 0xFF, 0x88, 0x00, 0xFF, 0xFF, 0x88, 0x00, 0xFF, 
  0xFF, 0x88, 0x00, 0xFF, 0xFF, 0x88, 0x00, 0xFF, 0xFF, 0x88, 0x00, 0xFF, 0xFF, 0x88, 0x00, 0xFF, 0xFF, 0x88, 0x00, 0xFF, 0xFF, 0x88, 0x00, 0xFF, 0xFF, 0x88, 0x00, 0xFF, 0xFF, 0x88, 0x00, 0xFF, 0xFF, 0x88, 0x00, 0xFF, 0xFF, 0x88, 0x00, 0xFF, 
  0xFF, 0x88, 0x00, 0xFF, 0xFF, 0x88, 0x00, 0xFF, 0xFF, 0x88, 0x00, 0xFF, 0xFF, 0x88, 0x00, 0xFF, 0xFF, 0x88, 0x00, 0xFF, 0xFF, 0x88, 0x00, 0xFF, 0xFF, 0x88, 0x00, 0xFF, 0xFF, 0x88, 0x00, 0xFF, 0xFF, 0x88, 0x00, 0xFF, 0xFF, 0x88, 0x00, 0xFF, 
  0xFF, 0x88, 0x00, 0xFF, 0xFF, 0x88, 0x00, 0xFF, 0xFF, 0x88, 0x00, 0xFF, 0xFF, 0x88, 0x00, 0xFF, 0xFF, 0x88, 0x00, 0xFF, 0xFF, 0x88, 0x00, 0xFF, 0xFF, 0x88, 0x00, 0xFF, 0xFF, 0x88, 0x00, 0xFF, 0xFF, 0x88, 0x00, 0xFF, 0xFF, 0x88, 0x00, 0xFF, 
  0xFF, 0x88, 0x00, 0xFF, 0xFF, 0x88, 0x00, 0xFF, 0xFF, 0x88, 0x00, 0xFF, 0xFF, 0x88, 0x00, 0xFF, 0xFF, 0x88, 0x00, 0xFF, 0xFF, 0x88, 0x00, 0xFF, 0xFF, 0x88, 0x00, 0xFF, 0xFF, 0x88, 0x00, 0xFF, 0xFF, 0x88, 0x00, 0xFF, 0xFF, 0x88, 0x00, 0xFF, 
  0xFF, 0x88, 0x00, 0xFF, 0xFF, 0x88, 0x00, 0xFF, 0xFF, 0x88, 0x00, 0xFF, 0xFF, 0x88, 0x00, 0xFF, 0xFF, 0x88, 0x00, 0xFF, 0xFF, 0x88, 0x00, 0xFF, 0xFF, 0x88, 0x00, 0xFF, 0xFF, 0x88, 0x00, 0xFF, 0xFF, 0x88, 0x00, 0xFF, 0xFF, 0x88, 0x00, 0xFF, 
  0xFF, 0x88, 0x00, 0xFF, 0xFF, 0x88, 0x00, 0xFF, 0xFF, 0x88, 0x00, 0xFF, 0xFF, 0x88, 0x00, 0xFF, 0xFF, 0x88, 0x00, 0xFF, 0xFF, 0x88, 0x00, 0xFF, 0xFF, 0x88, 0x00, 0xFF, 0xFF, 0x88, 0x00, 0xFF, 0xFF, 0x88, 0x00, 0xFF, 0xFF, 0x88, 0x00, 0xFF, 
  0xFF, 0x88, 0x00, 0xFF, 0xFF, 0x88, 0x00, 0xFF, 0xFF, 0x88, 0x00, 0xFF, 0xFF, 0x88, 0x00, 0xFF, 0xFF, 0x88, 0x00, 0xFF, 0xFF, 0x88, 0x00, 0xFF, 0xFF, 0x88, 0x00, 0xFF, 0xFF, 0x88, 0x00, 0xFF, 0xFF, 0x88, 0x00, 0xFF, 0xFF, 0x88, 0x00, 0xFF, 
  0xFF, 0x88, 0x00, 0xFF, 0xFF, 0x88, 0x00, 0xFF, 0xFF, 0x88, 0x00, 0xFF, 0xFF, 0x88, 0x00, 0xFF, 0xFF, 0x88, 0x00, 0xFF, 0xFF, 0x88, 0x00, 0xFF, 0xFF, 0x88, 0x00, 0xFF, 0xFF, 0x88, 0x00, 0xFF, 0xFF, 0x88, 0x00, 0xFF, 0xFF, 0x88, 0x00, 0xFF, 
  0xFF, 0x88, 0x00, 0xFF, 0xFF, 0x88, 0x00, 0xFF, 0xFF, 0x88, 0x00, 0xFF, 0xFF, 0x88, 0x00, 0xFF, 0xFF, 0x88, 0x00, 0xBF, 0xFF, 0x88, 0x00, 0x70, 0xFF, 0x88, 0x00, 0xFF, 0xFF, 0x88, 0x00, 0xFF, 0xFF, 0x88, 0x00, 0xFF, 0xFF, 0x88, 0x00, 0xFF, 
  0xFF, 0x88, 0x00, 0xFF, 0xFF, 0x88, 0x00, 0xFF, 0xFF, 0x88, 0x00, 0xFF, 0xFF, 0x88, 0x00, 0xFF, 0xFF, 0x88, 0x00, 0xFF, 0xFF, 0x88, 0x00, 0xFF, 0xFF, 0x88, 0x00, 0xFF, 0xFF, 0x88, 0x00, 0xFF, 0xFF, 0x88, 0x00, 0xFF, 0xFF, 0x88, 0x00, 0xFF, 
  0xFF, 0x88, 0x00, 0xFF, 0xFF, 0x88, 0x00, 0xFF, 0xFF, 0x88, 0x00, 0xFF, 0xFF, 0x88, 0x00, 0xFF, 0xFF, 0x88, 0x00, 0xFF, 0xFF, 0x88, 0x00, 0xFF, 0xFF, 0x88, 0x00, 0xFF, 0xFF, 0x88, 0x00, 0xFF, 0xFF, 0x88, 0x00, 0xFF, 0xFF, 0x88, 0x00, 0xFF, 
  0xFF, 0x88, 0x00, 0xFF, 0xFF, 0x88, 0x00, 0xFF, 0xFF, 0x88, 0x00, 0xFF, 0xFF, 0x88, 0x00, 0xFF, 0xFF, 0x88, 0x00, 0xFF, 0xFF, 0x88, 0x00, 0xFF, 0xFF, 0x88, 0x00, 0xFF, 0xFF, 0x88, 0x00, 0xFF, 0xFF, 0x88, 0x00, 0xFF, 0xFF, 0x88, 0x00, 0xFF, 
  0xFF, 0x88, 0x00, 0xFF, 0xFF, 0x88, 0x00, 0xFF, 0xFF, 0x88, 0x00, 0xFF, 0xFF, 0x88, 0x00, 0xFF, 0xFF, 0x88, 0x00, 0xFF, 0xFF, 0x88, 0x00, 0xFF, 0xFF, 0x88, 0x00, 0xFF, 0xFF, 0x88, 0x00, 0xFF, 0xFF, 0x88, 0x00, 0xFF, 0xFF, 0x88, 0x00, 0xFF, 
  0xFF, 0x88, 0x00, 0xFF, 0xFF, 0x88, 0x00, 0xFF, 0xFF, 0x88, 0x00, 0xFF, 0xFF, 0x88, 0x00, 0xFF, 0xFF, 0x88, 0x00, 0xFF, 0xFF, 0x88, 0x00, 0xFF, 0xFF, 0x88, 0x00, 0xFF, 0xFF, 0x88, 0x00, 0xFF, 0xFF, 0x88, 0x00, 0xFF, 0xFF, 0x88, 0x00, 0xFF, 
  0xFF, 0x88, 0x00, 0xFF, 0xFF, 0x88, 0x00, 0xFF, 0xFF, 0x88, 0x00, 0xFF, 0xFF, 0x88, 0x00, 0xFF, 0xFF, 0x88, 0x00, 0xFF, 0xFF, 0x88, 0x00, 0xFF, 0xFF, 0x88, 0x00, 0xFF, 0xFF, 0x88, 0x00, 0xFF, 0xFF, 0x88, 0x00, 0xFF, 0xFF, 0x88, 0x00, 0xFF, 
  0xFF, 0x88, 0x00, 0xFF, 0xFF, 0x88, 0x00, 0xFF, 0xFF, 0x88, 0x00, 0xFF, 0xFF, 0x88, 0x00, 0xFF, 0xFF, 0x88, 0x00, 0xFF, 0xFF, 0x88, 0x00, 0xFF, 0xFF, 0x88, 0x00, 0xFF, 0xFF, 0x88, 0x00, 0xFF, 0xFF, 0x88, 0x00, 0xFF, 0xFF, 0x88, 0x00, 0xFF, 
  0xFF, 0x88, 0x00, 0xFF, 0xFF, 0x88, 0x00, 0xFF, 0xFF, 0x88, 0x00, 0xFF, 0xFF, 0x88, 0x00, 0xFF, 0xFF, 0x88, 0x00, 0xFF, 0xFF, 0x88, 0x00, 0xFF, 0xFF, 0x88, 0x00, 0xFF, 0xFF, 0x88, 0x00, 0xFF, 0xFF, 0x88, 0x00, 0xFF, 0xFF, 0x88, 0x00, 0xFF, 
  0xFF, 0x88, 0x00, 0xFF, 0xFF, 0x88, 0x00, 0xFF, 0xFF, 0x88, 0x00, 0xFF, 0xFF, 0x88, 0x00, 0xFF, 0xFF, 0x88, 0x00, 0xFF, 0xFF, 0x88, 0x00, 0xFF, 0xFF, 0x88, 0x00, 0xFF, 0xFF, 0x88, 0x00, 0xFF, 0xFF, 0x88, 0x00, 0xFF, 0xFF, 0x88, 0x00, 0xFF, 
  0xFF, 0x88, 0x00, 0xFF, 0xFF, 0x88, 0x00, 0xFF, 0xFF, 0x88, 0x00, 0xFF, 0xFF, 0x88, 0x00, 0xFF, 0xFF, 0x88, 0x00, 0xFF, 0xFF, 0x88, 0x00, 0x8F, 0xFF, 0x88, 0x00, 0x30, 0xFF, 0x88, 0x00, 0xFF, 0xFF, 0x88, 0x00, 0xFF, 0xFF, 0x88, 0x00, 0xFF, 
  0xFF, 0x88, 0x00, 0xFF, 0xFF, 0x88, 0x00, 0xFF, 0xFF, 0x88, 0x00, 0xFF, 0xFF, 0x88, 0x00, 0xFF, 0xFF, 0x88, 0x00, 0xFF, 0xFF, 0x88, 0x00, 0xFF, 0xFF, 0x88, 0x00, 0xFF, 0xFF, 0x88, 0x00, 0xFF, 0xFF, 0x88, 0x00, 0xFF, 0xFF, 0x88, 0x00, 0xFF, 
  0xFF, 0x88, 0x00, 0xFF, 0xFF, 0x88, 0x00, 0xFF, 0xFF, 0x88, 0x00, 0xFF, 0xFF, 0x88, 0x00, 0xFF, 0xFF, 0x88, 0x00, 0xFF, 0xFF, 0x88, 0x00, 0xFF, 0xFF, 0x88, 0x00, 0xFF, 0xFF, 0x88, 0x00, 0xFF, 0xFF, 0x88, 0x00, 0xFF, 0xFF, 0x88, 0x00, 0xFF, 
  0xFF, 0x88, 0x00, 0xFF, 0xFF, 0x88, 0x00, 0xFF, 0xFF, 0x88, 0x00, 0xFF, 0xFF, 0x88, 0x00, 0xFF, 0xFF, 0x88, 0x00, 0xFF, 0xFF, 0x88, 0x00, 0xFF, 0xFF, 0x88, 0x00, 0xFF, 0xFF, 0x88, 0x00, 0xFF, 0xFF, 0x88, 0x00, 0xFF, 0xFF, 0x88, 0x00, 0xFF, 
  0xFF, 0x88, 0x00, 0xFF, 0xFF, 0x88, 0x00, 0xFF, 0xFF, 0x88, 0x00, 0xFF, 0xFF, 0x88, 0x00, 0xFF, 0xFF, 0x88, 0x00, 0xFF, 0xFF, 0x88, 0x00, 0xFF, 0xFF, 0x88, 0x00, 0xFF, 0xFF, 0x88, 0x00, 0xFF, 0xFF, 0x88, 0x00, 0xFF, 0xFF, 0x88, 0x00, 0xFF, 
  0xFF, 0x88, 0x00, 0xFF, 0xFF, 0x88, 0x00, 0xFF, 0xFF, 0x88, 0x00, 0xFF, 0xFF, 0x88, 0x00, 0xFF, 0xFF, 0x88, 0x00, 0xFF, 0xFF, 0x88, 0x00, 0xFF, 0xFF, 0x88, 0x00, 0xFF, 0xFF, 0x88, 0x00, 0xFF, 0xFF, 0x88, 0x00, 0xFF, 0xFF, 0x88, 0x00, 0xFF, 
  0xFF, 0x88, 0x00, 0xFF, 0xFF, 0x88, 0x00, 0xFF, 0xFF, 0x88, 0x00, 0xFF, 0xFF, 0x88, 0x00, 0xFF, 0xFF, 0x88, 0x00, 0xFF, 0xFF, 0x88, 0x00, 0xFF, 0xFF, 0x88, 0x00, 0xFF, 0xFF, 0x88, 0x00, 0xFF, 0xFF, 0x88, 0x00, 0xFF, 0xFF, 0x88, 0x00, 0xFF, 
  0xFF, 0x88, 0x00, 0xFF, 0xFF, 0x88, 0x00, 0xFF, 0xFF, 0x88, 0x00, 0xFF, 0xFF, 0x88, 0x00, 0xFF, 0xFF, 0x88, 0x00, 0xFF, 0xFF, 0x88, 0x00, 0xFF, 0xFF, 0x88, 0x00, 0xFF, 0xFF, 0x88, 0x00, 0xFF, 0xFF, 0x88, 0x00, 0xFF, 0xFF, 0x88, 0x00, 0xFF, 
  0xFF, 0x88, 0x00, 0xFF, 0xFF, 0x88, 0x00, 0xFF, 0xFF, 0x88, 0x00, 0xFF, 0xFF, 0x88, 0x00, 0xFF, 0xFF, 0x88, 0x00, 0xFF, 0xFF, 0x88, 0x00, 0xFF, 0xFF, 0x88, 0x00, 0xFF, 0xFF, 0x88, 0x00, 0xFF, 0xFF, 0x88, 0x00, 0xFF, 0xFF, 0x88, 0x00, 0xFF, 
  0xFF, 0x88, 0x00, 0xFF, 0xFF, 0x88, 0x00, 0xFF, 0xFF, 0x88, 0x00, 0xFF, 0xFF, 0x88, 0x00, 0xFF, 0xFF, 0x88, 0x00, 0xFF, 0xFF, 0x88, 0x00, 0xFF, 0xFF, 0x88, 0x00, 0xFF, 0xFF, 0x88, 0x00, 0xFF, 0xFF, 0x88, 0x00, 0xFF, 0xFF, 0x88, 0x00, 0xFF, 
  0xFF, 0x88, 0x00, 0xFF, 0xFF, 0x88, 0x00, 0xFF, 0xFF, 0x88, 0x00, 0xFF, 0xFF, 0x88, 0x00, 0xFF, 0xFF, 0x88, 0x00, 0xFF, 0xFF, 0x88, 0x00, 0xFF, 0xFF, 0x88, 0x00, 0x50, 0x00, 0x00, 0x00, 0x00, 0xFF, 0x88, 0x00, 0xDF, 0xFF, 0x88, 0x00, 0xFF, 
  0xFF, 0x88, 0x00, 0xFF, 0xFF, 0x88, 0x00, 0xFF, 0xFF, 0x88, 0x00, 0xFF, 0xFF, 0x88, 0x00, 0xFF, 0xFF, 0x88, 0x00, 0xFF, 0xFF, 0x88, 0x00, 0xFF, 0xFF, 0x88, 0x00, 0xFF, 0xFF, 0x88, 0x00, 0xFF, 0xFF, 0x88, 0x00, 0xFF, 0xFF, 0x88, 0x00, 0xFF, 
  0xFF, 0x88, 0x00, 0xFF, 0xFF, 0x88, 0x00, 0xFF, 0xFF, 0x88, 0x00, 0xFF, 0xFF, 0x88, 0x00, 0xFF, 0xFF, 0x88, 0x00, 0xFF, 0xFF, 0x88, 0x00, 0xFF, 0xFF, 0x88, 0x00, 0xFF, 0xFF, 0x88, 0x00, 0xFF, 0xFF, 0x88, 0x00, 0xFF, 0xFF, 0x88, 0x00, 0xFF, 
  0xFF, 0x88, 0x00, 0xFF, 0xFF, 0x88, 0x00, 0xFF, 0xFF, 0x88, 0x00, 0xFF, 0xFF, 0x88, 0x00, 0xFF, 0xFF, 0x88, 0x00, 0xFF, 0xFF, 0x88, 0x00, 0xFF, 0xFF, 0x88, 0x00, 0xFF, 0xFF, 0x88, 0x00, 0xFF, 0xFF, 0x88, 0x00, 0xFF, 0xFF, 0x88, 0x00, 0xFF, 
  0xFF, 0x88, 0x00, 0xFF, 0xFF, 0x88, 0x00, 0xFF, 0xFF, 0x88, 0x00, 0xFF, 0xFF, 0x88, 0x00, 0xFF, 0xFF, 0x88, 0x00, 0xFF, 0xFF, 0x88, 0x00, 0xFF, 0xFF, 0x88, 0x00, 0xFF, 0xFF, 0x88, 0x00, 0xFF, 0xFF, 0x88, 0x00, 0xFF, 0xFF, 0x88, 0x00, 0xFF, 
  0xFF, 0x88, 0x00, 0xFF, 0xFF, 0x88, 0x00, 0xFF, 0xFF, 0x88, 0x00, 0xFF, 0xFF, 0x88, 0x00, 0xFF, 0xFF, 0x88, 0x00, 0xFF, 0xFF, 0x88, 0x00, 0xFF, 0xFF, 0x88, 0x00, 0xFF, 0xFF, 0x88, 0x00, 0xFF, 0xFF, 0x88, 0x00, 0xFF, 0xFF, 0x88, 0x00, 0xFF, 
  0xFF, 0x88, 0x00, 0xFF, 0xFF, 0x88, 0x00, 0xFF, 0xFF, 0x88, 0x00, 0xFF, 0xFF, 0x88, 0x00, 0xFF, 0xFF, 0x88, 0x00, 0xFF, 0xFF, 0x88, 0x00, 0xFF, 0xFF, 0x88, 0x00, 0xFF, 0xFF, 0x88, 0x00, 0xFF, 0xFF, 0x88, 0x00, 0xFF, 0xFF, 0x88, 0x00, 0xFF, 
  0xFF, 0x88, 0x00, 0xFF, 0xFF, 0x88, 0x00, 0xFF, 0xFF, 0x88, 0x00, 0xFF, 0xFF, 0x88, 0x00, 0xFF, 0xFF, 0x88, 0x00, 0xFF, 0xFF, 0x88, 0x00, 0xFF, 0xFF, 0x88, 0x00, 0xFF, 0xFF, 0x88, 0x00, 0xFF, 0xFF, 0x88, 0x00, 0xFF, 0xFF, 0x88, 0x00, 0xFF, 
  0xFF, 0x88, 0x00, 0xFF, 0xFF, 0x88, 0x00, 0xFF, 0xFF, 0x88, 0x00, 0xFF, 0xFF, 0x88, 0x00, 0xFF, 0xFF, 0x88, 0x00, 0xFF, 0xFF, 0x88, 0x00, 0xFF, 0xFF, 0x88, 0x00, 0xFF, 0xFF, 0x88, 0x00, 0xFF, 0xFF, 0x88, 0x00, 0xFF, 0xFF, 0x88, 0x00, 0xFF, 
  0xFF, 0x88, 0x00, 0xFF, 0xFF, 0x88, 0x00, 0xFF, 0xFF, 0x88, 0x00, 0xFF, 0xFF, 0x88, 0x00, 0xFF, 0xFF, 0x88, 0x00, 0xFF, 0xFF, 0x88, 0x00, 0xFF, 0xFF, 0x88, 0x00, 0xFF, 0xFF, 0x88, 0x00, 0xFF, 0xFF, 0x88, 0x00, 0xFF, 0xFF, 0x88, 0x00, 0xFF, 
  0xFF, 0x88, 0x00, 0xFF, 0xFF, 0x88, 0x00, 0xFF, 0xFF, 0x88, 0x00, 0xFF, 0xFF, 0x88, 0x00, 0xFF, 0xFF, 0x88, 0x00, 0xFF, 0xFF, 0x88, 0x00, 0xFF, 0xFF, 0x88, 0x00, 0xEF, 0xFF, 0x88, 0x00, 0x00, 0x00, 0x00, 0x00, 0x00, 0xFF, 0x88, 0x00, 0x80, 
  0xFF, 0x88, 0x00, 0xFF, 0xFF, 0x88, 0x00, 0xFF, 0xFF, 0x88, 0x00, 0xFF, 0xFF, 0x88, 0x00, 0xFF, 0xFF, 0x88, 0x00, 0xFF, 0xFF, 0x88, 0x00, 0xFF, 0xFF, 0x88, 0x00, 0xFF, 0xFF, 0x88, 0x00, 0xFF, 0xFF, 0x88, 0x00, 0xFF, 0xFF, 0x88, 0x00, 0xFF, 
  0xFF, 0x88, 0x00, 0xFF, 0xFF, 0x88, 0x00, 0xFF, 0xFF, 0x88, 0x00, 0xFF, 0xFF, 0x88, 0x00, 0xFF, 0xFF, 0x88, 0x00, 0xFF, 0xFF, 0x88, 0x00, 0xFF, 0xFF, 0x88, 0x00, 0xFF, 0xFF, 0x88, 0x00, 0xFF, 0xFF, 0x88, 0x00, 0xFF, 0xFF, 0x88, 0x00, 0xFF, 
  0xFF, 0x88, 0x00, 0xFF, 0xFF, 0x88, 0x00, 0xFF, 0xFF, 0x88, 0x00, 0xFF, 0xFF, 0x88, 0x00, 0xFF, 0xFF, 0x88, 0x00, 0xFF, 0xFF, 0x88, 0x00, 0xFF, 0xFF, 0x88, 0x00, 0xFF, 0xFF, 0x88, 0x00, 0xFF, 0xFF, 0x88, 0x00, 0xFF, 0xFF, 0x88, 0x00, 0xFF, 
  0xFF, 0x88, 0x00, 0xFF, 0xFF, 0x88, 0x00, 0xFF, 0xFF, 0x88, 0x00, 0xFF, 0xFF, 0x88, 0x00, 0xFF, 0xFF, 0x88, 0x00, 0xFF, 0xFF, 0x88, 0x00, 0xFF, 0xFF, 0x88, 0x00, 0xFF, 0xFF, 0x88, 0x00, 0xFF, 0xFF, 0x88, 0x00, 0xFF, 0xFF, 0x88, 0x00, 0xFF, 
  0xFF, 0x88, 0x00, 0xFF, 0xFF, 0x88, 0x00, 0xFF, 0xFF, 0x88, 0x00, 0xFF, 0xFF, 0x88, 0x00, 0xFF, 0xFF, 0x88, 0x00, 0xFF, 0xFF, 0x88, 0x00, 0xFF, 0xFF, 0x88, 0x00, 0xFF, 0xFF, 0x88, 0x00, 0xFF, 0xFF, 0x88, 0x00, 0xFF, 0xFF, 0x88, 0x00, 0xFF, 
  0xFF, 0x88, 0x00, 0xFF, 0xFF, 0x88, 0x00, 0xFF, 0xFF, 0x88, 0x00, 0xFF, 0xFF, 0x88, 0x00, 0xFF, 0xFF, 0x88, 0x00, 0xFF, 0xFF, 0x88, 0x00, 0xFF, 0xFF, 0x88, 0x00, 0xFF, 0xFF, 0x88, 0x00, 0xFF, 0xFF, 0x88, 0x00, 0xFF, 0xFF, 0x88, 0x00, 0xFF, 
  0xFF, 0x88, 0x00, 0xFF, 0xFF, 0x88, 0x00, 0xFF, 0xFF, 0x88, 0x00, 0xFF, 0xFF, 0x88, 0x00, 0xFF, 0xFF, 0x88, 0x00, 0xFF, 0xFF, 0x88, 0x00, 0xFF, 0xFF, 0x88, 0x00, 0xFF, 0xFF, 0x88, 0x00, 0xFF, 0xFF, 0x88, 0x00, 0xFF, 0xFF, 0x88, 0x00, 0xFF, 
  0xFF, 0x88, 0x00, 0xFF, 0xFF, 0x88, 0x00, 0xFF, 0xFF, 0x88, 0x00, 0xFF, 0xFF, 0x88, 0x00, 0xFF, 0xFF, 0x88, 0x00, 0xFF, 0xFF, 0x88, 0x00, 0xFF, 0xFF, 0x88, 0x00, 0xFF, 0xFF, 0x88, 0x00, 0xFF, 0xFF, 0x88, 0x00, 0xFF, 0xFF, 0x88, 0x00, 0xFF, 
  0xFF, 0x88, 0x00, 0xFF, 0xFF, 0x88, 0x00, 0xFF, 0xFF, 0x88, 0x00, 0xFF, 0xFF, 0x88, 0x00, 0xFF, 0xFF, 0x88, 0x00, 0xFF, 0xFF, 0x88, 0x00, 0xFF, 0xFF, 0x88, 0x00, 0xFF, 0xFF, 0x88, 0x00, 0xFF, 0xFF, 0x88, 0x00, 0xFF, 0xFF, 0x88, 0x00, 0xFF, 
  0xFF, 0x88, 0x00, 0xFF, 0xFF, 0x88, 0x00, 0xFF, 0xFF, 0x88, 0x00, 0xFF, 0xFF, 0x88, 0x00, 0xFF, 0xFF, 0x88, 0x00, 0xFF, 0xFF, 0x88, 0x00, 0xFF, 0xFF, 0x88, 0x00, 0xFF, 0xFF, 0x88, 0x00, 0x9F, 0xFF, 0x88, 0x00, 0x00, 0x00, 0x00, 0x00, 0x00, 
  0xFF, 0x88, 0x00, 0x10, 0xFF, 0x88, 0x00, 0xFF, 0xFF, 0x88, 0x00, 0xFF, 0xFF, 0x88, 0x00, 0xFF, 0xFF, 0x88, 0x00, 0xFF, 0xFF, 0x88, 0x00, 0xFF, 0xFF, 0x88, 0x00, 0xFF, 0xFF, 0x88, 0x00, 0xFF, 0xFF, 0x88, 0x00, 0xFF, 0xFF, 0x88, 0x00, 0xFF, 
  0xFF, 0x88, 0x00, 0xFF, 0xFF, 0x88, 0x00, 0xFF, 0xFF, 0x88, 0x00, 0xFF, 0xFF, 0x88, 0x00, 0xFF, 0xFF, 0x88, 0x00, 0xFF, 0xFF, 0x88, 0x00, 0xFF, 0xFF, 0x88, 0x00, 0xFF, 0xFF, 0x88, 0x00, 0xFF, 0xFF, 0x88, 0x00, 0xFF, 0xFF, 0x88, 0x00, 0xFF, 
  0xFF, 0x88, 0x00, 0xFF, 0xFF, 0x88, 0x00, 0xFF, 0xFF, 0x88, 0x00, 0xFF, 0xFF, 0x88, 0x00, 0xFF, 0xFF, 0x88, 0x00, 0xFF, 0xFF, 0x88, 0x00, 0xFF, 0xFF, 0x88, 0x00, 0xFF, 0xFF, 0x88, 0x00, 0xFF, 0xFF, 0x88, 0x00, 0xFF, 0xFF, 0x88, 0x00, 0xFF, 
  0xFF, 0x88, 0x00, 0xFF, 0xFF, 0x88, 0x00, 0xFF, 0xFF, 0x88, 0x00, 0xFF, 0xFF, 0x88, 0x00, 0xFF, 0xFF, 0x88, 0x00, 0xFF, 0xFF, 0x88, 0x00, 0xFF, 0xFF, 0x88, 0x00, 0xFF, 0xFF, 0x88, 0x00, 0xFF, 0xFF, 0x88, 0x00, 0xFF, 0xFF, 0x88, 0x00, 0xFF, 
  0xFF, 0x88, 0x00, 0xFF, 0xFF, 0x88, 0x00, 0xFF, 0xFF, 0x88, 0x00, 0xFF, 0xFF, 0x88, 0x00, 0xFF, 0xFF, 0x88, 0x00, 0xFF, 0xFF, 0x88, 0x00, 0xFF, 0xFF, 0x88, 0x00, 0xFF, 0xFF, 0x88, 0x00, 0xFF, 0xFF, 0x88, 0x00, 0xFF, 0xFF, 0x88, 0x00, 0xFF, 
  0xFF, 0x88, 0x00, 0xFF, 0xFF, 0x88, 0x00, 0xFF, 0xFF, 0x88, 0x00, 0xFF, 0xFF, 0x88, 0x00, 0xFF, 0xFF, 0x88, 0x00, 0xFF, 0xFF, 0x88, 0x00, 0xFF, 0xFF, 0x88, 0x00, 0xFF, 0xFF, 0x88, 0x00, 0xFF, 0xFF, 0x88, 0x00, 0xFF, 0xFF, 0x88, 0x00, 0xFF, 
  0xFF, 0x88, 0x00, 0xFF, 0xFF, 0x88, 0x00, 0xFF, 0xFF, 0x88, 0x00, 0xFF, 0xFF, 0x88, 0x00, 0xFF, 0xFF, 0x88, 0x00, 0xFF, 0xFF, 0x88, 0x00, 0xFF, 0xFF, 0x88, 0x00, 0xFF, 0xFF, 0x88, 0x00, 0xFF, 0xFF, 0x88, 0x00, 0xFF, 0xFF, 0x88, 0x00, 0xFF, 
  0xFF, 0x88, 0x00, 0xFF, 0xFF, 0x88, 0x00, 0xFF, 0xFF, 0x88, 0x00, 0xFF, 0xFF, 0x88, 0x00, 0xFF, 0xFF, 0x88, 0x00, 0xFF, 0xFF, 0x88, 0x00, 0xFF, 0xFF, 0x88, 0x00, 0xFF, 0xFF, 0x88, 0x00, 0xFF, 0xFF, 0x88, 0x00, 0xFF, 0xFF, 0x88, 0x00, 0xFF, 
  0xFF, 0x88, 0x00, 0xFF, 0xFF, 0x88, 0x00, 0xFF, 0xFF, 0x88, 0x00, 0xFF, 0xFF, 0x88, 0x00, 0xFF, 0xFF, 0x88, 0x00, 0xFF, 0xFF, 0x88, 0x00, 0xFF, 0xFF, 0x88, 0x00, 0xFF, 0xFF, 0x88, 0x00, 0xFF, 0xFF, 0x88, 0x00, 0xFF, 0xFF, 0x88, 0x00, 0xFF, 
  0xFF, 0x88, 0x00, 0xFF, 0xFF, 0x88, 0x00, 0xFF, 0xFF, 0x88, 0x00, 0xFF, 0xFF, 0x88, 0x00, 0xFF, 0xFF, 0x88, 0x00, 0xFF, 0xFF, 0x88, 0x00, 0xFF, 0xFF, 0x88, 0x00, 0xFF, 0xFF, 0x88, 0x00, 0xFF, 0xFF, 0x88, 0x00, 0x20, 0xFF, 0x88, 0x00, 0x00, 
  0x00, 0x00, 0x00, 0x00, 0x00, 0x00, 0x00, 0x00, 0xFF, 0x88, 0x00, 0x9F, 0xFF, 0x88, 0x00, 0xFF, 0xFF, 0x88, 0x00, 0xFF, 0xFF, 0x88, 0x00, 0xFF, 0xFF, 0x88, 0x00, 0xFF, 0xFF, 0x88, 0x00, 0xFF, 0xFF, 0x88, 0x00, 0xFF, 0xFF, 0x88, 0x00, 0xFF, 
  0xFF, 0x88, 0x00, 0xFF, 0xFF, 0x88, 0x00, 0xFF, 0xFF, 0x88, 0x00, 0xFF, 0xFF, 0x88, 0x00, 0xFF, 0xFF, 0x88, 0x00, 0xFF, 0xFF, 0x88, 0x00, 0xFF, 0xFF, 0x88, 0x00, 0xFF, 0xFF, 0x88, 0x00, 0xFF, 0xFF, 0x88, 0x00, 0xFF, 0xFF, 0x88, 0x00, 0xFF, 
  0xFF, 0x88, 0x00, 0xFF, 0xFF, 0x88, 0x00, 0xFF, 0xFF, 0x88, 0x00, 0xFF, 0xFF, 0x88, 0x00, 0xFF, 0xFF, 0x88, 0x00, 0xFF, 0xFF, 0x88, 0x00, 0xFF, 0xFF, 0x88, 0x00, 0xFF, 0xFF, 0x88, 0x00, 0xFF, 0xFF, 0x88, 0x00, 0xFF, 0xFF, 0x88, 0x00, 0xFF, 
  0xFF, 0x88, 0x00, 0xFF, 0xFF, 0x88, 0x00, 0xFF, 0xFF, 0x88, 0x00, 0xFF, 0xFF, 0x88, 0x00, 0xFF, 0xFF, 0x88, 0x00, 0xFF, 0xFF, 0x88, 0x00, 0xFF, 0xFF, 0x88, 0x00, 0xFF, 0xFF, 0x88, 0x00, 0xFF, 0xFF, 0x88, 0x00, 0xFF, 0xFF, 0x88, 0x00, 0xFF, 
  0xFF, 0x88, 0x00, 0xFF, 0xFF, 0x88, 0x00, 0xFF, 0xFF, 0x88, 0x00, 0xFF, 0xFF, 0x88, 0x00, 0xFF, 0xFF, 0x88, 0x00, 0xFF, 0xFF, 0x88, 0x00, 0xFF, 0xFF, 0x88, 0x00, 0xFF, 0xFF, 0x88, 0x00, 0xFF, 0xFF, 0x88, 0x00, 0xFF, 0xFF, 0x88, 0x00, 0xFF, 
  0xFF, 0x88, 0x00, 0xFF, 0xFF, 0x88, 0x00, 0xFF, 0xFF, 0x88, 0x00, 0xFF, 0xFF, 0x88, 0x00, 0xFF, 0xFF, 0x88, 0x00, 0xFF, 0xFF, 0x88, 0x00, 0xFF, 0xFF, 0x88, 0x00, 0xFF, 0xFF, 0x88, 0x00, 0xFF, 0xFF, 0x88, 0x00, 0xFF, 0xFF, 0x88, 0x00, 0xFF, 
  0xFF, 0x88, 0x00, 0xFF, 0xFF, 0x88, 0x00, 0xFF, 0xFF, 0x88, 0x00, 0xFF, 0xFF, 0x88, 0x00, 0xFF, 0xFF, 0x88, 0x00, 0xFF, 0xFF, 0x88, 0x00, 0xFF, 0xFF, 0x88, 0x00, 0xFF, 0xFF, 0x88, 0x00, 0xFF, 0xFF, 0x88, 0x00, 0xFF, 0xFF, 0x88, 0x00, 0xFF, 
  0xFF, 0x88, 0x00, 0xFF, 0xFF, 0x88, 0x00, 0xFF, 0xFF, 0x88, 0x00, 0xFF, 0xFF, 0x88, 0x00, 0xFF, 0xFF, 0x88, 0x00, 0xFF, 0xFF, 0x88, 0x00, 0xFF, 0xFF, 0x88, 0x00, 0xFF, 0xFF, 0x88, 0x00, 0xFF, 0xFF, 0x88, 0x00, 0xFF, 0xFF, 0x88, 0x00, 0xFF, 
  0xFF, 0x88, 0x00, 0xFF, 0xFF, 0x88, 0x00, 0xFF, 0xFF, 0x88, 0x00, 0xFF, 0xFF, 0x88, 0x00, 0xFF, 0xFF, 0x88, 0x00, 0xFF, 0xFF, 0x88, 0x00, 0xFF, 0xFF, 0x88, 0x00, 0xFF, 0xFF, 0x88, 0x00, 0xFF, 0xFF, 0x88, 0x00, 0xFF, 0xFF, 0x88, 0x00, 0xFF, 
  0xFF, 0x88, 0x00, 0xFF, 0xFF, 0x88, 0x00, 0xFF, 0xFF, 0x88, 0x00, 0xFF, 0xFF, 0x88, 0x00, 0xFF, 0xFF, 0x88, 0x00, 0xFF, 0xFF, 0x88, 0x00, 0xFF, 0xFF, 0x88, 0x00, 0xFF, 0xFF, 0x88, 0x00, 0xFF, 0xFF, 0x88, 0x00, 0x9F, 0xFF, 0x88, 0x00, 0x00, 
  0xFF, 0x88, 0x00, 0x00, 0x00, 0x00, 0x00, 0x00, 0x00, 0x00, 0x00, 0x00, 0xFF, 0x88, 0x00, 0x10, 0xFF, 0x88, 0x00, 0xEF, 0xFF, 0x88, 0x00, 0xFF, 0xFF, 0x88, 0x00, 0xFF, 0xFF, 0x88, 0x00, 0xFF, 0xFF, 0x88, 0x00, 0xFF, 0xFF, 0x88, 0x00, 0xFF, 
  0xFF, 0x88, 0x00, 0xFF, 0xFF, 0x88, 0x00, 0xFF, 0xFF, 0x88, 0x00, 0xFF, 0xFF, 0x88, 0x00, 0xFF, 0xFF, 0x88, 0x00, 0xFF, 0xFF, 0x88, 0x00, 0xFF, 0xFF, 0x88, 0x00, 0xFF, 0xFF, 0x88, 0x00, 0xFF, 0xFF, 0x88, 0x00, 0xFF, 0xFF, 0x88, 0x00, 0xFF, 
  0xFF, 0x88, 0x00, 0xFF, 0xFF, 0x88, 0x00, 0xFF, 0xFF, 0x88, 0x00, 0xFF, 0xFF, 0x88, 0x00, 0xFF, 0xFF, 0x88, 0x00, 0xFF, 0xFF, 0x88, 0x00, 0xFF, 0xFF, 0x88, 0x00, 0xFF, 0xFF, 0x88, 0x00, 0xFF, 0xFF, 0x88, 0x00, 0xFF, 0xFF, 0x88, 0x00, 0xFF, 
  0xFF, 0x88, 0x00, 0xFF, 0xFF, 0x88, 0x00, 0xFF, 0xFF, 0x88, 0x00, 0xFF, 0xFF, 0x88, 0x00, 0xFF, 0xFF, 0x88, 0x00, 0xFF, 0xFF, 0x88, 0x00, 0xFF, 0xFF, 0x88, 0x00, 0xFF, 0xFF, 0x88, 0x00, 0xFF, 0xFF, 0x88, 0x00, 0xFF, 0xFF, 0x88, 0x00, 0xFF, 
  0xFF, 0x88, 0x00, 0xFF, 0xFF, 0x88, 0x00, 0xFF, 0xFF, 0x88, 0x00, 0xFF, 0xFF, 0x88, 0x00, 0xFF, 0xFF, 0x88, 0x00, 0xFF, 0xFF, 0x88, 0x00, 0xFF, 0xFF, 0x88, 0x00, 0xFF, 0xFF, 0x88, 0x00, 0xFF, 0xFF, 0x88, 0x00, 0xFF, 0xFF, 0x88, 0x00, 0xFF, 
  0xFF, 0x88, 0x00, 0xFF, 0xFF, 0x88, 0x00, 0xFF, 0xFF, 0x88, 0x00, 0xFF, 0xFF, 0x88, 0x00, 0xFF, 0xFF, 0x88, 0x00, 0xFF, 0xFF, 0x88, 0x00, 0xFF, 0xFF, 0x88, 0x00, 0xFF, 0xFF, 0x88, 0x00, 0xFF, 0xFF, 0x88, 0x00, 0xFF, 0xFF, 0x88, 0x00, 0xFF, 
  0xFF, 0x88, 0x00, 0xFF, 0xFF, 0x88, 0x00, 0xFF, 0xFF, 0x88, 0x00, 0xFF, 0xFF, 0x88, 0x00, 0xFF, 0xFF, 0x88, 0x00, 0xFF, 0xFF, 0x88, 0x00, 0xFF, 0xFF, 0x88, 0x00, 0xFF, 0xFF, 0x88, 0x00, 0xFF, 0xFF, 0x88, 0x00, 0xFF, 0xFF, 0x88, 0x00, 0xFF, 
  0xFF, 0x88, 0x00, 0xFF, 0xFF, 0x88, 0x00, 0xFF, 0xFF, 0x88, 0x00, 0xFF, 0xFF, 0x88, 0x00, 0xFF, 0xFF, 0x88, 0x00, 0xFF, 0xFF, 0x88, 0x00, 0xFF, 0xFF, 0x88, 0x00, 0xFF, 0xFF, 0x88, 0x00, 0xFF, 0xFF, 0x88, 0x00, 0xFF, 0xFF, 0x88, 0x00, 0xFF, 
  0xFF, 0x88, 0x00, 0xFF, 0xFF, 0x88, 0x00, 0xFF, 0xFF, 0x88, 0x00, 0xFF, 0xFF, 0x88, 0x00, 0xFF, 0xFF, 0x88, 0x00, 0xFF, 0xFF, 0x88, 0x00, 0xFF, 0xFF, 0x88, 0x00, 0xFF, 0xFF, 0x88, 0x00, 0xFF, 0xFF, 0x88, 0x00, 0xFF, 0xFF, 0x88, 0x00, 0xFF, 
  0xFF, 0x88, 0x00, 0xFF, 0xFF, 0x88, 0x00, 0xFF, 0xFF, 0x88, 0x00, 0xFF, 0xFF, 0x88, 0x00, 0xFF, 0xFF, 0x88, 0x00, 0xFF, 0xFF, 0x88, 0x00, 0xFF, 0xFF, 0x88, 0x00, 0xFF, 0xFF, 0x88, 0x00, 0xFF, 0xFF, 0x88, 0x00, 0xFF, 0xFF, 0x88, 0x00, 0x20, 
  0xFF, 0x88, 0x00, 0x00, 0xFF, 0x88, 0x00, 0x00, 0x00, 0x00, 0x00, 0x00, 0x00, 0x00, 0x00, 0x00, 0x00, 0x00, 0x00, 0x00, 0xFF, 0x88, 0x00, 0x70, 0xFF, 0x88, 0x00, 0xFF, 0xFF, 0x88, 0x00, 0xFF, 0xFF, 0x88, 0x00, 0xFF, 0xFF, 0x88, 0x00, 0xFF, 
  0xFF, 0x88, 0x00, 0xFF, 0xFF, 0x88, 0x00, 0xFF, 0xFF, 0x88, 0x00, 0xFF, 0xFF, 0x88, 0x00, 0xFF, 0xFF, 0x88, 0x00, 0xFF, 0xFF, 0x88, 0x00, 0xFF, 0xFF, 0x88, 0x00, 0xFF, 0xFF, 0x88, 0x00, 0xFF, 0xFF, 0x88, 0x00, 0xFF, 0xFF, 0x88, 0x00, 0xFF, 
  0xFF, 0x88, 0x00, 0xFF, 0xFF, 0x88, 0x00, 0xFF, 0xFF, 0x88, 0x00, 0xFF, 0xFF, 0x88, 0x00, 0xFF, 0xFF, 0x88, 0x00, 0xFF, 0xFF, 0x88, 0x00, 0xFF, 0xFF, 0x88, 0x00, 0xFF, 0xFF, 0x88, 0x00, 0xFF, 0xFF, 0x88, 0x00, 0xFF, 0xFF, 0x88, 0x00, 0xFF, 
  0xFF, 0x88, 0x00, 0xFF, 0xFF, 0x88, 0x00, 0xFF, 0xFF, 0x88, 0x00, 0xFF, 0xFF, 0x88, 0x00, 0xFF, 0xFF, 0x88, 0x00, 0xFF, 0xFF, 0x88, 0x00, 0xFF, 0xFF, 0x88, 0x00, 0xFF, 0xFF, 0x88, 0x00, 0xFF, 0xFF, 0x88, 0x00, 0xFF, 0xFF, 0x88, 0x00, 0xFF, 
  0xFF, 0x88, 0x00, 0xFF, 0xFF, 0x88, 0x00, 0xFF, 0xFF, 0x88, 0x00, 0xFF, 0xFF, 0x88, 0x00, 0xFF, 0xFF, 0x88, 0x00, 0xFF, 0xFF, 0x88, 0x00, 0xFF, 0xFF, 0x88, 0x00, 0xFF, 0xFF, 0x88, 0x00, 0xFF, 0xFF, 0x88, 0x00, 0xFF, 0xFF, 0x88, 0x00, 0xFF, 
  0xFF, 0x88, 0x00, 0xFF, 0xFF, 0x88, 0x00, 0xFF, 0xFF, 0x88, 0x00, 0xFF, 0xFF, 0x88, 0x00, 0xFF, 0xFF, 0x88, 0x00, 0xFF, 0xFF, 0x88, 0x00, 0xFF, 0xFF, 0x88, 0x00, 0xFF, 0xFF, 0x88, 0x00, 0xFF, 0xFF, 0x88, 0x00, 0xFF, 0xFF, 0x88, 0x00, 0xFF, 
  0xFF, 0x88, 0x00, 0xFF, 0xFF, 0x88, 0x00, 0xFF, 0xFF, 0x88, 0x00, 0xFF, 0xFF, 0x88, 0x00, 0xFF, 0xFF, 0x88, 0x00, 0xFF, 0xFF, 0x88, 0x00, 0xFF, 0xFF, 0x88, 0x00, 0xFF, 0xFF, 0x88, 0x00, 0xFF, 0xFF, 0x88, 0x00, 0xFF, 0xFF, 0x88, 0x00, 0xFF, 
  0xFF, 0x88, 0x00, 0xFF, 0xFF, 0x88, 0x00, 0xFF, 0xFF, 0x88, 0x00, 0xFF, 0xFF, 0x88, 0x00, 0xFF, 0xFF, 0x88, 0x00, 0xFF, 0xFF, 0x88, 0x00, 0xFF, 0xFF, 0x88, 0x00, 0xFF, 0xFF, 0x88, 0x00, 0xFF, 0xFF, 0x88, 0x00, 0xFF, 0xFF, 0x88, 0x00, 0xFF, 
  0xFF, 0x88, 0x00, 0xFF, 0xFF, 0x88, 0x00, 0xFF, 0xFF, 0x88, 0x00, 0xFF, 0xFF, 0x88, 0x00, 0xFF, 0xFF, 0x88, 0x00, 0xFF, 0xFF, 0x88, 0x00, 0xFF, 0xFF, 0x88, 0x00, 0xFF, 0xFF, 0x88, 0x00, 0xFF, 0xFF, 0x88, 0x00, 0xFF, 0xFF, 0x88, 0x00, 0xFF, 
  0xFF, 0x88, 0x00, 0xFF, 0xFF, 0x88, 0x00, 0xFF, 0xFF, 0x88, 0x00, 0xFF, 0xFF, 0x88, 0x00, 0xFF, 0xFF, 0x88, 0x00, 0xFF, 0xFF, 0x88, 0x00, 0xFF, 0xFF, 0x88, 0x00, 0xFF, 0xFF, 0x88, 0x00, 0xFF, 0xFF, 0x88, 0x00, 0xFF, 0xFF, 0x88, 0x00, 0x80, 
  0xFF, 0x88, 0x00, 0x00, 0xFF, 0x88, 0x00, 0x00, 0xFF, 0x88, 0x00, 0x00, 0x00, 0x00, 0x00, 0x00, 0x00, 0x00, 0x00, 0x00, 0x00, 0x00, 0x00, 0x00, 0x00, 0x00, 0x00, 0x00, 0xFF, 0x88, 0x00, 0xBF, 0xFF, 0x88, 0x00, 0xFF, 0xFF, 0x88, 0x00, 0xFF, 
  0xFF, 0x88, 0x00, 0xFF, 0xFF, 0x88, 0x00, 0xFF, 0xFF, 0x88, 0x00, 0xFF, 0xFF, 0x88, 0x00, 0xFF, 0xFF, 0x88, 0x00, 0xFF, 0xFF, 0x88, 0x00, 0xFF, 0xFF, 0x88, 0x00, 0xFF, 0xFF, 0x88, 0x00, 0xFF, 0xFF, 0x88, 0x00, 0xFF, 0xFF, 0x88, 0x00, 0xFF, 
  0xFF, 0x88, 0x00, 0xFF, 0xFF, 0x88, 0x00, 0xFF, 0xFF, 0x88, 0x00, 0xFF, 0xFF, 0x88, 0x00, 0xFF, 0xFF, 0x88, 0x00, 0xFF, 0xFF, 0x88, 0x00, 0xFF, 0xFF, 0x88, 0x00, 0xFF, 0xFF, 0x88, 0x00, 0xFF, 0xFF, 0x88, 0x00, 0xFF, 0xFF, 0x88, 0x00, 0xFF, 
  0xFF, 0x88, 0x00, 0xFF, 0xFF, 0x88, 0x00, 0xFF, 0xFF, 0x88, 0x00, 0xFF, 0xFF, 0x88, 0x00, 0xFF, 0xFF, 0x88, 0x00, 0xFF, 0xFF, 0x88, 0x00, 0xFF, 0xFF, 0x88, 0x00, 0xFF, 0xFF, 0x88, 0x00, 0xFF, 0xFF, 0x88, 0x00, 0xFF, 0xFF, 0x88, 0x00, 0xFF, 
  0xFF, 0x88, 0x00, 0xFF, 0xFF, 0x88, 0x00, 0xFF, 0xFF, 0x88, 0x00, 0xFF, 0xFF, 0x88, 0x00, 0xFF, 0xFF, 0x88, 0x00, 0xFF, 0xFF, 0x88, 0x00, 0xFF, 0xFF, 0x88, 0x00, 0xFF, 0xFF, 0x88, 0x00, 0xFF, 0xFF, 0x88, 0x00, 0xFF, 0xFF, 0x88, 0x00, 0xFF, 
  0xFF, 0x88, 0x00, 0xFF, 0xFF, 0x88, 0x00, 0xFF, 0xFF, 0x88, 0x00, 0xFF, 0xFF, 0x88, 0x00, 0xFF, 0xFF, 0x88, 0x00, 0xFF, 0xFF, 0x88, 0x00, 0xFF, 0xFF, 0x88, 0x00, 0xFF, 0xFF, 0x88, 0x00, 0xFF, 0xFF, 0x88, 0x00, 0xFF, 0xFF, 0x88, 0x00, 0xFF, 
  0xFF, 0x88, 0x00, 0xFF, 0xFF, 0x88, 0x00, 0xFF, 0xFF, 0x88, 0x00, 0xFF, 0xFF, 0x88, 0x00, 0xFF, 0xFF, 0x88, 0x00, 0xFF, 0xFF, 0x88, 0x00, 0xFF, 0xFF, 0x88, 0x00, 0xFF, 0xFF, 0x88, 0x00, 0xFF, 0xFF, 0x88, 0x00, 0xFF, 0xFF, 0x88, 0x00, 0xFF, 
  0xFF, 0x88, 0x00, 0xFF, 0xFF, 0x88, 0x00, 0xFF, 0xFF, 0x88, 0x00, 0xFF, 0xFF, 0x88, 0x00, 0xFF, 0xFF, 0x88, 0x00, 0xFF, 0xFF, 0x88, 0x00, 0xFF, 0xFF, 0x88, 0x00, 0xFF, 0xFF, 0x88, 0x00, 0xFF, 0xFF, 0x88, 0x00, 0xFF, 0xFF, 0x88, 0x00, 0xFF, 
  0xFF, 0x88, 0x00, 0xFF, 0xFF, 0x88, 0x00, 0xFF, 0xFF, 0x88, 0x00, 0xFF, 0xFF, 0x88, 0x00, 0xFF, 0xFF, 0x88, 0x00, 0xFF, 0xFF, 0x88, 0x00, 0xFF, 0xFF, 0x88, 0x00, 0xFF, 0xFF, 0x88, 0x00, 0xFF, 0xFF, 0x88, 0x00, 0xFF, 0xFF, 0x88, 0x00, 0xFF, 
  0xFF, 0x88, 0x00, 0xFF, 0xFF, 0x88, 0x00, 0xFF, 0xFF, 0x88, 0x00, 0xFF, 0xFF, 0x88, 0x00, 0xFF, 0xFF, 0x88, 0x00, 0xFF, 0xFF, 0x88, 0x00, 0xFF, 0xFF, 0x88, 0x00, 0xFF, 0xFF, 0x88, 0x00, 0xFF, 0xFF, 0x88, 0x00, 0xFF, 0xFF, 0x88, 0x00, 0xCF, 
  0xFF, 0x88, 0x00, 0x00, 0xFF, 0x88, 0x00, 0x00, 0xFF, 0x88, 0x00, 0x00, 0xFF, 0x88, 0x00, 0x00, 0x00, 0x00, 0x00, 0x00, 0x00, 0x00, 0x00, 0x00, 0x00, 0x00, 0x00, 0x00, 0x00, 0x00, 0x00, 0x00, 0xFF, 0x88, 0x00, 0x10, 0xFF, 0x88, 0x00, 0xEF, 
  0xFF, 0x88, 0x00, 0xFF, 0xFF, 0x88, 0x00, 0xFF, 0xFF, 0x88, 0x00, 0xFF, 0xFF, 0x88, 0x00, 0xFF, 0xFF, 0x88, 0x00, 0xFF, 0xFF, 0x88, 0x00, 0xFF, 0xFF, 0x88, 0x00, 0xFF, 0xFF, 0x88, 0x00, 0xFF, 0xFF, 0x88, 0x00, 0xFF, 0xFF, 0x88, 0x00, 0xFF, 
  0xFF, 0x88, 0x00, 0xFF, 0xFF, 0x88, 0x00, 0xFF, 0xFF, 0x88, 0x00, 0xFF, 0xFF, 0x88, 0x00, 0xFF, 0xFF, 0x88, 0x00, 0xFF, 0xFF, 0x88, 0x00, 0xFF, 0xFF, 0x88, 0x00, 0xFF, 0xFF, 0x88, 0x00, 0xFF, 0xFF, 0x88, 0x00, 0xFF, 0xFF, 0x88, 0x00, 0xFF, 
  0xFF, 0x88, 0x00, 0xFF, 0xFF, 0x88, 0x00, 0xFF, 0xFF, 0x88, 0x00, 0xFF, 0xFF, 0x88, 0x00, 0xFF, 0xFF, 0x88, 0x00, 0xFF, 0xFF, 0x88, 0x00, 0xFF, 0xFF, 0x88, 0x00, 0xFF, 0xFF, 0x88, 0x00, 0xFF, 0xFF, 0x88, 0x00, 0xFF, 0xFF, 0x88, 0x00, 0xFF, 
  0xFF, 0x88, 0x00, 0xFF, 0xFF, 0x88, 0x00, 0xFF, 0xFF, 0x88, 0x00, 0xFF, 0xFF, 0x88, 0x00, 0xFF, 0xFF, 0x88, 0x00, 0xFF, 0xFF, 0x88, 0x00, 0xFF, 0xFF, 0x88, 0x00, 0xFF, 0xFF, 0x88, 0x00, 0xFF, 0xFF, 0x88, 0x00, 0xFF, 0xFF, 0x88, 0x00, 0xFF, 
  0xFF, 0x88, 0x00, 0xFF, 0xFF, 0x88, 0x00, 0xFF, 0xFF, 0x88, 0x00, 0xFF, 0xFF, 0x88, 0x00, 0xFF, 0xFF, 0x88, 0x00, 0xFF, 0xFF, 0x88, 0x00, 0xFF, 0xFF, 0x88, 0x00, 0xFF, 0xFF, 0x88, 0x00, 0xFF, 0xFF, 0x88, 0x00, 0xFF, 0xFF, 0x88, 0x00, 0xFF, 
  0xFF, 0x88, 0x00, 0xFF, 0xFF, 0x88, 0x00, 0xFF, 0xFF, 0x88, 0x00, 0xFF, 0xFF, 0x88, 0x00, 0xFF, 0xFF, 0x88, 0x00, 0xFF, 0xFF, 0x88, 0x00, 0xFF, 0xFF, 0x88, 0x00, 0xFF, 0xFF, 0x88, 0x00, 0xFF, 0xFF, 0x88, 0x00, 0xFF, 0xFF, 0x88, 0x00, 0xFF, 
  0xFF, 0x88, 0x00, 0xFF, 0xFF, 0x88, 0x00, 0xFF, 0xFF, 0x88, 0x00, 0xFF, 0xFF, 0x88, 0x00, 0xFF, 0xFF, 0x88, 0x00, 0xFF, 0xFF, 0x88, 0x00, 0xFF, 0xFF, 0x88, 0x00, 0xFF, 0xFF, 0x88, 0x00, 0xFF, 0xFF, 0x88, 0x00, 0xFF, 0xFF, 0x88, 0x00, 0xFF, 
  0xFF, 0x88, 0x00, 0xFF, 0xFF, 0x88, 0x00, 0xFF, 0xFF, 0x88, 0x00, 0xFF, 0xFF, 0x88, 0x00, 0xFF, 0xFF, 0x88, 0x00, 0xFF, 0xFF, 0x88, 0x00, 0xFF, 0xFF, 0x88, 0x00, 0xFF, 0xFF, 0x88, 0x00, 0xFF, 0xFF, 0x88, 0x00, 0xFF, 0xFF, 0x88, 0x00, 0xFF, 
  0xFF, 0x88, 0x00, 0xFF, 0xFF, 0x88, 0x00, 0xFF, 0xFF, 0x88, 0x00, 0xFF, 0xFF, 0x88, 0x00, 0xFF, 0xFF, 0x88, 0x00, 0xFF, 0xFF, 0x88, 0x00, 0xFF, 0xFF, 0x88, 0x00, 0xFF, 0xFF, 0x88, 0x00, 0xFF, 0xFF, 0x88, 0x00, 0xFF, 0xFF, 0x88, 0x00, 0xEF, 
  0xFF, 0x88, 0x00, 0x30, 0xFF, 0x88, 0x00, 0x00, 0xFF, 0x88, 0x00, 0x00, 0xFF, 0x88, 0x00, 0x00, 0xFF, 0x88, 0x00, 0x00, 0x00, 0x00, 0x00, 0x00, 0x00, 0x00, 0x00, 0x00, 0x00, 0x00, 0x00, 0x00, 0x00, 0x00, 0x00, 0x00, 0x00, 0x00, 0x00, 0x00, 
  0xFF, 0x88, 0x00, 0x30, 0xFF, 0x88, 0x00, 0xEF, 0xFF, 0x88, 0x00, 0xFF, 0xFF, 0x88, 0x00, 0xFF, 0xFF, 0x88, 0x00, 0xFF, 0xFF, 0x88, 0x00, 0xFF, 0xFF, 0x88, 0x00, 0xFF, 0xFF, 0x88, 0x00, 0xFF, 0xFF, 0x88, 0x00, 0xFF, 0xFF, 0x88, 0x00, 0xFF, 
  0xFF, 0x88, 0x00, 0xFF, 0xFF, 0x88, 0x00, 0xFF, 0xFF, 0x88, 0x00, 0xFF, 0xFF, 0x88, 0x00, 0xFF, 0xFF, 0x88, 0x00, 0xFF, 0xFF, 0x88, 0x00, 0xFF, 0xFF, 0x88, 0x00, 0xFF, 0xFF, 0x88, 0x00, 0xFF, 0xFF, 0x88, 0x00, 0xFF, 0xFF, 0x88, 0x00, 0xFF, 
  0xFF, 0x88, 0x00, 0xFF, 0xFF, 0x88, 0x00, 0xFF, 0xFF, 0x88, 0x00, 0xFF, 0xFF, 0x88, 0x00, 0xFF, 0xFF, 0x88, 0x00, 0xFF, 0xFF, 0x88, 0x00, 0xFF, 0xFF, 0x88, 0x00, 0xFF, 0xFF, 0x88, 0x00, 0xFF, 0xFF, 0x88, 0x00, 0xFF, 0xFF, 0x88, 0x00, 0xFF, 
  0xFF, 0x88, 0x00, 0xFF, 0xFF, 0x88, 0x00, 0xFF, 0xFF, 0x88, 0x00, 0xFF, 0xFF, 0x88, 0x00, 0xFF, 0xFF, 0x88, 0x00, 0xFF, 0xFF, 0x88, 0x00, 0xFF, 0xFF, 0x88, 0x00, 0xFF, 0xFF, 0x88, 0x00, 0xFF, 0xFF, 0x88, 0x00, 0xFF, 0xFF, 0x88, 0x00, 0xFF, 
  0xFF, 0x88, 0x00, 0xFF, 0xFF, 0x88, 0x00, 0xFF, 0xFF, 0x88, 0x00, 0xFF, 0xFF, 0x88, 0x00, 0xFF, 0xFF, 0x88, 0x00, 0xFF, 0xFF, 0x88, 0x00, 0xFF, 0xFF, 0x88, 0x00, 0xFF, 0xFF, 0x88, 0x00, 0xFF, 0xFF, 0x88, 0x00, 0xFF, 0xFF, 0x88, 0x00, 0xFF, 
  0xFF, 0x88, 0x00, 0xFF, 0xFF, 0x88, 0x00, 0xFF, 0xFF, 0x88, 0x00, 0xFF, 0xFF, 0x88, 0x00, 0xFF, 0xFF, 0x88, 0x00, 0xFF, 0xFF, 0x88, 0x00, 0xFF, 0xFF, 0x88, 0x00, 0xFF, 0xFF, 0x88, 0x00, 0xFF, 0xFF, 0x88, 0x00, 0xFF, 0xFF, 0x88, 0x00, 0xFF, 
  0xFF, 0x88, 0x00, 0xFF, 0xFF, 0x88, 0x00, 0xFF, 0xFF, 0x88, 0x00, 0xFF, 0xFF, 0x88, 0x00, 0xFF, 0xFF, 0x88, 0x00, 0xFF, 0xFF, 0x88, 0x00, 0xFF, 0xFF, 0x88, 0x00, 0xFF, 0xFF, 0x88, 0x00, 0xFF, 0xFF, 0x88, 0x00, 0xFF, 0xFF, 0x88, 0x00, 0xFF, 
  0xFF, 0x88, 0x00, 0xFF, 0xFF, 0x88, 0x00, 0xFF, 0xFF, 0x88, 0x00, 0xFF, 0xFF, 0x88, 0x00, 0xFF, 0xFF, 0x88, 0x00, 0xFF, 0xFF, 0x88, 0x00, 0xFF, 0xFF, 0x88, 0x00, 0xFF, 0xFF, 0x88, 0x00, 0xFF, 0xFF, 0x88, 0x00, 0xFF, 0xFF, 0x88, 0x00, 0xFF, 
  0xFF, 0x88, 0x00, 0xFF, 0xFF, 0x88, 0x00, 0xFF, 0xFF, 0x88, 0x00, 0xFF, 0xFF, 0x88, 0x00, 0xFF, 0xFF, 0x88, 0x00, 0xFF, 0xFF, 0x88, 0x00, 0xFF, 0xFF, 0x88, 0x00, 0xFF, 0xFF, 0x88, 0x00, 0xFF, 0xFF, 0x88, 0x00, 0xFF, 0xFF, 0x88, 0x00, 0xFF, 
  0xFF, 0x88, 0x00, 0x50, 0xFF, 0x88, 0x00, 0x00, 0xFF, 0x88, 0x00, 0x00, 0xFF, 0x88, 0x00, 0x00, 0xFF, 0x88, 0x00, 0x00, 0xFF, 0x88, 0x00, 0x00, 0x00, 0x00, 0x00, 0x00, 0x00, 0x00, 0x00, 0x00, 0x00, 0x00, 0x00, 0x00, 0x00, 0x00, 0x00, 0x00, 
  0x00, 0x00, 0x00, 0x00, 0x00, 0x00, 0x00, 0x00, 0xFF, 0x88, 0x00, 0x60, 0xFF, 0x88, 0x00, 0xFF, 0xFF, 0x88, 0x00, 0xFF, 0xFF, 0x88, 0x00, 0xFF, 0xFF, 0x88, 0x00, 0xFF, 0xFF, 0x88, 0x00, 0xFF, 0xFF, 0x88, 0x00, 0xFF, 0xFF, 0x88, 0x00, 0xFF, 
  0xFF, 0x88, 0x00, 0xFF, 0xFF, 0x88, 0x00, 0xFF, 0xFF, 0x88, 0x00, 0xFF, 0xFF, 0x88, 0x00, 0xFF, 0xFF, 0x88, 0x00, 0xFF, 0xFF, 0x88, 0x00, 0xFF, 0xFF, 0x88, 0x00, 0xFF, 0xFF, 0x88, 0x00, 0xFF, 0xFF, 0x88, 0x00, 0xFF, 0xFF, 0x88, 0x00, 0xFF, 
  0xFF, 0x88, 0x00, 0xFF, 0xFF, 0x88, 0x00, 0xFF, 0xFF, 0x88, 0x00, 0xFF, 0xFF, 0x88, 0x00, 0xFF, 0xFF, 0x88, 0x00, 0xFF, 0xFF, 0x88, 0x00, 0xFF, 0xFF, 0x88, 0x00, 0xFF, 0xFF, 0x88, 0x00, 0xFF, 0xFF, 0x88, 0x00, 0xFF, 0xFF, 0x88, 0x00, 0xFF, 
  0xFF, 0x88, 0x00, 0xFF, 0xFF, 0x88, 0x00, 0xFF, 0xFF, 0x88, 0x00, 0xFF, 0xFF, 0x88, 0x00, 0xFF, 0xFF, 0x88, 0x00, 0xFF, 0xFF, 0x88, 0x00, 0xFF, 0xFF, 0x88, 0x00, 0xFF, 0xFF, 0x88, 0x00, 0xFF, 0xFF, 0x88, 0x00, 0xFF, 0xFF, 0x88, 0x00, 0xFF, 
  0xFF, 0x88, 0x00, 0xFF, 0xFF, 0x88, 0x00, 0xFF, 0xFF, 0x88, 0x00, 0xFF, 0xFF, 0x88, 0x00, 0xFF, 0xFF, 0x88, 0x00, 0xFF, 0xFF, 0x88, 0x00, 0xFF, 0xFF, 0x88, 0x00, 0xFF, 0xFF, 0x88, 0x00, 0xFF, 0xFF, 0x88, 0x00, 0xFF, 0xFF, 0x88, 0x00, 0xFF, 
  0xFF, 0x88, 0x00, 0xFF, 0xFF, 0x88, 0x00, 0xFF, 0xFF, 0x88, 0x00, 0xFF, 0xFF, 0x88, 0x00, 0xFF, 0xFF, 0x88, 0x00, 0xFF, 0xFF, 0x88, 0x00, 0xFF, 0xFF, 0x88, 0x00, 0xFF, 0xFF, 0x88, 0x00, 0xFF, 0xFF, 0x88, 0x00, 0xFF, 0xFF, 0x88, 0x00, 0xFF, 
  0xFF, 0x88, 0x00, 0xFF, 0xFF, 0x88, 0x00, 0xFF, 0xFF, 0x88, 0x00, 0xFF, 0xFF, 0x88, 0x00, 0xFF, 0xFF, 0x88, 0x00, 0xFF, 0xFF, 0x88, 0x00, 0xFF, 0xFF, 0x88, 0x00, 0xFF, 0xFF, 0x88, 0x00, 0xFF, 0xFF, 0x88, 0x00, 0xFF, 0xFF, 0x88, 0x00, 0xFF, 
  0xFF, 0x88, 0x00, 0xFF, 0xFF, 0x88, 0x00, 0xFF, 0xFF, 0x88, 0x00, 0xFF, 0xFF, 0x88, 0x00, 0xFF, 0xFF, 0x88, 0x00, 0xFF, 0xFF, 0x88, 0x00, 0xFF, 0xFF, 0x88, 0x00, 0xFF, 0xFF, 0x88, 0x00, 0xFF, 0xFF, 0x88, 0x00, 0xFF, 0xFF, 0x88, 0x00, 0xFF, 
  0xFF, 0x88, 0x00, 0xFF, 0xFF, 0x88, 0x00, 0xFF, 0xFF, 0x88, 0x00, 0xFF, 0xFF, 0x88, 0x00, 0xFF, 0xFF, 0x88, 0x00, 0xFF, 0xFF, 0x88, 0x00, 0xFF, 0xFF, 0x88, 0x00, 0xFF, 0xFF, 0x88, 0x00, 0xFF, 0xFF, 0x88, 0x00, 0xFF, 0xFF, 0x88, 0x00, 0xFF, 
  0xFF, 0x88, 0x00, 0x60, 0xFF, 0x88, 0x00, 0x00, 0xFF, 0x88, 0x00, 0x00, 0xFF, 0x88, 0x00, 0x00, 0xFF, 0x88, 0x00, 0x00, 0xFF, 0x88, 0x00, 0x00, 0xFF, 0x88, 0x00, 0x00, 0x00, 0x00, 0x00, 0x00, 0x00, 0x00, 0x00, 0x00, 0x00, 0x00, 0x00, 0x00, 
  0x00, 0x00, 0x00, 0x00, 0x00, 0x00, 0x00, 0x00, 0x00, 0x00, 0x00, 0x00, 0x00, 0x00, 0x00, 0x00, 0xFF, 0x88, 0x00, 0x60, 0xFF, 0x88, 0x00, 0xFF, 0xFF, 0x88, 0x00, 0xFF, 0xFF, 0x88, 0x00, 0xFF, 0xFF, 0x88, 0x00, 0xFF, 0xFF, 0x88, 0x00, 0xFF, 
  0xFF, 0x88, 0x00, 0xFF, 0xFF, 0x88, 0x00, 0xFF, 0xFF, 0x88, 0x00, 0xFF, 0xFF, 0x88, 0x00, 0xFF, 0xFF, 0x88, 0x00, 0xFF, 0xFF, 0x88, 0x00, 0xFF, 0xFF, 0x88, 0x00, 0xFF, 0xFF, 0x88, 0x00, 0xFF, 0xFF, 0x88, 0x00, 0xFF, 0xFF, 0x88, 0x00, 0xFF, 
  0xFF, 0x88, 0x00, 0xFF, 0xFF, 0x88, 0x00, 0xFF, 0xFF, 0x88, 0x00, 0xFF, 0xFF, 0x88, 0x00, 0xFF, 0xFF, 0x88, 0x00, 0xFF, 0xFF, 0x88, 0x00, 0xFF, 0xFF, 0x88, 0x00, 0xFF, 0xFF, 0x88, 0x00, 0xFF, 0xFF, 0x88, 0x00, 0xFF, 0xFF, 0x88, 0x00, 0xFF, 
  0xFF, 0x88, 0x00, 0xFF, 0xFF, 0x88, 0x00, 0xFF, 0xFF, 0x88, 0x00, 0xFF, 0xFF, 0x88, 0x00, 0xFF, 0xFF, 0x88, 0x00, 0xFF, 0xFF, 0x88, 0x00, 0xFF, 0xFF, 0x88, 0x00, 0xFF, 0xFF, 0x88, 0x00, 0xFF, 0xFF, 0x88, 0x00, 0xFF, 0xFF, 0x88, 0x00, 0xFF, 
  0xFF, 0x88, 0x00, 0xFF, 0xFF, 0x88, 0x00, 0xFF, 0xFF, 0x88, 0x00, 0xFF, 0xFF, 0x88, 0x00, 0xFF, 0xFF, 0x88, 0x00, 0xFF, 0xFF, 0x88, 0x00, 0xFF, 0xFF, 0x88, 0x00, 0xFF, 0xFF, 0x88, 0x00, 0xFF, 0xFF, 0x88, 0x00, 0xFF, 0xFF, 0x88, 0x00, 0xFF, 
  0xFF, 0x88, 0x00, 0xFF, 0xFF, 0x88, 0x00, 0xFF, 0xFF, 0x88, 0x00, 0xFF, 0xFF, 0x88, 0x00, 0xFF, 0xFF, 0x88, 0x00, 0xFF, 0xFF, 0x88, 0x00, 0xFF, 0xFF, 0x88, 0x00, 0xFF, 0xFF, 0x88, 0x00, 0xFF, 0xFF, 0x88, 0x00, 0xFF, 0xFF, 0x88, 0x00, 0xFF, 
  0xFF, 0x88, 0x00, 0xFF, 0xFF, 0x88, 0x00, 0xFF, 0xFF, 0x88, 0x00, 0xFF, 0xFF, 0x88, 0x00, 0xFF, 0xFF, 0x88, 0x00, 0xFF, 0xFF, 0x88, 0x00, 0xFF, 0xFF, 0x88, 0x00, 0xFF, 0xFF, 0x88, 0x00, 0xFF, 0xFF, 0x88, 0x00, 0xFF, 0xFF, 0x88, 0x00, 0xFF, 
  0xFF, 0x88, 0x00, 0xFF, 0xFF, 0x88, 0x00, 0xFF, 0xFF, 0x88, 0x00, 0xFF, 0xFF, 0x88, 0x00, 0xFF, 0xFF, 0x88, 0x00, 0xFF, 0xFF, 0x88, 0x00, 0xFF, 0xFF, 0x88, 0x00, 0xFF, 0xFF, 0x88, 0x00, 0xFF, 0xFF, 0x88, 0x00, 0xFF, 0xFF, 0x88, 0x00, 0xFF, 
  0xFF, 0x88, 0x00, 0xFF, 0xFF, 0x88, 0x00, 0xFF, 0xFF, 0x88, 0x00, 0xFF, 0xFF, 0x88, 0x00, 0xFF, 0xFF, 0x88, 0x00, 0xFF, 0xFF, 0x88, 0x00, 0xFF, 0xFF, 0x88, 0x00, 0xFF, 0xFF, 0x88, 0x00, 0xFF, 0xFF, 0x88, 0x00, 0xFF, 0xFF, 0x88, 0x00, 0xFF, 
  0xFF, 0x88, 0x00, 0x60, 0xFF, 0x88, 0x00, 0x00, 0xFF, 0x88, 0x00, 0x00, 0xFF, 0x88, 0x00, 0x00, 0xFF, 0x88, 0x00, 0x00, 0xFF, 0x88, 0x00, 0x00, 0xFF, 0x88, 0x00, 0x00, 0xFF, 0x88, 0x00, 0x00, 0x00, 0x00, 0x00, 0x00, 0x00, 0x00, 0x00, 0x00, 
  0x00, 0x00, 0x00, 0x00, 0x00, 0x00, 0x00, 0x00, 0x00, 0x00, 0x00, 0x00, 0x00, 0x00, 0x00, 0x00, 0x00, 0x00, 0x00, 0x00, 0x00, 0x00, 0x00, 0x00, 0xFF, 0x88, 0x00, 0x30, 0xFF, 0x88, 0x00, 0xEF, 0xFF, 0x88, 0x00, 0xFF, 0xFF, 0x88, 0x00, 0xFF, 
  0xFF, 0x88, 0x00, 0xFF, 0xFF, 0x88, 0x00, 0xFF, 0xFF, 0x88, 0x00, 0xFF, 0xFF, 0x88, 0x00, 0xFF, 0xFF, 0x88, 0x00, 0xFF, 0xFF, 0x88, 0x00, 0xFF, 0xFF, 0x88, 0x00, 0xFF, 0xFF, 0x88, 0x00, 0xFF, 0xFF, 0x88, 0x00, 0xFF, 0xFF, 0x88, 0x00, 0xFF, 
  0xFF, 0x88, 0x00, 0xFF, 0xFF, 0x88, 0x00, 0xFF, 0xFF, 0x88, 0x00, 0xFF, 0xFF, 0x88, 0x00, 0xFF, 0xFF, 0x88, 0x00, 0xFF, 0xFF, 0x88, 0x00, 0xFF, 0xFF, 0x88, 0x00, 0xFF, 0xFF, 0x88, 0x00, 0xFF, 0xFF, 0x88, 0x00, 0xFF, 0xFF, 0x88, 0x00, 0xFF, 
  0xFF, 0x88, 0x00, 0xFF, 0xFF, 0x88, 0x00, 0xFF, 0xFF, 0x88, 0x00, 0xFF, 0xFF, 0x88, 0x00, 0xFF, 0xFF, 0x88, 0x00, 0xFF, 0xFF, 0x88, 0x00, 0xFF, 0xFF, 0x88, 0x00, 0xFF, 0xFF, 0x88, 0x00, 0xFF, 0xFF, 0x88, 0x00, 0xFF, 0xFF, 0x88, 0x00, 0xFF, 
  0xFF, 0x88, 0x00, 0xFF, 0xFF, 0x88, 0x00, 0xFF, 0xFF, 0x88, 0x00, 0xFF, 0xFF, 0x88, 0x00, 0xFF, 0xFF, 0x88, 0x00, 0xFF, 0xFF, 0x88, 0x00, 0xFF, 0xFF, 0x88, 0x00, 0xFF, 0xFF, 0x88, 0x00, 0xFF, 0xFF, 0x88, 0x00, 0xFF, 0xFF, 0x88, 0x00, 0xFF, 
  0xFF, 0x88, 0x00, 0xFF, 0xFF, 0x88, 0x00, 0xFF, 0xFF, 0x88, 0x00, 0xFF, 0xFF, 0x88, 0x00, 0xFF, 0xFF, 0x88, 0x00, 0xFF, 0xFF, 0x88, 0x00, 0xFF, 0xFF, 0x88, 0x00, 0xFF, 0xFF, 0x88, 0x00, 0xFF, 0xFF, 0x88, 0x00, 0xFF, 0xFF, 0x88, 0x00, 0xFF, 
  0xFF, 0x88, 0x00, 0xFF, 0xFF, 0x88, 0x00, 0xFF, 0xFF, 0x88, 0x00, 0xFF, 0xFF, 0x88, 0x00, 0xFF, 0xFF, 0x88, 0x00, 0xFF, 0xFF, 0x88, 0x00, 0xFF, 0xFF, 0x88, 0x00, 0xFF, 0xFF, 0x88, 0x00, 0xFF, 0xFF, 0x88, 0x00, 0xFF, 0xFF, 0x88, 0x00, 0xFF, 
  0xFF, 0x88, 0x00, 0xFF, 0xFF, 0x88, 0x00, 0xFF, 0xFF, 0x88, 0x00, 0xFF, 0xFF, 0x88, 0x00, 0xFF, 0xFF, 0x88, 0x00, 0xFF, 0xFF, 0x88, 0x00, 0xFF, 0xFF, 0x88, 0x00, 0xFF, 0xFF, 0x88, 0x00, 0xFF, 0xFF, 0x88, 0x00, 0xFF, 0xFF, 0x88, 0x00, 0xFF, 
  0xFF, 0x88, 0x00, 0xFF, 0xFF, 0x88, 0x00, 0xFF, 0xFF, 0x88, 0x00, 0xFF, 0xFF, 0x88, 0x00, 0xFF, 0xFF, 0x88, 0x00, 0xFF, 0xFF, 0x88, 0x00, 0xFF, 0xFF, 0x88, 0x00, 0xFF, 0xFF, 0x88, 0x00, 0xFF, 0xFF, 0x88, 0x00, 0xFF, 0xFF, 0x88, 0x00, 0xEF, 
  0xFF, 0x88, 0x00, 0x60, 0xFF, 0x88, 0x00, 0x00, 0xFF, 0x88, 0x00, 0x00, 0xFF, 0x88, 0x00, 0x00, 0xFF, 0x88, 0x00, 0x00, 0xFF, 0x88, 0x00, 0x00, 0xFF, 0x88, 0x00, 0x00, 0xFF, 0x88, 0x00, 0x00, 0xFF, 0x88, 0x00, 0x00, 0x00, 0x00, 0x00, 0x00, 
  0x00, 0x00, 0x00, 0x00, 0x00, 0x00, 0x00, 0x00, 0x00, 0x00, 0x00, 0x00, 0x00, 0x00, 0x00, 0x00, 0x00, 0x00, 0x00, 0x00, 0x00, 0x00, 0x00, 0x00, 0x00, 0x00, 0x00, 0x00, 0x00, 0x00, 0x00, 0x00, 0xFF, 0x88, 0x00, 0x20, 0xFF, 0x88, 0x00, 0xCF, 
  0xFF, 0x88, 0x00, 0xFF, 0xFF, 0x88, 0x00, 0xFF, 0xFF, 0x88, 0x00, 0xFF, 0xFF, 0x88, 0x00, 0xFF, 0xFF, 0x88, 0x00, 0xFF, 0xFF, 0x88, 0x00, 0xFF, 0xFF, 0x88, 0x00, 0xFF, 0xFF, 0x88, 0x00, 0xFF, 0xFF, 0x88, 0x00, 0xFF, 0xFF, 0x88, 0x00, 0xFF, 
  0xFF, 0x88, 0x00, 0xFF, 0xFF, 0x88, 0x00, 0xFF, 0xFF, 0x88, 0x00, 0xFF, 0xFF, 0x88, 0x00, 0xFF, 0xFF, 0x88, 0x00, 0xFF, 0xFF, 0x88, 0x00, 0xFF, 0xFF, 0x88, 0x00, 0xFF, 0xFF, 0x88, 0x00, 0xFF, 0xFF, 0x88, 0x00, 0xFF, 0xFF, 0x88, 0x00, 0xFF, 
  0xFF, 0x88, 0x00, 0xFF, 0xFF, 0x88, 0x00, 0xFF, 0xFF, 0x88, 0x00, 0xFF, 0xFF, 0x88, 0x00, 0xFF, 0xFF, 0x88, 0x00, 0xFF, 0xFF, 0x88, 0x00, 0xFF, 0xFF, 0x88, 0x00, 0xFF, 0xFF, 0x88, 0x00, 0xFF, 0xFF, 0x88, 0x00, 0xFF, 0xFF, 0x88, 0x00, 0xFF, 
  0xFF, 0x88, 0x00, 0xFF, 0xFF, 0x88, 0x00, 0xFF, 0xFF, 0x88, 0x00, 0xFF, 0xFF, 0x88, 0x00, 0xFF, 0xFF, 0x88, 0x00, 0xFF, 0xFF, 0x88, 0x00, 0xFF, 0xFF, 0x88, 0x00, 0xFF, 0xFF, 0x88, 0x00, 0xFF, 0xFF, 0x88, 0x00, 0xFF, 0xFF, 0x88, 0x00, 0xFF, 
  0xFF, 0x88, 0x00, 0xFF, 0xFF, 0x88, 0x00, 0xFF, 0xFF, 0x88, 0x00, 0xFF, 0xFF, 0x88, 0x00, 0xFF, 0xFF, 0x88, 0x00, 0xFF, 0xFF, 0x88, 0x00, 0xFF, 0xFF, 0x88, 0x00, 0xFF, 0xFF, 0x88, 0x00, 0xFF, 0xFF, 0x88, 0x00, 0xFF, 0xFF, 0x88, 0x00, 0xFF, 
  0xFF, 0x88, 0x00, 0xFF, 0xFF, 0x88, 0x00, 0xFF, 0xFF, 0x88, 0x00, 0xFF, 0xFF, 0x88, 0x00, 0xFF, 0xFF, 0x88, 0x00, 0xFF, 0xFF, 0x88, 0x00, 0xFF, 0xFF, 0x88, 0x00, 0xFF, 0xFF, 0x88, 0x00, 0xFF, 0xFF, 0x88, 0x00, 0xFF, 0xFF, 0x88, 0x00, 0xFF, 
  0xFF, 0x88, 0x00, 0xFF, 0xFF, 0x88, 0x00, 0xFF, 0xFF, 0x88, 0x00, 0xFF, 0xFF, 0x88, 0x00, 0xFF, 0xFF, 0x88, 0x00, 0xFF, 0xFF, 0x88, 0x00, 0xFF, 0xFF, 0x88, 0x00, 0xFF, 0xFF, 0x88, 0x00, 0xFF, 0xFF, 0x88, 0x00, 0xFF, 0xFF, 0x88, 0x00, 0xFF, 
  0xFF, 0x88, 0x00, 0xFF, 0xFF, 0x88, 0x00, 0xFF, 0xFF, 0x88, 0x00, 0xFF, 0xFF, 0x88, 0x00, 0xFF, 0xFF, 0x88, 0x00, 0xFF, 0xFF, 0x88, 0x00, 0xFF, 0xFF, 0x88, 0x00, 0xFF, 0xFF, 0x88, 0x00, 0xFF, 0xFF, 0x88, 0x00, 0xFF, 0xFF, 0x88, 0x00, 0xDF, 
  0xFF, 0x88, 0x00, 0x30, 0xFF, 0x88, 0x00, 0x00, 0xFF, 0x88, 0x00, 0x00, 0xFF, 0x88, 0x00, 0x00, 0xFF, 0x88, 0x00, 0x00, 0xFF, 0x88, 0x00, 0x00, 0xFF, 0x88, 0x00, 0x00, 0xFF, 0x88, 0x00, 0x00, 0xFF, 0x88, 0x00, 0x00, 0xFF, 0x88, 0x00, 0x00, 
  0x00, 0x00, 0x00, 0x00, 0x00, 0x00, 0x00, 0x00, 0x00, 0x00, 0x00, 0x00, 0x00, 0x00, 0x00, 0x00, 0x00, 0x00, 0x00, 0x00, 0x00, 0x00, 0x00, 0x00, 0x00, 0x00, 0x00, 0x00, 0x00, 0x00, 0x00, 0x00, 0x00, 0x00, 0x00, 0x00, 0x00, 0x00, 0x00, 0x00, 
  0x00, 0x00, 0x00, 0x00, 0xFF, 0x88, 0x00, 0x80, 0xFF, 0x88, 0x00, 0xFF, 0xFF, 0x88, 0x00, 0xFF, 0xFF, 0x88, 0x00, 0xFF, 0xFF, 0x88, 0x00, 0xFF, 0xFF, 0x88, 0x00, 0xFF, 0xFF, 0x88, 0x00, 0xFF, 0xFF, 0x88, 0x00, 0xFF, 0xFF, 0x88, 0x00, 0xFF, 
  0xFF, 0x88, 0x00, 0xFF, 0xFF, 0x88, 0x00, 0xFF, 0xFF, 0x88, 0x00, 0xFF, 0xFF, 0x88, 0x00, 0xFF, 0xFF, 0x88, 0x00, 0xFF, 0xFF, 0x88, 0x00, 0xFF, 0xFF, 0x88, 0x00, 0xFF, 0xFF, 0x88, 0x00, 0xFF, 0xFF, 0x88, 0x00, 0xFF, 0xFF, 0x88, 0x00, 0xFF, 
  0xFF, 0x88, 0x00, 0xFF, 0xFF, 0x88, 0x00, 0xFF, 0xFF, 0x88, 0x00, 0xFF, 0xFF, 0x88, 0x00, 0xFF, 0xFF, 0x88, 0x00, 0xFF, 0xFF, 0x88, 0x00, 0xFF, 0xFF, 0x88, 0x00, 0xFF, 0xFF, 0x88, 0x00, 0xFF, 0xFF, 0x88, 0x00, 0xFF, 0xFF, 0x88, 0x00, 0xFF, 
  0xFF, 0x88, 0x00, 0xFF, 0xFF, 0x88, 0x00, 0xFF, 0xFF, 0x88, 0x00, 0xFF, 0xFF, 0x88, 0x00, 0xFF, 0xFF, 0x88, 0x00, 0xFF, 0xFF, 0x88, 0x00, 0xFF, 0xFF, 0x88, 0x00, 0xFF, 0xFF, 0x88, 0x00, 0xFF, 0xFF, 0x88, 0x00, 0xFF, 0xFF, 0x88, 0x00, 0xFF, 
  0xFF, 0x88, 0x00, 0xFF, 0xFF, 0x88, 0x00, 0xFF, 0xFF, 0x88, 0x00, 0xFF, 0xFF, 0x88, 0x00, 0xFF, 0xFF, 0x88, 0x00, 0xFF, 0xFF, 0x88, 0x00, 0xFF, 0xFF, 0x88, 0x00, 0xFF, 0xFF, 0x88, 0x00, 0xFF, 0xFF, 0x88, 0x00, 0xFF, 0xFF, 0x88, 0x00, 0xFF, 
  0xFF, 0x88, 0x00, 0xFF, 0xFF, 0x88, 0x00, 0xFF, 0xFF, 0x88, 0x00, 0xFF, 0xFF, 0x88, 0x00, 0xFF, 0xFF, 0x88, 0x00, 0xFF, 0xFF, 0x88, 0x00, 0xFF, 0xFF, 0x88, 0x00, 0xFF, 0xFF, 0x88, 0x00, 0xFF, 0xFF, 0x88, 0x00, 0xFF, 0xFF, 0x88, 0x00, 0xFF, 
  0xFF, 0x88, 0x00, 0xFF, 0xFF, 0x88, 0x00, 0xFF, 0xFF, 0x88, 0x00, 0xFF, 0xFF, 0x88, 0x00, 0xFF, 0xFF, 0x88, 0x00, 0xFF, 0xFF, 0x88, 0x00, 0xFF, 0xFF, 0x88, 0x00, 0xFF, 0xFF, 0x88, 0x00, 0xFF, 0xFF, 0x88, 0x00, 0xFF, 0xFF, 0x88, 0x00, 0xFF, 
  0xFF, 0x88, 0x00, 0xFF, 0xFF, 0x88, 0x00, 0xFF, 0xFF, 0x88, 0x00, 0xFF, 0xFF, 0x88, 0x00, 0xFF, 0xFF, 0x88, 0x00, 0xFF, 0xFF, 0x88, 0x00, 0xFF, 0xFF, 0x88, 0x00, 0xFF, 0xFF, 0x88, 0x00, 0xFF, 0xFF, 0x88, 0x00, 0xFF, 0xFF, 0x88, 0x00, 0x8F, 
  0xFF, 0x88, 0x00, 0x10, 0xFF, 0x88, 0x00, 0x00, 0xFF, 0x88, 0x00, 0x00, 0xFF, 0x88, 0x00, 0x00, 0xFF, 0x88, 0x00, 0x00, 0xFF, 0x88, 0x00, 0x00, 0xFF, 0x88, 0x00, 0x00, 0xFF, 0x88, 0x00, 0x00, 0xFF, 0x88, 0x00, 0x00, 0xFF, 0x88, 0x00, 0x00, 
  0xFF, 0x88, 0x00, 0x00, 0x00, 0x00, 0x00, 0x00, 0x00, 0x00, 0x00, 0x00, 0x00, 0x00, 0x00, 0x00, 0x00, 0x00, 0x00, 0x00, 0x00, 0x00, 0x00, 0x00, 0x00, 0x00, 0x00, 0x00, 0x00, 0x00, 0x00, 0x00, 0x00, 0x00, 0x00, 0x00, 0x00, 0x00, 0x00, 0x00, 
  0x00, 0x00, 0x00, 0x00, 0x00, 0x00, 0x00, 0x00, 0x00, 0x00, 0x00, 0x00, 0xFF, 0x88, 0x00, 0x30, 0xFF, 0x88, 0x00, 0xBF, 0xFF, 0x88, 0x00, 0xFF, 0xFF, 0x88, 0x00, 0xFF, 0xFF, 0x88, 0x00, 0xFF, 0xFF, 0x88, 0x00, 0xFF, 0xFF, 0x88, 0x00, 0xFF, 
  0xFF, 0x88, 0x00, 0xFF, 0xFF, 0x88, 0x00, 0xFF, 0xFF, 0x88, 0x00, 0xFF, 0xFF, 0x88, 0x00, 0xFF, 0xFF, 0x88, 0x00, 0xFF, 0xFF, 0x88, 0x00, 0xFF, 0xFF, 0x88, 0x00, 0xFF, 0xFF, 0x88, 0x00, 0xFF, 0xFF, 0x88, 0x00, 0xFF, 0xFF, 0x88, 0x00, 0xFF, 
  0xFF, 0x88, 0x00, 0xFF, 0xFF, 0x88, 0x00, 0xFF, 0xFF, 0x88, 0x00, 0xFF, 0xFF, 0x88, 0x00, 0xFF, 0xFF, 0x88, 0x00, 0xFF, 0xFF, 0x88, 0x00, 0xFF, 0xFF, 0x88, 0x00, 0xFF, 0xFF, 0x88, 0x00, 0xFF, 0xFF, 0x88, 0x00, 0xFF, 0xFF, 0x88, 0x00, 0xFF, 
  0xFF, 0x88, 0x00, 0xFF, 0xFF, 0x88, 0x00, 0xFF, 0xFF, 0x88, 0x00, 0xFF, 0xFF, 0x88, 0x00, 0xFF, 0xFF, 0x88, 0x00, 0xFF, 0xFF, 0x88, 0x00, 0xFF, 0xFF, 0x88, 0x00, 0xFF, 0xFF, 0x88, 0x00, 0xFF, 0xFF, 0x88, 0x00, 0xFF, 0xFF, 0x88, 0x00, 0xFF, 
  0xFF, 0x88, 0x00, 0xFF, 0xFF, 0x88, 0x00, 0xFF, 0xFF, 0x88, 0x00, 0xFF, 0xFF, 0x88, 0x00, 0xFF, 0xFF, 0x88, 0x00, 0xFF, 0xFF, 0x88, 0x00, 0xFF, 0xFF, 0x88, 0x00, 0xFF, 0xFF, 0x88, 0x00, 0xFF, 0xFF, 0x88, 0x00, 0xFF, 0xFF, 0x88, 0x00, 0xFF, 
  0xFF, 0x88, 0x00, 0xFF, 0xFF, 0x88, 0x00, 0xFF, 0xFF, 0x88, 0x00, 0xFF, 0xFF, 0x88, 0x00, 0xFF, 0xFF, 0x88, 0x00, 0xFF, 0xFF, 0x88, 0x00, 0xFF, 0xFF, 0x88, 0x00, 0xFF, 0xFF, 0x88, 0x00, 0xFF, 0xFF, 0x88, 0x00, 0xFF, 0xFF, 0x88, 0x00, 0xFF, 
  0xFF, 0x88, 0x00, 0xFF, 0xFF, 0x88, 0x00, 0xFF, 0xFF, 0x88, 0x00, 0xFF, 0xFF, 0x88, 0x00, 0xFF, 0xFF, 0x88, 0x00, 0xFF, 0xFF, 0x88, 0x00, 0xFF, 0xFF, 0x88, 0x00, 0xFF, 0xFF, 0x88, 0x00, 0xFF, 0xFF, 0x88, 0x00, 0xFF, 0xFF, 0x88, 0x00, 0xFF, 
  0xFF, 0x88, 0x00, 0xFF, 0xFF, 0x88, 0x00, 0xFF, 0xFF, 0x88, 0x00, 0xFF, 0xFF, 0x88, 0x00, 0xFF, 0xFF, 0x88, 0x00, 0xFF, 0xFF, 0x88, 0x00, 0xFF, 0xFF, 0x88, 0x00, 0xFF, 0xFF, 0x88, 0x00, 0xFF, 0xFF, 0x88, 0x00, 0xCF, 0xFF, 0x88, 0x00, 0x40, 
  0xFF, 0x88, 0x00, 0x00, 0xFF, 0x88, 0x00, 0x00, 0xFF, 0x88, 0x00, 0x00, 0xFF, 0x88, 0x00, 0x00, 0xFF, 0x88, 0x00, 0x00, 0xFF, 0x88, 0x00, 0x00, 0xFF, 0x88, 0x00, 0x00, 0xFF, 0x88, 0x00, 0x00, 0xFF, 0x88, 0x00, 0x00, 0xFF, 0x88, 0x00, 0x00, 
  0xFF, 0x88, 0x00, 0x00, 0xFF, 0x88, 0x00, 0x00, 0x00, 0x00, 0x00, 0x00, 0x00, 0x00, 0x00, 0x00, 0x00, 0x00, 0x00, 0x00, 0x00, 0x00, 0x00, 0x00, 0x00, 0x00, 0x00, 0x00, 0x00, 0x00, 0x00, 0x00, 0x00, 0x00, 0x00, 0x00, 0x00, 0x00, 0x00, 0x00, 
  0x00, 0x00, 0x00, 0x00, 0x00, 0x00, 0x00, 0x00, 0x00, 0x00, 0x00, 0x00, 0x00, 0x00, 0x00, 0x00, 0x00, 0x00, 0x00, 0x00, 0x00, 0x00, 0x00, 0x00, 0xFF, 0x88, 0x00, 0x50, 0xFF, 0x88, 0x00, 0xCF, 0xFF, 0x88, 0x00, 0xFF, 0xFF, 0x88, 0x00, 0xFF, 
  0xFF, 0x88, 0x00, 0xFF, 0xFF, 0x88, 0x00, 0xFF, 0xFF, 0x88, 0x00, 0xFF, 0xFF, 0x88, 0x00, 0xFF, 0xFF, 0x88, 0x00, 0xFF, 0xFF, 0x88, 0x00, 0xFF, 0xFF, 0x88, 0x00, 0xFF, 0xFF, 0x88, 0x00, 0xFF, 0xFF, 0x88, 0x00, 0xFF, 0xFF, 0x88, 0x00, 0xFF, 
  0xFF, 0x88, 0x00, 0xFF, 0xFF, 0x88, 0x00, 0xFF, 0xFF, 0x88, 0x00, 0xFF, 0xFF, 0x88, 0x00, 0xFF, 0xFF, 0x88, 0x00, 0xFF, 0xFF, 0x88, 0x00, 0xFF, 0xFF, 0x88, 0x00, 0xFF, 0xFF, 0x88, 0x00, 0xFF, 0xFF, 0x88, 0x00, 0xFF, 0xFF, 0x88, 0x00, 0xFF, 
  0xFF, 0x88, 0x00, 0xFF, 0xFF, 0x88, 0x00, 0xFF, 0xFF, 0x88, 0x00, 0xFF, 0xFF, 0x88, 0x00, 0xFF, 0xFF, 0x88, 0x00, 0xFF, 0xFF, 0x88, 0x00, 0xFF, 0xFF, 0x88, 0x00, 0xFF, 0xFF, 0x88, 0x00, 0xFF, 0xFF, 0x88, 0x00, 0xFF, 0xFF, 0x88, 0x00, 0xFF, 
  0xFF, 0x88, 0x00, 0xFF, 0xFF, 0x88, 0x00, 0xFF, 0xFF, 0x88, 0x00, 0xFF, 0xFF, 0x88, 0x00, 0xFF, 0xFF, 0x88, 0x00, 0xFF, 0xFF, 0x88, 0x00, 0xFF, 0xFF, 0x88, 0x00, 0xFF, 0xFF, 0x88, 0x00, 0xFF, 0xFF, 0x88, 0x00, 0xFF, 0xFF, 0x88, 0x00, 0xFF, 
  0xFF, 0x88, 0x00, 0xFF, 0xFF, 0x88, 0x00, 0xFF, 0xFF, 0x88, 0x00, 0xFF, 0xFF, 0x88, 0x00, 0xFF, 0xFF, 0x88, 0x00, 0xFF, 0xFF, 0x88, 0x00, 0xFF, 0xFF, 0x88, 0x00, 0xFF, 0xFF, 0x88, 0x00, 0xFF, 0xFF, 0x88, 0x00, 0xFF, 0xFF, 0x88, 0x00, 0xFF, 
  0xFF, 0x88, 0x00, 0xFF, 0xFF, 0x88, 0x00, 0xFF, 0xFF, 0x88, 0x00, 0xFF, 0xFF, 0x88, 0x00, 0xFF, 0xFF, 0x88, 0x00, 0xFF, 0xFF, 0x88, 0x00, 0xFF, 0xFF, 0x88, 0x00, 0xFF, 0xFF, 0x88, 0x00, 0xFF, 0xFF, 0x88, 0x00, 0xFF, 0xFF, 0x88, 0x00, 0xFF, 
  0xFF, 0x88, 0x00, 0xFF, 0xFF, 0x88, 0x00, 0xFF, 0xFF, 0x88, 0x00, 0xFF, 0xFF, 0x88, 0x00, 0xFF, 0xFF, 0x88, 0x00, 0xFF, 0xFF, 0x88, 0x00, 0xFF, 0xFF, 0x88, 0x00, 0xFF, 0xFF, 0x88, 0x00, 0xDF, 0xFF, 0x88, 0x00, 0x60, 0xFF, 0x88, 0x00, 0x00, 
  0xFF, 0x88, 0x00, 0x00, 0xFF, 0x88, 0x00, 0x00, 0xFF, 0x88, 0x00, 0x00, 0xFF, 0x88, 0x00, 0x00, 0xFF, 0x88, 0x00, 0x00, 0xFF, 0x88, 0x00, 0x00, 0xFF, 0x88, 0x00, 0x00, 0xFF, 0x88, 0x00, 0x00, 0xFF, 0x88, 0x00, 0x00, 0xFF, 0x88, 0x00, 0x00, 
  0xFF, 0x88, 0x00, 0x00, 0xFF, 0x88, 0x00, 0x00, 0xFF, 0x88, 0x00, 0x00, 0x00, 0x00, 0x00, 0x00, 0x00, 0x00, 0x00, 0x00, 0x00, 0x00, 0x00, 0x00, 0x00, 0x00, 0x00, 0x00, 0x00, 0x00, 0x00, 0x00, 0x00, 0x00, 0x00, 0x00, 0x00, 0x00, 0x00, 0x00, 
  0x00, 0x00, 0x00, 0x00, 0x00, 0x00, 0x00, 0x00, 0x00, 0x00, 0x00, 0x00, 0x00, 0x00, 0x00, 0x00, 0x00, 0x00, 0x00, 0x00, 0x00, 0x00, 0x00, 0x00, 0x00, 0x00, 0x00, 0x00, 0x00, 0x00, 0x00, 0x00, 0x00, 0x00, 0x00, 0x00, 0xFF, 0x88, 0x00, 0x40, 
  0xFF, 0x88, 0x00, 0xAF, 0xFF, 0x88, 0x00, 0xFF, 0xFF, 0x88, 0x00, 0xFF, 0xFF, 0x88, 0x00, 0xFF, 0xFF, 0x88, 0x00, 0xFF, 0xFF, 0x88, 0x00, 0xFF, 0xFF, 0x88, 0x00, 0xFF, 0xFF, 0x88, 0x00, 0xFF, 0xFF, 0x88, 0x00, 0xFF, 0xFF, 0x88, 0x00, 0xFF, 
  0xFF, 0x88, 0x00, 0xFF, 0xFF, 0x88, 0x00, 0xFF, 0xFF, 0x88, 0x00, 0xFF, 0xFF, 0x88, 0x00, 0xFF, 0xFF, 0x88, 0x00, 0xFF, 0xFF, 0x88, 0x00, 0xFF, 0xFF, 0x88, 0x00, 0xFF, 0xFF, 0x88, 0x00, 0xFF, 0xFF, 0x88, 0x00, 0xFF, 0xFF, 0x88, 0x00, 0xFF, 
  0xFF, 0x88, 0x00, 0xFF, 0xFF, 0x88, 0x00, 0xFF, 0xFF, 0x88, 0x00, 0xFF, 0xFF, 0x88, 0x00, 0xFF, 0xFF, 0x88, 0x00, 0xFF, 0xFF, 0x88, 0x00, 0xFF, 0xFF, 0x88, 0x00, 0xFF, 0xFF, 0x88, 0x00, 0xFF, 0xFF, 0x88, 0x00, 0xFF, 0xFF, 0x88, 0x00, 0xFF, 
  0xFF, 0x88, 0x00, 0xFF, 0xFF, 0x88, 0x00, 0xFF, 0xFF, 0x88, 0x00, 0xFF, 0xFF, 0x88, 0x00, 0xFF, 0xFF, 0x88, 0x00, 0xFF, 0xFF, 0x88, 0x00, 0xFF, 0xFF, 0x88, 0x00, 0xFF, 0xFF, 0x88, 0x00, 0xFF, 0xFF, 0x88, 0x00, 0xFF, 0xFF, 0x88, 0x00, 0xFF, 
  0xFF, 0x88, 0x00, 0xFF, 0xFF, 0x88, 0x00, 0xFF, 0xFF, 0x88, 0x00, 0xFF, 0xFF, 0x88, 0x00, 0xFF, 0xFF, 0x88, 0x00, 0xFF, 0xFF, 0x88, 0x00, 0xFF, 0xFF, 0x88, 0x00, 0xFF, 0xFF, 0x88, 0x00, 0xFF, 0xFF, 0x88, 0x00, 0xFF, 0xFF, 0x88, 0x00, 0xFF, 
  0xFF, 0x88, 0x00, 0xFF, 0xFF, 0x88, 0x00, 0xFF, 0xFF, 0x88, 0x00, 0xFF, 0xFF, 0x88, 0x00, 0xFF, 0xFF, 0x88, 0x00, 0xFF, 0xFF, 0x88, 0x00, 0xFF, 0xFF, 0x88, 0x00, 0xFF, 0xFF, 0x88, 0x00, 0xFF, 0xFF, 0x88, 0x00, 0xFF, 0xFF, 0x88, 0x00, 0xFF, 
  0xFF, 0x88, 0x00, 0xFF, 0xFF, 0x88, 0x00, 0xFF, 0xFF, 0x88, 0x00, 0xFF, 0xFF, 0x88, 0x00, 0xFF, 0xFF, 0x88, 0x00, 0xFF, 0xFF, 0x88, 0x00, 0xFF, 0xFF, 0x88, 0x00, 0xAF, 0xFF, 0x88, 0x00, 0x50, 0xFF, 0x88, 0x00, 0x00, 0xFF, 0x88, 0x00, 0x00, 
  0xFF, 0x88, 0x00, 0x00, 0xFF, 0x88, 0x00, 0x00, 0xFF, 0x88, 0x00, 0x00, 0xFF, 0x88, 0x00, 0x00, 0xFF, 0x88, 0x00, 0x00, 0xFF, 0x88, 0x00, 0x00, 0xFF, 0x88, 0x00, 0x00, 0xFF, 0x88, 0x00, 0x00, 0xFF, 0x88, 0x00, 0x00, 0xFF, 0x88, 0x00, 0x00, 
  0xFF, 0x88, 0x00, 0x00, 0xFF, 0x88, 0x00, 0x00, 0xFF, 0x88, 0x00, 0x00, 0xFF, 0x88, 0x00, 0x00, 0x00, 0x00, 0x00, 0x00, 0x00, 0x00, 0x00, 0x00, 0x00, 0x00, 0x00, 0x00, 0x00, 0x00, 0x00, 0x00, 0x00, 0x00, 0x00, 0x00, 0x00, 0x00, 0x00, 0x00, 
  0x00, 0x00, 0x00, 0x00, 0x00, 0x00, 0x00, 0x00, 0x00, 0x00, 0x00, 0x00, 0x00, 0x00, 0x00, 0x00, 0x00, 0x00, 0x00, 0x00, 0x00, 0x00, 0x00, 0x00, 0x00, 0x00, 0x00, 0x00, 0x00, 0x00, 0x00, 0x00, 0x00, 0x00, 0x00, 0x00, 0x00, 0x00, 0x00, 0x00, 
  0x00, 0x00, 0x00, 0x00, 0x00, 0x00, 0x00, 0x00, 0xFF, 0x88, 0x00, 0x10, 0xFF, 0x88, 0x00, 0x60, 0xFF, 0x88, 0x00, 0xAF, 0xFF, 0x88, 0x00, 0xEF, 0xFF, 0x88, 0x00, 0xFF, 0xFF, 0x88, 0x00, 0xFF, 0xFF, 0x88, 0x00, 0xFF, 0xFF, 0x88, 0x00, 0xFF, 
  0xFF, 0x88, 0x00, 0xFF, 0xFF, 0x88, 0x00, 0xFF, 0xFF, 0x88, 0x00, 0xFF, 0xFF, 0x88, 0x00, 0xFF, 0xFF, 0x88, 0x00, 0xFF, 0xFF, 0x88, 0x00, 0xFF, 0xFF, 0x88, 0x00, 0xFF, 0xFF, 0x88, 0x00, 0xFF, 0xFF, 0x88, 0x00, 0xFF, 0xFF, 0x88, 0x00, 0xFF, 
  0xFF, 0x88, 0x00, 0xFF, 0xFF, 0x88, 0x00, 0xFF, 0xFF, 0x88, 0x00, 0xFF, 0xFF, 0x88, 0x00, 0xFF, 0xFF, 0x88, 0x00, 0xFF, 0xFF, 0x88, 0x00, 0xFF, 0xFF, 0x88, 0x00, 0xFF, 0xFF, 0x88, 0x00, 0xFF, 0xFF, 0x88, 0x00, 0xFF, 0xFF, 0x88, 0x00, 0xFF, 
  0xFF, 0x88, 0x00, 0xFF, 0xFF, 0x88, 0x00, 0xFF, 0xFF, 0x88, 0x00, 0xFF, 0xFF, 0x88, 0x00, 0xFF, 0xFF, 0x88, 0x00, 0xFF, 0xFF, 0x88, 0x00, 0xFF, 0xFF, 0x88, 0x00, 0xFF, 0xFF, 0x88, 0x00, 0xFF, 0xFF, 0x88, 0x00, 0xFF, 0xFF, 0x88, 0x00, 0xFF, 
  0xFF, 0x88, 0x00, 0xFF, 0xFF, 0x88, 0x00, 0xFF, 0xFF, 0x88, 0x00, 0xFF, 0xFF, 0x88, 0x00, 0xFF, 0xFF, 0x88, 0x00, 0xFF, 0xFF, 0x88, 0x00, 0xFF, 0xFF, 0x88, 0x00, 0xFF, 0xFF, 0x88, 0x00, 0xFF, 0xFF, 0x88, 0x00, 0xFF, 0xFF, 0x88, 0x00, 0xFF, 
  0xFF, 0x88, 0x00, 0xFF, 0xFF, 0x88, 0x00, 0xFF, 0xFF, 0x88, 0x00, 0xFF, 0xFF, 0x88, 0x00, 0xFF, 0xFF, 0x88, 0x00, 0xFF, 0xFF, 0x88, 0x00, 0xFF, 0xFF, 0x88, 0x00, 0xFF, 0xFF, 0x88, 0x00, 0xFF, 0xFF, 0x88, 0x00, 0xFF, 0xFF, 0x88, 0x00, 0xFF, 
  0xFF, 0x88, 0x00, 0xFF, 0xFF, 0x88, 0x00, 0xFF, 0xFF, 0x88, 0x00, 0xFF, 0xFF, 0x88, 0x00, 0xFF, 0xFF, 0x88, 0x00, 0xAF, 0xFF, 0x88, 0x00, 0x70, 0xFF, 0x88, 0x00, 0x20, 0xFF, 0x88, 0x00, 0x00, 0xFF, 0x88, 0x00, 0x00, 0xFF, 0x88, 0x00, 0x00, 
  0xFF, 0x88, 0x00, 0x00, 0xFF, 0x88, 0x00, 0x00, 0xFF, 0x88, 0x00, 0x00, 0xFF, 0x88, 0x00, 0x00, 0xFF, 0x88, 0x00, 0x00, 0xFF, 0x88, 0x00, 0x00, 0xFF, 0x88, 0x00, 0x00, 0xFF, 0x88, 0x00, 0x00, 0xFF, 0x88, 0x00, 0x00, 0xFF, 0x88, 0x00, 0x00, 
  0xFF, 0x88, 0x00, 0x00, 0xFF, 0x88, 0x00, 0x00, 0xFF, 0x88, 0x00, 0x00, 0xFF, 0x88, 0x00, 0x00, 0xFF, 0x88, 0x00, 0x00, 0x00, 0x00, 0x00, 0x00, 0x00, 0x00, 0x00, 0x00, 0x00, 0x00, 0x00, 0x00, 0x00, 0x00, 0x00, 0x00, 0x00, 0x00, 0x00, 0x00, 
  0x00, 0x00, 0x00, 0x00, 0x00, 0x00, 0x00, 0x00, 0x00, 0x00, 0x00, 0x00, 0x00, 0x00, 0x00, 0x00, 0x00, 0x00, 0x00, 0x00, 0x00, 0x00, 0x00, 0x00, 0x00, 0x00, 0x00, 0x00, 0x00, 0x00, 0x00, 0x00, 0x00, 0x00, 0x00, 0x00, 0x00, 0x00, 0x00, 0x00, 
  0x00, 0x00, 0x00, 0x00, 0x00, 0x00, 0x00, 0x00, 0x00, 0x00, 0x00, 0x00, 0x00, 0x00, 0x00, 0x00, 0x00, 0x00, 0x00, 0x00, 0x00, 0x00, 0x00, 0x00, 0x00, 0x00, 0x00, 0x00, 0xFF, 0x88, 0x00, 0x30, 0xFF, 0x88, 0x00, 0x70, 0xFF, 0x88, 0x00, 0x8F, 
  0xFF, 0x88, 0x00, 0xBF, 0xFF, 0x88, 0x00, 0xCF, 0xFF, 0x88, 0x00, 0xFF, 0xFF, 0x88, 0x00, 0xFF, 0xFF, 0x88, 0x00, 0xFF, 0xFF, 0x88, 0x00, 0xFF, 0xFF, 0x88, 0x00, 0xFF, 0xFF, 0x88, 0x00, 0xFF, 0xFF, 0x88, 0x00, 0xFF, 0xFF, 0x88, 0x00, 0xFF, 
  0xFF, 0x88, 0x00, 0xFF, 0xFF, 0x88, 0x00, 0xFF, 0xFF, 0x88, 0x00, 0xFF, 0xFF, 0x88, 0x00, 0xFF, 0xFF, 0x88, 0x00, 0xFF, 0xFF, 0x88, 0x00, 0xFF, 0xFF, 0x88, 0x00, 0xFF, 0xFF, 0x88, 0x00, 0xFF, 0xFF, 0x88, 0x00, 0xFF, 0xFF, 0x88, 0x00, 0xFF, 
  0xFF, 0x88, 0x00, 0xFF, 0xFF, 0x88, 0x00, 0xFF, 0xFF, 0x88, 0x00, 0xFF, 0xFF, 0x88, 0x00, 0xFF, 0xFF, 0x88, 0x00, 0xFF, 0xFF, 0x88, 0x00, 0xFF, 0xFF, 0x88, 0x00, 0xFF, 0xFF, 0x88, 0x00, 0xFF, 0xFF, 0x88, 0x00, 0xFF, 0xFF, 0x88, 0x00, 0xFF, 
  0xFF, 0x88, 0x00, 0xFF, 0xFF, 0x88, 0x00, 0xFF, 0xFF, 0x88, 0x00, 0xFF, 0xFF, 0x88, 0x00, 0xFF, 0xFF, 0x88, 0x00, 0xFF, 0xFF, 0x88, 0x00, 0xFF, 0xFF, 0x88, 0x00, 0xFF, 0xFF, 0x88, 0x00, 0xFF, 0xFF, 0x88, 0x00, 0xFF, 0xFF, 0x88, 0x00, 0xFF, 
  0xFF, 0x88, 0x00, 0xFF, 0xFF, 0x88, 0x00, 0xFF, 0xFF, 0x88, 0x00, 0xFF, 0xFF, 0x88, 0x00, 0xFF, 0xFF, 0x88, 0x00, 0xFF, 0xFF, 0x88, 0x00, 0xFF, 0xFF, 0x88, 0x00, 0xFF, 0xFF, 0x88, 0x00, 0xFF, 0xFF, 0x88, 0x00, 0xFF, 0xFF, 0x88, 0x00, 0xCF, 
  0xFF, 0x88, 0x00, 0xBF, 0xFF, 0x88, 0x00, 0x8F, 0xFF, 0x88, 0x00, 0x70, 0xFF, 0x88, 0x00, 0x40, 0xFF, 0x88, 0x00, 0x00, 0xFF, 0x88, 0x00, 0x00, 0xFF, 0x88, 0x00, 0x00, 0xFF, 0x88, 0x00, 0x00, 0xFF, 0x88, 0x00, 0x00, 0xFF, 0x88, 0x00, 0x00, 
  0xFF, 0x88, 0x00, 0x00, 0xFF, 0x88, 0x00, 0x00, 0xFF, 0x88, 0x00, 0x00, 0xFF, 0x88, 0x00, 0x00, 0xFF, 0x88, 0x00, 0x00, 0xFF, 0x88, 0x00, 0x00, 0xFF, 0x88, 0x00, 0x00, 0xFF, 0x88, 0x00, 0x00, 0xFF, 0x88, 0x00, 0x00, 0xFF, 0x88, 0x00, 0x00, 
  0xFF, 0x88, 0x00, 0x00, 0xFF, 0x88, 0x00, 0x00, 0xFF, 0x88, 0x00, 0x00, 0xFF, 0x88, 0x00, 0x00, 0xFF, 0x88, 0x00, 0x00, 0xFF, 0x88, 0x00, 0x00, 
};

/*************************** End of file ****************************/
