/*********************************************************************
*                     SEGGER Microcontroller GmbH                    *
*        Solutions for real time microcontroller applications        *
**********************************************************************
*                                                                    *
*        (c) 1996 - 2026  SEGGER Microcontroller GmbH                *
*                                                                    *
*        Internet: www.segger.com    Support:  support@segger.com    *
*                                                                    *
**********************************************************************
----------------------------------------------------------------------
File        : Roboto_32_Normal_EXT_AA4.c
Purpose     : Conversion into c-array.
              Generated file do NOT edit!
---------------------------END-OF-HEADER------------------------------
*/

#include "AppWizard.h"

GUI_CONST_STORAGE unsigned char acRoboto_32_Normal_EXT_AA4[27749UL + 1] __attribute__((aligned(4)))= {
  0x47, 0x55, 0x49, 0x58, 0x20, 0x00, 0x20, 0x00, 0x19, 0x00, 0x0F, 0x00, 0x13, 0x00, 0x00, 0x00, 0xFF, 0x00, 0x12, 0x06, 0x00, 0x00, 0x0D, 0x00, 0x00, 0x00, 0x00, 0x00, 0x00, 0x00, 0x1F, 0x06, 0x00, 0x00, 0x0D, 0x00, 0x00, 0x00, 0x00, 0x00, 
  0x00, 0x00, 0x00, 0x00, 0x00, 0x00, 0x00, 0x00, 0x00, 0x00, 0x00, 0x00, 0x00, 0x00, 0x00, 0x00, 0x00, 0x00, 0x00, 0x00, 0x00, 0x00, 0x00, 0x00, 0x00, 0x00, 0x00, 0x00, 0x00, 0x00, 0x00, 0x00, 0x00, 0x00, 0x00, 0x00, 0x00, 0x00, 0x00, 0x00, 
  0x00, 0x00, 0x00, 0x00, 0x00, 0x00, 0x00, 0x00, 0x00, 0x00, 0x00, 0x00, 0x00, 0x00, 0x00, 0x00, 0x2C, 0x06, 0x00, 0x00, 0x0D, 0x00, 0x00, 0x00, 0x00, 0x00, 0x00, 0x00, 0x00, 0x00, 0x00, 0x00, 0x00, 0x00, 0x00, 0x00, 0x00, 0x00, 0x00, 0x00, 
  0x00, 0x00, 0x00, 0x00, 0x00, 0x00, 0x00, 0x00, 0x00, 0x00, 0x00, 0x00, 0x00, 0x00, 0x00, 0x00, 0x00, 0x00, 0x00, 0x00, 0x00, 0x00, 0x00, 0x00, 0x00, 0x00, 0x00, 0x00, 0x00, 0x00, 0x00, 0x00, 0x00, 0x00, 0x00, 0x00, 0x00, 0x00, 0x00, 0x00, 
  0x00, 0x00, 0x00, 0x00, 0x00, 0x00, 0x00, 0x00, 0x00, 0x00, 0x00, 0x00, 0x00, 0x00, 0x00, 0x00, 0x00, 0x00, 0x00, 0x00, 0x00, 0x00, 0x00, 0x00, 0x00, 0x00, 0x00, 0x00, 0x00, 0x00, 0x00, 0x00, 0x00, 0x00, 0x00, 0x00, 0x00, 0x00, 0x00, 0x00, 
  0x00, 0x00, 0x00, 0x00, 0x00, 0x00, 0x00, 0x00, 0x00, 0x00, 0x39, 0x06, 0x00, 0x00, 0x0D, 0x00, 0x46, 0x06, 0x00, 0x00, 0x32, 0x00, 0x78, 0x06, 0x00, 0x00, 0x24, 0x00, 0x9C, 0x06, 0x00, 0x00, 0xA4, 0x00, 0x40, 0x07, 0x00, 0x00, 0xBB, 0x00, 
  0xFB, 0x07, 0x00, 0x00, 0xB7, 0x00, 0xB2, 0x08, 0x00, 0x00, 0xA4, 0x00, 0x56, 0x09, 0x00, 0x00, 0x18, 0x00, 0x6E, 0x09, 0x00, 0x00, 0x7C, 0x00, 0xEA, 0x09, 0x00, 0x00, 0x7C, 0x00, 0x66, 0x0A, 0x00, 0x00, 0x54, 0x00, 0xBA, 0x0A, 0x00, 0x00, 
  0x75, 0x00, 0x2F, 0x0B, 0x00, 0x00, 0x21, 0x00, 0x50, 0x0B, 0x00, 0x00, 0x14, 0x00, 0x64, 0x0B, 0x00, 0x00, 0x12, 0x00, 0x76, 0x0B, 0x00, 0x00, 0x8A, 0x00, 0x00, 0x0C, 0x00, 0x00, 0x91, 0x00, 0x91, 0x0C, 0x00, 0x00, 0x58, 0x00, 0xE9, 0x0C, 
  0x00, 0x00, 0x91, 0x00, 0x7A, 0x0D, 0x00, 0x00, 0x91, 0x00, 0x0B, 0x0E, 0x00, 0x00, 0xA4, 0x00, 0xAF, 0x0E, 0x00, 0x00, 0x91, 0x00, 0x40, 0x0F, 0x00, 0x00, 0x91, 0x00, 0xD1, 0x0F, 0x00, 0x00, 0x91, 0x00, 0x62, 0x10, 0x00, 0x00, 0x91, 0x00, 
  0xF3, 0x10, 0x00, 0x00, 0x91, 0x00, 0x84, 0x11, 0x00, 0x00, 0x2A, 0x00, 0xAE, 0x11, 0x00, 0x00, 0x45, 0x00, 0xF3, 0x11, 0x00, 0x00, 0x54, 0x00, 0x47, 0x12, 0x00, 0x00, 0x3C, 0x00, 0x83, 0x12, 0x00, 0x00, 0x54, 0x00, 0xD7, 0x12, 0x00, 0x00, 
  0x7E, 0x00, 0x55, 0x13, 0x00, 0x00, 0x38, 0x01, 0x8D, 0x14, 0x00, 0x00, 0xB7, 0x00, 0x44, 0x15, 0x00, 0x00, 0x91, 0x00, 0xD5, 0x15, 0x00, 0x00, 0xA4, 0x00, 0x79, 0x16, 0x00, 0x00, 0xA4, 0x00, 0x1D, 0x17, 0x00, 0x00, 0x91, 0x00, 0xAE, 0x17, 
  0x00, 0x00, 0x91, 0x00, 0x3F, 0x18, 0x00, 0x00, 0xA4, 0x00, 0xE3, 0x18, 0x00, 0x00, 0xA4, 0x00, 0x87, 0x19, 0x00, 0x00, 0x32, 0x00, 0xB9, 0x19, 0x00, 0x00, 0x91, 0x00, 0x4A, 0x1A, 0x00, 0x00, 0xA4, 0x00, 0xEE, 0x1A, 0x00, 0x00, 0x7E, 0x00, 
  0x6C, 0x1B, 0x00, 0x00, 0xCA, 0x00, 0x36, 0x1C, 0x00, 0x00, 0xA4, 0x00, 0xDA, 0x1C, 0x00, 0x00, 0xA4, 0x00, 0x7E, 0x1D, 0x00, 0x00, 0x91, 0x00, 0x0F, 0x1E, 0x00, 0x00, 0xD2, 0x00, 0xE1, 0x1E, 0x00, 0x00, 0xA4, 0x00, 0x85, 0x1F, 0x00, 0x00, 
  0x91, 0x00, 0x16, 0x20, 0x00, 0x00, 0xA4, 0x00, 0xBA, 0x20, 0x00, 0x00, 0x91, 0x00, 0x4B, 0x21, 0x00, 0x00, 0xB7, 0x00, 0x02, 0x22, 0x00, 0x00, 0xF0, 0x00, 0xF2, 0x22, 0x00, 0x00, 0xB7, 0x00, 0xA9, 0x23, 0x00, 0x00, 0xA4, 0x00, 0x4D, 0x24, 
  0x00, 0x00, 0xA4, 0x00, 0xF1, 0x24, 0x00, 0x00, 0x5A, 0x00, 0x4B, 0x25, 0x00, 0x00, 0x8A, 0x00, 0xD5, 0x25, 0x00, 0x00, 0x5A, 0x00, 0x2F, 0x26, 0x00, 0x00, 0x42, 0x00, 0x71, 0x26, 0x00, 0x00, 0x1A, 0x00, 0x8B, 0x26, 0x00, 0x00, 0x1C, 0x00, 
  0xA7, 0x26, 0x00, 0x00, 0x75, 0x00, 0x1C, 0x27, 0x00, 0x00, 0x98, 0x00, 0xB4, 0x27, 0x00, 0x00, 0x75, 0x00, 0x29, 0x28, 0x00, 0x00, 0x98, 0x00, 0xC1, 0x28, 0x00, 0x00, 0x75, 0x00, 0x36, 0x29, 0x00, 0x00, 0x75, 0x00, 0xAB, 0x29, 0x00, 0x00, 
  0x98, 0x00, 0x43, 0x2A, 0x00, 0x00, 0x98, 0x00, 0xDB, 0x2A, 0x00, 0x00, 0x34, 0x00, 0x0F, 0x2B, 0x00, 0x00, 0x70, 0x00, 0x7F, 0x2B, 0x00, 0x00, 0x9F, 0x00, 0x1E, 0x2C, 0x00, 0x00, 0x36, 0x00, 0x54, 0x2C, 0x00, 0x00, 0xA2, 0x00, 0xF6, 0x2C, 
  0x00, 0x00, 0x75, 0x00, 0x6B, 0x2D, 0x00, 0x00, 0x75, 0x00, 0xE0, 0x2D, 0x00, 0x00, 0x98, 0x00, 0x78, 0x2E, 0x00, 0x00, 0x98, 0x00, 0x10, 0x2F, 0x00, 0x00, 0x48, 0x00, 0x58, 0x2F, 0x00, 0x00, 0x66, 0x00, 0xBE, 0x2F, 0x00, 0x00, 0x54, 0x00, 
  0x12, 0x30, 0x00, 0x00, 0x75, 0x00, 0x87, 0x30, 0x00, 0x00, 0x75, 0x00, 0xFC, 0x30, 0x00, 0x00, 0xA2, 0x00, 0x9E, 0x31, 0x00, 0x00, 0x75, 0x00, 0x13, 0x32, 0x00, 0x00, 0x98, 0x00, 0xAB, 0x32, 0x00, 0x00, 0x66, 0x00, 0x11, 0x33, 0x00, 0x00, 
  0x8E, 0x00, 0x9F, 0x33, 0x00, 0x00, 0x3A, 0x00, 0xD9, 0x33, 0x00, 0x00, 0x8E, 0x00, 0x67, 0x34, 0x00, 0x00, 0x3C, 0x00, 0x00, 0x00, 0x00, 0x00, 0x00, 0x00, 0x00, 0x00, 0x00, 0x00, 0x00, 0x00, 0x00, 0x00, 0x00, 0x00, 0x00, 0x00, 0x00, 0x00, 
  0x00, 0x00, 0x00, 0x00, 0x00, 0x00, 0x00, 0x00, 0x00, 0x00, 0x00, 0x00, 0x00, 0x00, 0x00, 0x00, 0x00, 0x00, 0x00, 0x00, 0x00, 0x00, 0x00, 0x00, 0x00, 0x00, 0x00, 0x00, 0x00, 0x00, 0x00, 0x00, 0x00, 0x00, 0x00, 0x00, 0x00, 0x00, 0x00, 0x00, 
  0x00, 0x00, 0x00, 0x00, 0x00, 0x00, 0x00, 0x00, 0x00, 0x00, 0x00, 0x00, 0x00, 0x00, 0x00, 0x00, 0x00, 0x00, 0x00, 0x00, 0x00, 0x00, 0x00, 0x00, 0x00, 0x00, 0x00, 0x00, 0x00, 0x00, 0x00, 0x00, 0x00, 0x00, 0x00, 0x00, 0x00, 0x00, 0x00, 0x00, 
  0x00, 0x00, 0x00, 0x00, 0x00, 0x00, 0x00, 0x00, 0x00, 0x00, 0x00, 0x00, 0x00, 0x00, 0x00, 0x00, 0x00, 0x00, 0x00, 0x00, 0x00, 0x00, 0x00, 0x00, 0x00, 0x00, 0x00, 0x00, 0x00, 0x00, 0x00, 0x00, 0x00, 0x00, 0x00, 0x00, 0x00, 0x00, 0x00, 0x00, 
  0x00, 0x00, 0x00, 0x00, 0x00, 0x00, 0x00, 0x00, 0x00, 0x00, 0x00, 0x00, 0x00, 0x00, 0x00, 0x00, 0x00, 0x00, 0x00, 0x00, 0x00, 0x00, 0x00, 0x00, 0x00, 0x00, 0x00, 0x00, 0x00, 0x00, 0x00, 0x00, 0x00, 0x00, 0x00, 0x00, 0x00, 0x00, 0x00, 0x00, 
  0x00, 0x00, 0x00, 0x00, 0x00, 0x00, 0x00, 0x00, 0x00, 0x00, 0x00, 0x00, 0x00, 0x00, 0x00, 0x00, 0x00, 0x00, 0xA3, 0x34, 0x00, 0x00, 0x0D, 0x00, 0xB0, 0x34, 0x00, 0x00, 0x34, 0x00, 0xE4, 0x34, 0x00, 0x00, 0xA6, 0x00, 0x8A, 0x35, 0x00, 0x00, 
  0x91, 0x00, 0x1B, 0x36, 0x00, 0x00, 0xB7, 0x00, 0xD2, 0x36, 0x00, 0x00, 0x91, 0x00, 0x63, 0x37, 0x00, 0x00, 0x3A, 0x00, 0x9D, 0x37, 0x00, 0x00, 0xDC, 0x00, 0x79, 0x38, 0x00, 0x00, 0x1B, 0x00, 0x94, 0x38, 0x00, 0x00, 0xCA, 0x00, 0x5E, 0x39, 
  0x00, 0x00, 0x3E, 0x00, 0x9C, 0x39, 0x00, 0x00, 0x4E, 0x00, 0xEA, 0x39, 0x00, 0x00, 0x30, 0x00, 0x1A, 0x3A, 0x00, 0x00, 0x14, 0x00, 0x2E, 0x3A, 0x00, 0x00, 0xCA, 0x00, 0xF8, 0x3A, 0x00, 0x00, 0x16, 0x00, 0x0E, 0x3B, 0x00, 0x00, 0x28, 0x00, 
  0x36, 0x3B, 0x00, 0x00, 0x83, 0x00, 0xB9, 0x3B, 0x00, 0x00, 0x3E, 0x00, 0xF7, 0x3B, 0x00, 0x00, 0x3E, 0x00, 0x35, 0x3C, 0x00, 0x00, 0x1C, 0x00, 0x51, 0x3C, 0x00, 0x00, 0x98, 0x00, 0xE9, 0x3C, 0x00, 0x00, 0x7E, 0x00, 0x67, 0x3D, 0x00, 0x00, 
  0x12, 0x00, 0x79, 0x3D, 0x00, 0x00, 0x1B, 0x00, 0x94, 0x3D, 0x00, 0x00, 0x2A, 0x00, 0xBE, 0x3D, 0x00, 0x00, 0x3E, 0x00, 0xFC, 0x3D, 0x00, 0x00, 0x4E, 0x00, 0x4A, 0x3E, 0x00, 0x00, 0xCA, 0x00, 0x14, 0x3F, 0x00, 0x00, 0xCA, 0x00, 0xDE, 0x3F, 
  0x00, 0x00, 0xCA, 0x00, 0xA8, 0x40, 0x00, 0x00, 0x84, 0x00, 0x2C, 0x41, 0x00, 0x00, 0xED, 0x00, 0x19, 0x42, 0x00, 0x00, 0xED, 0x00, 0x06, 0x43, 0x00, 0x00, 0xED, 0x00, 0xF3, 0x43, 0x00, 0x00, 0xED, 0x00, 0xE0, 0x44, 0x00, 0x00, 0xE4, 0x00, 
  0xC4, 0x45, 0x00, 0x00, 0xED, 0x00, 0xB1, 0x46, 0x00, 0x00, 0x03, 0x01, 0xB4, 0x47, 0x00, 0x00, 0xCC, 0x00, 0x80, 0x48, 0x00, 0x00, 0xBB, 0x00, 0x3B, 0x49, 0x00, 0x00, 0xBB, 0x00, 0xF6, 0x49, 0x00, 0x00, 0xBB, 0x00, 0xB1, 0x4A, 0x00, 0x00, 
  0xB4, 0x00, 0x65, 0x4B, 0x00, 0x00, 0x70, 0x00, 0xD5, 0x4B, 0x00, 0x00, 0x70, 0x00, 0x45, 0x4C, 0x00, 0x00, 0x89, 0x00, 0xCE, 0x4C, 0x00, 0x00, 0x84, 0x00, 0x52, 0x4D, 0x00, 0x00, 0xB7, 0x00, 0x09, 0x4E, 0x00, 0x00, 0xD4, 0x00, 0xDD, 0x4E, 
  0x00, 0x00, 0xD4, 0x00, 0xB1, 0x4F, 0x00, 0x00, 0xD4, 0x00, 0x85, 0x50, 0x00, 0x00, 0xD4, 0x00, 0x59, 0x51, 0x00, 0x00, 0xD4, 0x00, 0x2D, 0x52, 0x00, 0x00, 0xCC, 0x00, 0xF9, 0x52, 0x00, 0x00, 0x54, 0x00, 0x4D, 0x53, 0x00, 0x00, 0xC9, 0x00, 
  0x16, 0x54, 0x00, 0x00, 0xBB, 0x00, 0xD1, 0x54, 0x00, 0x00, 0xBB, 0x00, 0x8C, 0x55, 0x00, 0x00, 0xBB, 0x00, 0x47, 0x56, 0x00, 0x00, 0xB4, 0x00, 0xFB, 0x56, 0x00, 0x00, 0xD4, 0x00, 0xCF, 0x57, 0x00, 0x00, 0x91, 0x00, 0x60, 0x58, 0x00, 0x00, 
  0x9F, 0x00, 0xFF, 0x58, 0x00, 0x00, 0x9F, 0x00, 0x9E, 0x59, 0x00, 0x00, 0x9F, 0x00, 0x3D, 0x5A, 0x00, 0x00, 0x9F, 0x00, 0xDC, 0x5A, 0x00, 0x00, 0x9F, 0x00, 0x7B, 0x5B, 0x00, 0x00, 0x98, 0x00, 0x13, 0x5C, 0x00, 0x00, 0xA6, 0x00, 0xB9, 0x5C, 
  0x00, 0x00, 0xB1, 0x00, 0x6A, 0x5D, 0x00, 0x00, 0x98, 0x00, 0x02, 0x5E, 0x00, 0x00, 0x9F, 0x00, 0xA1, 0x5E, 0x00, 0x00, 0x9F, 0x00, 0x40, 0x5F, 0x00, 0x00, 0x9F, 0x00, 0xDF, 0x5F, 0x00, 0x00, 0x98, 0x00, 0x77, 0x60, 0x00, 0x00, 0x60, 0x00, 
  0xD7, 0x60, 0x00, 0x00, 0x60, 0x00, 0x37, 0x61, 0x00, 0x00, 0x75, 0x00, 0xAC, 0x61, 0x00, 0x00, 0x70, 0x00, 0x1C, 0x62, 0x00, 0x00, 0x9F, 0x00, 0xBB, 0x62, 0x00, 0x00, 0x9F, 0x00, 0x5A, 0x63, 0x00, 0x00, 0x9F, 0x00, 0xF9, 0x63, 0x00, 0x00, 
  0x9F, 0x00, 0x98, 0x64, 0x00, 0x00, 0x9F, 0x00, 0x37, 0x65, 0x00, 0x00, 0x9F, 0x00, 0xD6, 0x65, 0x00, 0x00, 0x98, 0x00, 0x6E, 0x66, 0x00, 0x00, 0x75, 0x00, 0xE3, 0x66, 0x00, 0x00, 0x91, 0x00, 0x74, 0x67, 0x00, 0x00, 0x9F, 0x00, 0x13, 0x68, 
  0x00, 0x00, 0x9F, 0x00, 0xB2, 0x68, 0x00, 0x00, 0x9F, 0x00, 0x51, 0x69, 0x00, 0x00, 0x98, 0x00, 0xE9, 0x69, 0x00, 0x00, 0xC2, 0x00, 0xAB, 0x6A, 0x00, 0x00, 0xBB, 0x00, 0x66, 0x6B, 0x00, 0x00, 0xBB, 0x00, 0x00, 0x00, 0x01, 0x00, 0x01, 0x00, 
  0x00, 0x00, 0x19, 0x00, 0x01, 0x00, 0x00, 0x00, 0x00, 0x01, 0x00, 0x01, 0x00, 0x00, 0x00, 0x19, 0x00, 0x01, 0x00, 0x00, 0x07, 0x00, 0x01, 0x00, 0x01, 0x00, 0x00, 0x00, 0x19, 0x00, 0x01, 0x00, 0x00, 0x07, 0x00, 0x01, 0x00, 0x01, 0x00, 0x00, 
  0x00, 0x19, 0x00, 0x01, 0x00, 0x00, 0x07, 0x00, 0x03, 0x00, 0x13, 0x00, 0x02, 0x00, 0x06, 0x00, 0x02, 0x00, 0xBF, 0xB0, 0xBF, 0xB0, 0xBF, 0xB0, 0xBF, 0xB0, 0xBF, 0xB0, 0xBF, 0xB0, 0xBF, 0x90, 0xBF, 0x90, 0xBF, 0x90, 0x9F, 0x90, 0x9F, 0x90, 
  0x9F, 0x90, 0x9F, 0x90, 0x57, 0x50, 0x00, 0x00, 0x00, 0x00, 0x5B, 0x60, 0xDF, 0xF0, 0x8F, 0xA0, 0x09, 0x00, 0x07, 0x00, 0x06, 0x00, 0x01, 0x00, 0x05, 0x00, 0x04, 0x00, 0x4F, 0x90, 0x9F, 0x40, 0x4F, 0x90, 0x9F, 0x40, 0x4F, 0x90, 0x9F, 0x20, 
  0x4F, 0x70, 0x9F, 0x10, 0x4F, 0x60, 0x9E, 0x00, 0x4F, 0x40, 0x9D, 0x00, 0x11, 0x00, 0x10, 0x00, 0x13, 0x00, 0x01, 0x00, 0x06, 0x00, 0x08, 0x00, 0x00, 0x00, 0x00, 0xBF, 0x20, 0x05, 0xF8, 0x00, 0x00, 0x00, 0x00, 0xFD, 0x00, 0x09, 0xF4, 0x00, 
  0x00, 0x00, 0x04, 0xF9, 0x00, 0x0E, 0xF0, 0x00, 0x00, 0x00, 0x08, 0xF5, 0x00, 0x3F, 0xB0, 0x00, 0x06, 0xFF, 0xFF, 0xFF, 0xFF, 0xFF, 0xFF, 0xF4, 0x05, 0xDD, 0xDF, 0xFD, 0xDD, 0xEF, 0xED, 0xD3, 0x00, 0x00, 0x2F, 0xB0, 0x00, 0xCF, 0x20, 0x00, 
  0x00, 0x00, 0x5F, 0x80, 0x00, 0xEE, 0x00, 0x00, 0x00, 0x00, 0x7F, 0x60, 0x02, 0xFC, 0x00, 0x00, 0x00, 0x00, 0xAF, 0x30, 0x05, 0xF9, 0x00, 0x00, 0x00, 0x00, 0xDF, 0x10, 0x07, 0xF6, 0x00, 0x00, 0x7F, 0xFF, 0xFF, 0xFF, 0xFF, 0xFF, 0xFF, 0x40, 
  0x7D, 0xDE, 0xFE, 0xDD, 0xDF, 0xFD, 0xDD, 0x30, 0x00, 0x06, 0xF7, 0x00, 0x1F, 0xD0, 0x00, 0x00, 0x00, 0x08, 0xF5, 0x00, 0x3F, 0xA0, 0x00, 0x00, 0x00, 0x0B, 0xF2, 0x00, 0x6F, 0x80, 0x00, 0x00, 0x00, 0x0E, 0xF0, 0x00, 0x8F, 0x50, 0x00, 0x00, 
  0x00, 0x1F, 0xC0, 0x00, 0xBF, 0x30, 0x00, 0x00, 0x00, 0x4F, 0x90, 0x00, 0xDF, 0x00, 0x00, 0x00, 0x0F, 0x00, 0x0D, 0x00, 0x19, 0x00, 0x01, 0x00, 0x03, 0x00, 0x07, 0x00, 0x00, 0x00, 0x02, 0xDB, 0x00, 0x00, 0x00, 0x00, 0x00, 0x02, 0xFD, 0x00, 
  0x00, 0x00, 0x00, 0x00, 0x02, 0xFD, 0x00, 0x00, 0x00, 0x00, 0x03, 0xAE, 0xFF, 0xD8, 0x10, 0x00, 0x00, 0x7F, 0xFF, 0xFF, 0xFF, 0xD1, 0x00, 0x03, 0xFF, 0xC4, 0x22, 0x8F, 0xFB, 0x00, 0x09, 0xFE, 0x10, 0x00, 0x08, 0xFF, 0x30, 0x0B, 0xFA, 0x00, 
  0x00, 0x01, 0xFF, 0x60, 0x0B, 0xFA, 0x00, 0x00, 0x00, 0xEF, 0x70, 0x09, 0xFE, 0x20, 0x00, 0x00, 0x22, 0x10, 0x03, 0xFF, 0xD5, 0x00, 0x00, 0x00, 0x00, 0x00, 0x7F, 0xFF, 0xD8, 0x30, 0x00, 0x00, 0x00, 0x03, 0xCF, 0xFF, 0xFC, 0x30, 0x00, 0x00, 
  0x00, 0x03, 0x8D, 0xFF, 0xF6, 0x00, 0x00, 0x00, 0x00, 0x00, 0x6E, 0xFF, 0x20, 0x00, 0x00, 0x00, 0x00, 0x03, 0xFF, 0x80, 0x7D, 0xC0, 0x00, 0x00, 0x00, 0xCF, 0xB0, 0x7F, 0xF1, 0x00, 0x00, 0x00, 0xCF, 0xB0, 0x3F, 0xF8, 0x00, 0x00, 0x03, 0xFF, 
  0x80, 0x0B, 0xFF, 0x93, 0x22, 0x6E, 0xFE, 0x20, 0x01, 0xCF, 0xFF, 0xFF, 0xFF, 0xF5, 0x00, 0x00, 0x07, 0xCF, 0xFF, 0xD9, 0x20, 0x00, 0x00, 0x00, 0x06, 0xF9, 0x00, 0x00, 0x00, 0x00, 0x00, 0x06, 0xF9, 0x00, 0x00, 0x00, 0x00, 0x00, 0x03, 0x75, 
  0x00, 0x00, 0x00, 0x14, 0x00, 0x12, 0x00, 0x13, 0x00, 0x01, 0x00, 0x06, 0x00, 0x09, 0x00, 0x01, 0x9E, 0xFD, 0x60, 0x00, 0x00, 0x00, 0x00, 0x00, 0x0C, 0xFB, 0x9E, 0xF7, 0x00, 0x00, 0x00, 0x00, 0x00, 0x5F, 0xA0, 0x01, 0xEE, 0x00, 0x00, 0x7A, 
  0x10, 0x00, 0x9F, 0x40, 0x00, 0xAF, 0x30, 0x02, 0xFC, 0x00, 0x00, 0x9F, 0x40, 0x00, 0x9F, 0x40, 0x0C, 0xF3, 0x00, 0x00, 0x9F, 0x40, 0x00, 0xAF, 0x30, 0x7F, 0x70, 0x00, 0x00, 0x5F, 0x90, 0x01, 0xEE, 0x12, 0xEC, 0x00, 0x00, 0x00, 0x0C, 0xFB, 
  0x9D, 0xF7, 0x0B, 0xF3, 0x00, 0x00, 0x00, 0x01, 0x9E, 0xFD, 0x60, 0x6F, 0x70, 0x00, 0x00, 0x00, 0x00, 0x00, 0x00, 0x02, 0xEC, 0x00, 0x00, 0x00, 0x00, 0x00, 0x00, 0x00, 0x0B, 0xF3, 0x06, 0xDF, 0xE9, 0x10, 0x00, 0x00, 0x00, 0x6F, 0x80, 0x7F, 
  0xE9, 0xBF, 0xC0, 0x00, 0x00, 0x02, 0xED, 0x01, 0xFE, 0x10, 0x0A, 0xF5, 0x00, 0x00, 0x0B, 0xF3, 0x03, 0xF9, 0x00, 0x04, 0xF9, 0x00, 0x00, 0x6F, 0x80, 0x04, 0xF7, 0x00, 0x04, 0xF9, 0x00, 0x02, 0xED, 0x00, 0x03, 0xF9, 0x00, 0x04, 0xF9, 0x00, 
  0x02, 0xB3, 0x00, 0x01, 0xFE, 0x10, 0x0A, 0xF5, 0x00, 0x00, 0x00, 0x00, 0x00, 0x7F, 0xD9, 0xBF, 0xC0, 0x00, 0x00, 0x00, 0x00, 0x00, 0x06, 0xDF, 0xE9, 0x10, 0x11, 0x00, 0x10, 0x00, 0x13, 0x00, 0x01, 0x00, 0x06, 0x00, 0x08, 0x00, 0x00, 0x02, 
  0x9D, 0xFE, 0xB3, 0x00, 0x00, 0x00, 0x00, 0x2E, 0xFF, 0xFF, 0xFF, 0x50, 0x00, 0x00, 0x00, 0xBF, 0xE5, 0x02, 0xAF, 0xE1, 0x00, 0x00, 0x00, 0xFF, 0x80, 0x00, 0x1F, 0xF3, 0x00, 0x00, 0x02, 0xFF, 0x60, 0x00, 0x1F, 0xF3, 0x00, 0x00, 0x00, 0xEF, 
  0x90, 0x00, 0x7F, 0xE0, 0x00, 0x00, 0x00, 0x8F, 0xF3, 0x19, 0xFF, 0x40, 0x00, 0x00, 0x00, 0x1D, 0xFD, 0xDF, 0xE4, 0x00, 0x00, 0x00, 0x00, 0x03, 0xFF, 0xFB, 0x20, 0x00, 0x00, 0x00, 0x00, 0x2C, 0xFF, 0xFA, 0x00, 0x00, 0x00, 0x00, 0x03, 0xEF, 
  0xD8, 0xFF, 0x80, 0x00, 0x7B, 0x70, 0x1E, 0xFC, 0x10, 0x8F, 0xF6, 0x00, 0xBF, 0x70, 0x7F, 0xF2, 0x00, 0x0A, 0xFF, 0x40, 0xEF, 0x50, 0x9F, 0xC0, 0x00, 0x00, 0xBF, 0xE8, 0xFF, 0x10, 0x9F, 0xD0, 0x00, 0x00, 0x1D, 0xFF, 0xF9, 0x00, 0x6F, 0xF4, 
  0x00, 0x00, 0x02, 0xFF, 0xF2, 0x00, 0x0D, 0xFE, 0x61, 0x01, 0x6D, 0xFF, 0xFB, 0x00, 0x02, 0xDF, 0xFF, 0xFF, 0xFF, 0xE8, 0xFF, 0x70, 0x00, 0x07, 0xCE, 0xFE, 0xB7, 0x10, 0x9F, 0xF5, 0x05, 0x00, 0x03, 0x00, 0x06, 0x00, 0x01, 0x00, 0x05, 0x00, 
  0x02, 0x00, 0x9F, 0x60, 0x9F, 0x50, 0x9F, 0x40, 0x9F, 0x30, 0x9F, 0x20, 0x9F, 0x20, 0x09, 0x00, 0x08, 0x00, 0x1C, 0x00, 0x01, 0x00, 0x03, 0x00, 0x04, 0x00, 0x00, 0x00, 0x00, 0x85, 0x00, 0x00, 0x0A, 0xF9, 0x00, 0x00, 0x8F, 0xB0, 0x00, 0x04, 
  0xFD, 0x10, 0x00, 0x0D, 0xF5, 0x00, 0x00, 0x7F, 0xC0, 0x00, 0x00, 0xDF, 0x60, 0x00, 0x03, 0xFF, 0x10, 0x00, 0x08, 0xFC, 0x00, 0x00, 0x0C, 0xF9, 0x00, 0x00, 0x0F, 0xF6, 0x00, 0x00, 0x2F, 0xF4, 0x00, 0x00, 0x3F, 0xF4, 0x00, 0x00, 0x4F, 0xF4, 
  0x00, 0x00, 0x4F, 0xF4, 0x00, 0x00, 0x3F, 0xF4, 0x00, 0x00, 0x2F, 0xF4, 0x00, 0x00, 0x0F, 0xF6, 0x00, 0x00, 0x0C, 0xF9, 0x00, 0x00, 0x08, 0xFC, 0x00, 0x00, 0x03, 0xFF, 0x10, 0x00, 0x00, 0xDF, 0x60, 0x00, 0x00, 0x7F, 0xC0, 0x00, 0x00, 0x0D, 
  0xF5, 0x00, 0x00, 0x04, 0xFD, 0x10, 0x00, 0x00, 0x8F, 0xA0, 0x00, 0x00, 0x0A, 0xF8, 0x00, 0x00, 0x00, 0x86, 0x09, 0x00, 0x08, 0x00, 0x1C, 0x00, 0x00, 0x00, 0x03, 0x00, 0x04, 0x00, 0x2B, 0x10, 0x00, 0x00, 0x4F, 0xD1, 0x00, 0x00, 0x07, 0xFB, 
  0x00, 0x00, 0x00, 0xBF, 0x70, 0x00, 0x00, 0x2F, 0xF2, 0x00, 0x00, 0x0A, 0xF9, 0x00, 0x00, 0x04, 0xFF, 0x20, 0x00, 0x00, 0xDF, 0x70, 0x00, 0x00, 0x9F, 0xB0, 0x00, 0x00, 0x6F, 0xF0, 0x00, 0x00, 0x3F, 0xF3, 0x00, 0x00, 0x2F, 0xF5, 0x00, 0x00, 
  0x0F, 0xF6, 0x00, 0x00, 0x0F, 0xF7, 0x00, 0x00, 0x0F, 0xF7, 0x00, 0x00, 0x0F, 0xF6, 0x00, 0x00, 0x1F, 0xF5, 0x00, 0x00, 0x3F, 0xF3, 0x00, 0x00, 0x5F, 0xF0, 0x00, 0x00, 0x9F, 0xB0, 0x00, 0x00, 0xDF, 0x70, 0x00, 0x03, 0xFF, 0x20, 0x00, 0x09, 
  0xFA, 0x00, 0x00, 0x1F, 0xF2, 0x00, 0x00, 0xAF, 0x70, 0x00, 0x07, 0xFB, 0x00, 0x00, 0x4F, 0xD1, 0x00, 0x00, 0x2B, 0x10, 0x00, 0x00, 0x0C, 0x00, 0x0C, 0x00, 0x0C, 0x00, 0x00, 0x00, 0x06, 0x00, 0x06, 0x00, 0x00, 0x00, 0x2F, 0xD0, 0x00, 0x00, 
  0x00, 0x00, 0x2F, 0xC0, 0x00, 0x00, 0x00, 0x00, 0x2F, 0xB0, 0x00, 0x00, 0x29, 0x30, 0x2F, 0xB0, 0x05, 0x80, 0x6F, 0xFC, 0x7F, 0xD9, 0xEF, 0xF1, 0x39, 0xEF, 0xFF, 0xFF, 0xFC, 0x71, 0x00, 0x03, 0xEF, 0xF9, 0x20, 0x00, 0x00, 0x06, 0xFD, 0xFD, 
  0x10, 0x00, 0x00, 0x3F, 0xE2, 0xAF, 0xA0, 0x00, 0x01, 0xDF, 0x70, 0x1E, 0xF6, 0x00, 0x01, 0x9C, 0x00, 0x05, 0xE5, 0x00, 0x00, 0x01, 0x00, 0x00, 0x20, 0x00, 0x0F, 0x00, 0x0E, 0x00, 0x0F, 0x00, 0x01, 0x00, 0x09, 0x00, 0x07, 0x00, 0x00, 0x00, 
  0x06, 0x98, 0x00, 0x00, 0x00, 0x00, 0x00, 0x09, 0xFD, 0x00, 0x00, 0x00, 0x00, 0x00, 0x09, 0xFD, 0x00, 0x00, 0x00, 0x00, 0x00, 0x09, 0xFD, 0x00, 0x00, 0x00, 0x00, 0x00, 0x09, 0xFD, 0x00, 0x00, 0x00, 0x00, 0x00, 0x09, 0xFD, 0x00, 0x00, 0x00, 
  0xFF, 0xFF, 0xFF, 0xFF, 0xFF, 0xFF, 0xF4, 0xFF, 0xFF, 0xFF, 0xFF, 0xFF, 0xFF, 0xF4, 0x66, 0x66, 0x6B, 0xFE, 0x66, 0x66, 0x61, 0x00, 0x00, 0x09, 0xFD, 0x00, 0x00, 0x00, 0x00, 0x00, 0x09, 0xFD, 0x00, 0x00, 0x00, 0x00, 0x00, 0x09, 0xFD, 0x00, 
  0x00, 0x00, 0x00, 0x00, 0x09, 0xFD, 0x00, 0x00, 0x00, 0x00, 0x00, 0x09, 0xFD, 0x00, 0x00, 0x00, 0x00, 0x00, 0x03, 0x65, 0x00, 0x00, 0x00, 0x05, 0x00, 0x05, 0x00, 0x07, 0x00, 0x00, 0x00, 0x16, 0x00, 0x03, 0x00, 0x05, 0xDD, 0x20, 0x06, 0xFF, 
  0x20, 0x06, 0xFF, 0x00, 0x07, 0xFD, 0x00, 0x0C, 0xF8, 0x00, 0x4F, 0xE1, 0x00, 0x2C, 0x40, 0x00, 0x07, 0x00, 0x07, 0x00, 0x02, 0x00, 0x00, 0x00, 0x10, 0x00, 0x04, 0x00, 0x7F, 0xFF, 0xFF, 0xD0, 0x7F, 0xFF, 0xFF, 0xD0, 0x07, 0x00, 0x04, 0x00, 
  0x03, 0x00, 0x01, 0x00, 0x16, 0x00, 0x02, 0x00, 0x09, 0xD7, 0x1F, 0xFD, 0x0B, 0xF8, 0x0B, 0x00, 0x0B, 0x00, 0x15, 0x00, 0x00, 0x00, 0x06, 0x00, 0x06, 0x00, 0x00, 0x00, 0x00, 0x00, 0xEF, 0x20, 0x00, 0x00, 0x00, 0x05, 0xFC, 0x00, 0x00, 0x00, 
  0x00, 0x0B, 0xF6, 0x00, 0x00, 0x00, 0x00, 0x1F, 0xE1, 0x00, 0x00, 0x00, 0x00, 0x7F, 0x90, 0x00, 0x00, 0x00, 0x00, 0xDF, 0x40, 0x00, 0x00, 0x00, 0x03, 0xFD, 0x00, 0x00, 0x00, 0x00, 0x09, 0xF7, 0x00, 0x00, 0x00, 0x00, 0x1E, 0xF2, 0x00, 0x00, 
  0x00, 0x00, 0x6F, 0xB0, 0x00, 0x00, 0x00, 0x00, 0xBF, 0x50, 0x00, 0x00, 0x00, 0x02, 0xFE, 0x00, 0x00, 0x00, 0x00, 0x08, 0xF9, 0x00, 0x00, 0x00, 0x00, 0x0D, 0xF3, 0x00, 0x00, 0x00, 0x00, 0x4F, 0xC0, 0x00, 0x00, 0x00, 0x00, 0xAF, 0x60, 0x00, 
  0x00, 0x00, 0x01, 0xFF, 0x10, 0x00, 0x00, 0x00, 0x06, 0xFA, 0x00, 0x00, 0x00, 0x00, 0x0C, 0xF4, 0x00, 0x00, 0x00, 0x00, 0x3F, 0xD0, 0x00, 0x00, 0x00, 0x00, 0x9F, 0x80, 0x00, 0x00, 0x00, 0x00, 0x0F, 0x00, 0x0D, 0x00, 0x13, 0x00, 0x01, 0x00, 
  0x06, 0x00, 0x07, 0x00, 0x00, 0x05, 0xBE, 0xFE, 0xB6, 0x00, 0x00, 0x00, 0x8F, 0xFF, 0xFF, 0xFF, 0xB0, 0x00, 0x05, 0xFF, 0xA2, 0x01, 0x8F, 0xF7, 0x00, 0x0C, 0xFB, 0x00, 0x00, 0x09, 0xFE, 0x00, 0x2F, 0xF5, 0x00, 0x00, 0x03, 0xFF, 0x40, 0x5F, 
  0xF2, 0x00, 0x00, 0x00, 0xEF, 0x70, 0x6F, 0xF0, 0x00, 0x00, 0x00, 0xDF, 0x90, 0x7F, 0xF0, 0x00, 0x00, 0x00, 0xDF, 0x90, 0x7F, 0xF0, 0x00, 0x00, 0x00, 0xDF, 0x90, 0x7F, 0xF0, 0x00, 0x00, 0x00, 0xDF, 0x90, 0x7F, 0xF0, 0x00, 0x00, 0x00, 0xDF, 
  0x90, 0x7F, 0xF0, 0x00, 0x00, 0x00, 0xDF, 0x90, 0x6F, 0xF0, 0x00, 0x00, 0x00, 0xDF, 0x80, 0x5F, 0xF2, 0x00, 0x00, 0x00, 0xFF, 0x70, 0x1F, 0xF5, 0x00, 0x00, 0x03, 0xFF, 0x40, 0x0C, 0xFC, 0x00, 0x00, 0x09, 0xFE, 0x00, 0x04, 0xFF, 0xB2, 0x01, 
  0x8F, 0xF7, 0x00, 0x00, 0x8F, 0xFF, 0xFF, 0xFF, 0xA0, 0x00, 0x00, 0x04, 0xBE, 0xFE, 0xB6, 0x00, 0x00, 0x0F, 0x00, 0x08, 0x00, 0x13, 0x00, 0x02, 0x00, 0x06, 0x00, 0x04, 0x00, 0x00, 0x00, 0x04, 0xA9, 0x00, 0x06, 0xCF, 0xF9, 0x28, 0xEF, 0xFF, 
  0xF9, 0xBF, 0xFE, 0x8E, 0xF9, 0xBB, 0x50, 0x0D, 0xF9, 0x10, 0x00, 0x0D, 0xF9, 0x00, 0x00, 0x0D, 0xF9, 0x00, 0x00, 0x0D, 0xF9, 0x00, 0x00, 0x0D, 0xF9, 0x00, 0x00, 0x0D, 0xF9, 0x00, 0x00, 0x0D, 0xF9, 0x00, 0x00, 0x0D, 0xF9, 0x00, 0x00, 0x0D, 
  0xF9, 0x00, 0x00, 0x0D, 0xF9, 0x00, 0x00, 0x0D, 0xF9, 0x00, 0x00, 0x0D, 0xF9, 0x00, 0x00, 0x0D, 0xF9, 0x00, 0x00, 0x0D, 0xF9, 0x00, 0x00, 0x0D, 0xF9, 0x0F, 0x00, 0x0E, 0x00, 0x13, 0x00, 0x01, 0x00, 0x06, 0x00, 0x07, 0x00, 0x00, 0x06, 0xBE, 
  0xFE, 0xB6, 0x00, 0x00, 0x01, 0xCF, 0xFF, 0xFF, 0xFF, 0xC1, 0x00, 0x0C, 0xFE, 0x71, 0x02, 0x9F, 0xFA, 0x00, 0x5F, 0xF5, 0x00, 0x00, 0x0A, 0xFF, 0x10, 0xAF, 0xD0, 0x00, 0x00, 0x04, 0xFF, 0x40, 0xAD, 0x90, 0x00, 0x00, 0x02, 0xFF, 0x40, 0x00, 
  0x00, 0x00, 0x00, 0x05, 0xFF, 0x10, 0x00, 0x00, 0x00, 0x00, 0x0B, 0xFA, 0x00, 0x00, 0x00, 0x00, 0x00, 0x7F, 0xF2, 0x00, 0x00, 0x00, 0x00, 0x04, 0xFF, 0x70, 0x00, 0x00, 0x00, 0x00, 0x3E, 0xFA, 0x00, 0x00, 0x00, 0x00, 0x02, 0xEF, 0xB0, 0x00, 
  0x00, 0x00, 0x00, 0x2E, 0xFB, 0x10, 0x00, 0x00, 0x00, 0x01, 0xDF, 0xC1, 0x00, 0x00, 0x00, 0x00, 0x1C, 0xFD, 0x10, 0x00, 0x00, 0x00, 0x01, 0xBF, 0xD1, 0x00, 0x00, 0x00, 0x00, 0x0A, 0xFE, 0x20, 0x00, 0x00, 0x00, 0x00, 0x5F, 0xFF, 0xFF, 0xFF, 
  0xFF, 0xFF, 0xF2, 0x6F, 0xFF, 0xFF, 0xFF, 0xFF, 0xFF, 0xF2, 0x0F, 0x00, 0x0D, 0x00, 0x13, 0x00, 0x01, 0x00, 0x06, 0x00, 0x07, 0x00, 0x00, 0x07, 0xCF, 0xFE, 0xB5, 0x00, 0x00, 0x01, 0xCF, 0xFF, 0xFF, 0xFF, 0xB0, 0x00, 0x0B, 0xFE, 0x61, 0x02, 
  0x8F, 0xF8, 0x00, 0x4F, 0xF5, 0x00, 0x00, 0x0A, 0xFE, 0x00, 0x8F, 0xE0, 0x00, 0x00, 0x06, 0xFF, 0x20, 0x24, 0x30, 0x00, 0x00, 0x06, 0xFF, 0x10, 0x00, 0x00, 0x00, 0x00, 0x0B, 0xFC, 0x00, 0x00, 0x00, 0x00, 0x03, 0xBF, 0xE3, 0x00, 0x00, 0x00, 
  0xDF, 0xFF, 0xFB, 0x30, 0x00, 0x00, 0x00, 0xDF, 0xFF, 0xFE, 0x60, 0x00, 0x00, 0x00, 0x00, 0x03, 0x9F, 0xF7, 0x00, 0x00, 0x00, 0x00, 0x00, 0x08, 0xFF, 0x10, 0x00, 0x00, 0x00, 0x00, 0x02, 0xFF, 0x50, 0x46, 0x40, 0x00, 0x00, 0x00, 0xFF, 0x60, 
  0xBF, 0xC0, 0x00, 0x00, 0x02, 0xFF, 0x50, 0x7F, 0xF3, 0x00, 0x00, 0x08, 0xFF, 0x10, 0x1E, 0xFE, 0x61, 0x02, 0x8F, 0xF9, 0x00, 0x03, 0xDF, 0xFF, 0xFF, 0xFF, 0xA0, 0x00, 0x00, 0x17, 0xCF, 0xFE, 0xB5, 0x00, 0x00, 0x0F, 0x00, 0x0F, 0x00, 0x13, 
  0x00, 0x00, 0x00, 0x06, 0x00, 0x08, 0x00, 0x00, 0x00, 0x00, 0x00, 0x1E, 0xFD, 0x00, 0x00, 0x00, 0x00, 0x00, 0x00, 0xAF, 0xFD, 0x00, 0x00, 0x00, 0x00, 0x00, 0x04, 0xFF, 0xFD, 0x00, 0x00, 0x00, 0x00, 0x00, 0x1D, 0xFE, 0xFD, 0x00, 0x00, 0x00, 
  0x00, 0x00, 0x8F, 0xB9, 0xFD, 0x00, 0x00, 0x00, 0x00, 0x03, 0xFF, 0x29, 0xFD, 0x00, 0x00, 0x00, 0x00, 0x0C, 0xF7, 0x09, 0xFD, 0x00, 0x00, 0x00, 0x00, 0x7F, 0xD0, 0x09, 0xFD, 0x00, 0x00, 0x00, 0x02, 0xFF, 0x40, 0x09, 0xFD, 0x00, 0x00, 0x00, 
  0x0B, 0xFA, 0x00, 0x09, 0xFD, 0x00, 0x00, 0x00, 0x5F, 0xE1, 0x00, 0x09, 0xFD, 0x00, 0x00, 0x01, 0xEF, 0x60, 0x00, 0x09, 0xFD, 0x00, 0x00, 0x09, 0xFC, 0x00, 0x00, 0x09, 0xFD, 0x00, 0x00, 0x3F, 0xFF, 0xFF, 0xFF, 0xFF, 0xFF, 0xFF, 0x90, 0x4F, 
  0xFF, 0xFF, 0xFF, 0xFF, 0xFF, 0xFF, 0x90, 0x00, 0x00, 0x00, 0x00, 0x09, 0xFD, 0x00, 0x00, 0x00, 0x00, 0x00, 0x00, 0x09, 0xFD, 0x00, 0x00, 0x00, 0x00, 0x00, 0x00, 0x09, 0xFD, 0x00, 0x00, 0x00, 0x00, 0x00, 0x00, 0x09, 0xFD, 0x00, 0x00, 0x0F, 
  0x00, 0x0D, 0x00, 0x13, 0x00, 0x02, 0x00, 0x06, 0x00, 0x07, 0x00, 0x06, 0xFF, 0xFF, 0xFF, 0xFF, 0xF7, 0x00, 0x07, 0xFF, 0xFF, 0xFF, 0xFF, 0xF7, 0x00, 0x09, 0xFC, 0x44, 0x44, 0x44, 0x42, 0x00, 0x0A, 0xF9, 0x00, 0x00, 0x00, 0x00, 0x00, 0x0C, 
  0xF7, 0x00, 0x00, 0x00, 0x00, 0x00, 0x0E, 0xF5, 0x00, 0x00, 0x00, 0x00, 0x00, 0x0F, 0xF8, 0xBE, 0xFE, 0xA3, 0x00, 0x00, 0x2F, 0xFF, 0xFF, 0xFF, 0xFF, 0x50, 0x00, 0x3F, 0xFB, 0x54, 0x48, 0xFF, 0xE2, 0x00, 0x02, 0x50, 0x00, 0x00, 0x5F, 0xF9, 
  0x00, 0x00, 0x00, 0x00, 0x00, 0x0B, 0xFD, 0x00, 0x00, 0x00, 0x00, 0x00, 0x07, 0xFF, 0x10, 0x00, 0x00, 0x00, 0x00, 0x06, 0xFF, 0x20, 0x66, 0x20, 0x00, 0x00, 0x06, 0xFF, 0x10, 0xDF, 0x80, 0x00, 0x00, 0x09, 0xFD, 0x00, 0x8F, 0xE1, 0x00, 0x00, 
  0x2F, 0xF9, 0x00, 0x2E, 0xFC, 0x30, 0x04, 0xDF, 0xE2, 0x00, 0x03, 0xEF, 0xFF, 0xFF, 0xFE, 0x40, 0x00, 0x00, 0x28, 0xDF, 0xFD, 0x92, 0x00, 0x00, 0x0F, 0x00, 0x0D, 0x00, 0x13, 0x00, 0x01, 0x00, 0x06, 0x00, 0x07, 0x00, 0x00, 0x00, 0x02, 0x8B, 
  0xEF, 0x20, 0x00, 0x00, 0x00, 0x8F, 0xFF, 0xFF, 0x20, 0x00, 0x00, 0x0A, 0xFF, 0xB5, 0x22, 0x00, 0x00, 0x00, 0x7F, 0xE4, 0x00, 0x00, 0x00, 0x00, 0x01, 0xFF, 0x40, 0x00, 0x00, 0x00, 0x00, 0x07, 0xFC, 0x00, 0x00, 0x00, 0x00, 0x00, 0x0C, 0xF7, 
  0x4B, 0xEF, 0xD9, 0x20, 0x00, 0x0F, 0xFB, 0xFF, 0xFF, 0xFF, 0xE2, 0x00, 0x2F, 0xFF, 0xD5, 0x11, 0x6E, 0xFD, 0x00, 0x4F, 0xFD, 0x10, 0x00, 0x05, 0xFF, 0x60, 0x4F, 0xF5, 0x00, 0x00, 0x00, 0xDF, 0xA0, 0x4F, 0xF4, 0x00, 0x00, 0x00, 0xAF, 0xD0, 
  0x4F, 0xF4, 0x00, 0x00, 0x00, 0x7F, 0xD0, 0x1F, 0xF6, 0x00, 0x00, 0x00, 0x9F, 0xC0, 0x0D, 0xFB, 0x00, 0x00, 0x00, 0xDF, 0x90, 0x07, 0xFF, 0x40, 0x00, 0x05, 0xFF, 0x50, 0x00, 0xCF, 0xE6, 0x11, 0x6E, 0xFC, 0x00, 0x00, 0x2D, 0xFF, 0xFF, 0xFF, 
  0xD1, 0x00, 0x00, 0x01, 0x7C, 0xFF, 0xC7, 0x10, 0x00, 0x0F, 0x00, 0x0D, 0x00, 0x13, 0x00, 0x01, 0x00, 0x06, 0x00, 0x07, 0x00, 0xFF, 0xFF, 0xFF, 0xFF, 0xFF, 0xFF, 0xF0, 0xFF, 0xFF, 0xFF, 0xFF, 0xFF, 0xFF, 0xE0, 0x00, 0x00, 0x00, 0x00, 0x00, 
  0xCF, 0x70, 0x00, 0x00, 0x00, 0x00, 0x05, 0xFF, 0x10, 0x00, 0x00, 0x00, 0x00, 0x0B, 0xF8, 0x00, 0x00, 0x00, 0x00, 0x00, 0x3F, 0xF2, 0x00, 0x00, 0x00, 0x00, 0x00, 0xAF, 0xA0, 0x00, 0x00, 0x00, 0x00, 0x02, 0xFF, 0x30, 0x00, 0x00, 0x00, 0x00, 
  0x09, 0xFB, 0x00, 0x00, 0x00, 0x00, 0x00, 0x1F, 0xF5, 0x00, 0x00, 0x00, 0x00, 0x00, 0x8F, 0xD0, 0x00, 0x00, 0x00, 0x00, 0x01, 0xEF, 0x60, 0x00, 0x00, 0x00, 0x00, 0x07, 0xFE, 0x00, 0x00, 0x00, 0x00, 0x00, 0x0E, 0xF8, 0x00, 0x00, 0x00, 0x00, 
  0x00, 0x7F, 0xF1, 0x00, 0x00, 0x00, 0x00, 0x00, 0xDF, 0x90, 0x00, 0x00, 0x00, 0x00, 0x05, 0xFF, 0x30, 0x00, 0x00, 0x00, 0x00, 0x0C, 0xFB, 0x00, 0x00, 0x00, 0x00, 0x00, 0x4F, 0xF4, 0x00, 0x00, 0x00, 0x00, 0x0F, 0x00, 0x0D, 0x00, 0x13, 0x00, 
  0x01, 0x00, 0x06, 0x00, 0x07, 0x00, 0x00, 0x05, 0xBE, 0xFE, 0xB6, 0x00, 0x00, 0x00, 0xAF, 0xFF, 0xFF, 0xFF, 0xB1, 0x00, 0x07, 0xFF, 0xA2, 0x02, 0x8F, 0xF9, 0x00, 0x0D, 0xFB, 0x00, 0x00, 0x09, 0xFF, 0x10, 0x1F, 0xF6, 0x00, 0x00, 0x04, 0xFF, 
  0x30, 0x1F, 0xF6, 0x00, 0x00, 0x04, 0xFF, 0x30, 0x0C, 0xFB, 0x00, 0x00, 0x09, 0xFE, 0x00, 0x03, 0xFF, 0xA2, 0x01, 0x8F, 0xF5, 0x00, 0x00, 0x4D, 0xFF, 0xFF, 0xFE, 0x50, 0x00, 0x00, 0x5E, 0xFF, 0xFF, 0xFE, 0x60, 0x00, 0x06, 0xFF, 0x82, 0x01, 
  0x7F, 0xF8, 0x00, 0x1E, 0xF8, 0x00, 0x00, 0x06, 0xFF, 0x30, 0x6F, 0xF1, 0x00, 0x00, 0x00, 0xEF, 0x80, 0x7F, 0xD0, 0x00, 0x00, 0x00, 0xBF, 0xA0, 0x7F, 0xF0, 0x00, 0x00, 0x00, 0xDF, 0x90, 0x3F, 0xF7, 0x00, 0x00, 0x04, 0xFF, 0x60, 0x0B, 0xFF, 
  0x71, 0x01, 0x6E, 0xFD, 0x00, 0x01, 0xCF, 0xFF, 0xFF, 0xFF, 0xD2, 0x00, 0x00, 0x06, 0xBE, 0xFE, 0xC7, 0x10, 0x00, 0x0F, 0x00, 0x0D, 0x00, 0x13, 0x00, 0x01, 0x00, 0x06, 0x00, 0x07, 0x00, 0x00, 0x06, 0xBF, 0xFD, 0x92, 0x00, 0x00, 0x00, 0xBF, 
  0xFF, 0xFF, 0xFE, 0x30, 0x00, 0x09, 0xFF, 0x82, 0x05, 0xEF, 0xE2, 0x00, 0x2F, 0xF8, 0x00, 0x00, 0x3F, 0xF9, 0x00, 0x6F, 0xF1, 0x00, 0x00, 0x09, 0xFE, 0x00, 0x9F, 0xC0, 0x00, 0x00, 0x04, 0xFF, 0x30, 0xAF, 0xB0, 0x00, 0x00, 0x02, 0xFF, 0x50, 
  0x9F, 0xC0, 0x00, 0x00, 0x00, 0xFF, 0x60, 0x7F, 0xF1, 0x00, 0x00, 0x02, 0xFF, 0x60, 0x3F, 0xF8, 0x00, 0x00, 0x0B, 0xFF, 0x60, 0x0A, 0xFF, 0x81, 0x04, 0xCF, 0xFF, 0x40, 0x01, 0xDF, 0xFF, 0xFF, 0xF8, 0xFF, 0x30, 0x00, 0x17, 0xDF, 0xEB, 0x34, 
  0xFF, 0x00, 0x00, 0x00, 0x00, 0x00, 0x08, 0xFB, 0x00, 0x00, 0x00, 0x00, 0x00, 0x1E, 0xF5, 0x00, 0x00, 0x00, 0x00, 0x02, 0xCF, 0xD0, 0x00, 0x00, 0x02, 0x24, 0x8E, 0xFE, 0x20, 0x00, 0x00, 0x0F, 0xFF, 0xFF, 0xC2, 0x00, 0x00, 0x00, 0x0F, 0xEC, 
  0x94, 0x00, 0x00, 0x00, 0x07, 0x00, 0x04, 0x00, 0x0F, 0x00, 0x01, 0x00, 0x0A, 0x00, 0x02, 0x00, 0x0B, 0xF8, 0x1F, 0xFD, 0x09, 0xD7, 0x00, 0x00, 0x00, 0x00, 0x00, 0x00, 0x00, 0x00, 0x00, 0x00, 0x00, 0x00, 0x00, 0x00, 0x00, 0x00, 0x00, 0x00, 
  0x09, 0xD7, 0x1F, 0xFD, 0x0B, 0xF8, 0x06, 0x00, 0x05, 0x00, 0x13, 0x00, 0x00, 0x00, 0x0A, 0x00, 0x03, 0x00, 0x00, 0xBF, 0x80, 0x01, 0xFF, 0xD0, 0x00, 0x9D, 0x70, 0x00, 0x00, 0x00, 0x00, 0x00, 0x00, 0x00, 0x00, 0x00, 0x00, 0x00, 0x00, 0x00, 
  0x00, 0x00, 0x00, 0x00, 0x00, 0x00, 0x00, 0x00, 0x00, 0x00, 0x00, 0x00, 0x00, 0x00, 0x05, 0xDD, 0x20, 0x06, 0xFF, 0x20, 0x06, 0xFF, 0x00, 0x07, 0xFD, 0x00, 0x0C, 0xF8, 0x00, 0x4F, 0xE1, 0x00, 0x2C, 0x40, 0x00, 0x0E, 0x00, 0x0B, 0x00, 0x0C, 
  0x00, 0x01, 0x00, 0x0A, 0x00, 0x06, 0x00, 0x00, 0x00, 0x00, 0x00, 0x07, 0x90, 0x00, 0x00, 0x00, 0x17, 0xEF, 0xB0, 0x00, 0x00, 0x28, 0xFF, 0xFF, 0x80, 0x00, 0x39, 0xFF, 0xFE, 0x82, 0x00, 0x4A, 0xFF, 0xFC, 0x50, 0x00, 0x00, 0xFF, 0xF9, 0x30, 
  0x00, 0x00, 0x00, 0xFF, 0xE8, 0x20, 0x00, 0x00, 0x00, 0x3A, 0xFF, 0xFB, 0x50, 0x00, 0x00, 0x00, 0x29, 0xFF, 0xFE, 0x82, 0x00, 0x00, 0x00, 0x18, 0xEF, 0xFF, 0x80, 0x00, 0x00, 0x00, 0x17, 0xEF, 0xB0, 0x00, 0x00, 0x00, 0x00, 0x07, 0x90, 0x0F, 
  0x00, 0x0B, 0x00, 0x08, 0x00, 0x02, 0x00, 0x0D, 0x00, 0x06, 0x00, 0xFF, 0xFF, 0xFF, 0xFF, 0xFF, 0xF0, 0xFF, 0xFF, 0xFF, 0xFF, 0xFF, 0xF0, 0x22, 0x22, 0x22, 0x22, 0x22, 0x20, 0x00, 0x00, 0x00, 0x00, 0x00, 0x00, 0x00, 0x00, 0x00, 0x00, 0x00, 
  0x00, 0xFF, 0xFF, 0xFF, 0xFF, 0xFF, 0xF0, 0xFF, 0xFF, 0xFF, 0xFF, 0xFF, 0xF0, 0x22, 0x22, 0x22, 0x22, 0x22, 0x20, 0x0E, 0x00, 0x0C, 0x00, 0x0C, 0x00, 0x01, 0x00, 0x0A, 0x00, 0x06, 0x00, 0x3A, 0x30, 0x00, 0x00, 0x00, 0x00, 0x4F, 0xFC, 0x50, 
  0x00, 0x00, 0x00, 0x2C, 0xFF, 0xFD, 0x71, 0x00, 0x00, 0x00, 0x39, 0xEF, 0xFE, 0x82, 0x00, 0x00, 0x00, 0x16, 0xCF, 0xFF, 0xA3, 0x00, 0x00, 0x00, 0x03, 0x9E, 0xFF, 0x00, 0x00, 0x00, 0x04, 0xAF, 0xFF, 0x00, 0x00, 0x17, 0xDF, 0xFF, 0xA3, 0x00, 
  0x4A, 0xFF, 0xFE, 0x82, 0x00, 0x2D, 0xFF, 0xFD, 0x71, 0x00, 0x00, 0x4F, 0xFC, 0x50, 0x00, 0x00, 0x00, 0x3A, 0x30, 0x00, 0x00, 0x00, 0x00, 0x0D, 0x00, 0x0B, 0x00, 0x13, 0x00, 0x01, 0x00, 0x06, 0x00, 0x06, 0x00, 0x00, 0x5B, 0xEF, 0xEB, 0x40, 
  0x00, 0x0A, 0xFF, 0xFF, 0xFF, 0xF7, 0x00, 0x6F, 0xFA, 0x42, 0x4C, 0xFF, 0x30, 0xDF, 0xB0, 0x00, 0x02, 0xFF, 0x80, 0xBB, 0x50, 0x00, 0x00, 0xCF, 0xA0, 0x00, 0x00, 0x00, 0x00, 0xCF, 0x90, 0x00, 0x00, 0x00, 0x02, 0xFF, 0x60, 0x00, 0x00, 0x00, 
  0x1C, 0xFD, 0x00, 0x00, 0x00, 0x01, 0xBF, 0xF3, 0x00, 0x00, 0x00, 0x1B, 0xFE, 0x50, 0x00, 0x00, 0x00, 0x9F, 0xF3, 0x00, 0x00, 0x00, 0x01, 0xFF, 0x80, 0x00, 0x00, 0x00, 0x03, 0xFF, 0x30, 0x00, 0x00, 0x00, 0x02, 0x77, 0x10, 0x00, 0x00, 0x00, 
  0x00, 0x00, 0x00, 0x00, 0x00, 0x00, 0x00, 0x00, 0x00, 0x00, 0x00, 0x00, 0x01, 0xAA, 0x10, 0x00, 0x00, 0x00, 0x05, 0xFF, 0x70, 0x00, 0x00, 0x00, 0x02, 0xEE, 0x30, 0x00, 0x00, 0x18, 0x00, 0x17, 0x00, 0x19, 0x00, 0x01, 0x00, 0x06, 0x00, 0x0C, 
  0x00, 0x00, 0x00, 0x00, 0x02, 0x8B, 0xEF, 0xFD, 0xB7, 0x10, 0x00, 0x00, 0x00, 0x00, 0x00, 0x01, 0x9F, 0xFF, 0xCB, 0xBD, 0xFF, 0xF7, 0x00, 0x00, 0x00, 0x00, 0x00, 0x2D, 0xFC, 0x50, 0x00, 0x00, 0x15, 0xCF, 0xB1, 0x00, 0x00, 0x00, 0x02, 0xEF, 
  0x70, 0x00, 0x00, 0x00, 0x00, 0x09, 0xFA, 0x00, 0x00, 0x00, 0x0C, 0xF5, 0x00, 0x00, 0x00, 0x00, 0x00, 0x00, 0x9F, 0x50, 0x00, 0x00, 0x7F, 0x90, 0x00, 0x00, 0x00, 0x00, 0x00, 0x00, 0x1E, 0xD0, 0x00, 0x01, 0xEE, 0x10, 0x00, 0x03, 0xBF, 0xFC, 
  0x70, 0x00, 0x07, 0xF3, 0x00, 0x07, 0xF8, 0x00, 0x00, 0x5F, 0xFC, 0xBE, 0xFA, 0x00, 0x03, 0xF7, 0x00, 0x0B, 0xF2, 0x00, 0x02, 0xEF, 0x40, 0x04, 0xFA, 0x00, 0x00, 0xEB, 0x00, 0x1F, 0xD0, 0x00, 0x0A, 0xF7, 0x00, 0x06, 0xF9, 0x00, 0x00, 0xCD, 
  0x00, 0x3F, 0xA0, 0x00, 0x2F, 0xE1, 0x00, 0x07, 0xF7, 0x00, 0x00, 0xBD, 0x00, 0x5F, 0x80, 0x00, 0x6F, 0xA0, 0x00, 0x08, 0xF6, 0x00, 0x00, 0xBD, 0x00, 0x6F, 0x70, 0x00, 0x9F, 0x70, 0x00, 0x09, 0xF4, 0x00, 0x00, 0xCD, 0x00, 0x7F, 0x70, 0x00, 
  0xBF, 0x60, 0x00, 0x0B, 0xF3, 0x00, 0x00, 0xEC, 0x00, 0x7F, 0x70, 0x00, 0xBF, 0x60, 0x00, 0x0D, 0xF2, 0x00, 0x02, 0xF8, 0x00, 0x5F, 0x80, 0x00, 0xAF, 0x70, 0x00, 0x4F, 0xF2, 0x00, 0x08, 0xF4, 0x00, 0x3F, 0xB0, 0x00, 0x7F, 0xE2, 0x03, 0xEF, 
  0xF5, 0x00, 0x3F, 0xB0, 0x00, 0x0F, 0xE0, 0x00, 0x1E, 0xFF, 0xDF, 0xB6, 0xFE, 0xAA, 0xFE, 0x20, 0x00, 0x0A, 0xF5, 0x00, 0x02, 0xBF, 0xE8, 0x10, 0x7D, 0xFE, 0x92, 0x00, 0x00, 0x05, 0xFC, 0x00, 0x00, 0x00, 0x00, 0x00, 0x00, 0x00, 0x00, 0x00, 
  0x00, 0x00, 0xCF, 0x70, 0x00, 0x00, 0x00, 0x00, 0x00, 0x00, 0x00, 0x00, 0x00, 0x00, 0x2E, 0xF6, 0x00, 0x00, 0x00, 0x00, 0x00, 0x00, 0x00, 0x00, 0x00, 0x00, 0x03, 0xEF, 0xB3, 0x00, 0x00, 0x00, 0x53, 0x00, 0x00, 0x00, 0x00, 0x00, 0x00, 0x2B, 
  0xFF, 0xEB, 0x9A, 0xCF, 0xF9, 0x00, 0x00, 0x00, 0x00, 0x00, 0x00, 0x00, 0x38, 0xCE, 0xFF, 0xDA, 0x60, 0x00, 0x00, 0x00, 0x00, 0x12, 0x00, 0x12, 0x00, 0x13, 0x00, 0x00, 0x00, 0x06, 0x00, 0x09, 0x00, 0x00, 0x00, 0x00, 0x04, 0xFF, 0x40, 0x00, 
  0x00, 0x00, 0x00, 0x00, 0x00, 0x0A, 0xFF, 0xA0, 0x00, 0x00, 0x00, 0x00, 0x00, 0x00, 0x1F, 0xFF, 0xF1, 0x00, 0x00, 0x00, 0x00, 0x00, 0x00, 0x7F, 0xDD, 0xF7, 0x00, 0x00, 0x00, 0x00, 0x00, 0x00, 0xDF, 0x77, 0xFD, 0x00, 0x00, 0x00, 0x00, 0x00, 
  0x03, 0xFF, 0x22, 0xFF, 0x30, 0x00, 0x00, 0x00, 0x00, 0x09, 0xFB, 0x00, 0xBF, 0x90, 0x00, 0x00, 0x00, 0x00, 0x1E, 0xF6, 0x00, 0x6F, 0xE1, 0x00, 0x00, 0x00, 0x00, 0x6F, 0xF1, 0x00, 0x1F, 0xF6, 0x00, 0x00, 0x00, 0x00, 0xCF, 0xA0, 0x00, 0x0A, 
  0xFC, 0x00, 0x00, 0x00, 0x02, 0xFF, 0x40, 0x00, 0x04, 0xFF, 0x20, 0x00, 0x00, 0x08, 0xFE, 0x00, 0x00, 0x00, 0xEF, 0x80, 0x00, 0x00, 0x0E, 0xFF, 0xFF, 0xFF, 0xFF, 0xFF, 0xE0, 0x00, 0x00, 0x5F, 0xFF, 0xFF, 0xFF, 0xFF, 0xFF, 0xF5, 0x00, 0x00, 
  0xBF, 0xC2, 0x22, 0x22, 0x22, 0x2C, 0xFB, 0x00, 0x02, 0xFF, 0x70, 0x00, 0x00, 0x00, 0x07, 0xFF, 0x20, 0x07, 0xFF, 0x10, 0x00, 0x00, 0x00, 0x01, 0xFF, 0x70, 0x0D, 0xFB, 0x00, 0x00, 0x00, 0x00, 0x00, 0xBF, 0xD0, 0x4F, 0xF5, 0x00, 0x00, 0x00, 
  0x00, 0x00, 0x5F, 0xF4, 0x11, 0x00, 0x0E, 0x00, 0x13, 0x00, 0x02, 0x00, 0x06, 0x00, 0x07, 0x00, 0xBF, 0xFF, 0xFF, 0xFF, 0xC9, 0x30, 0x00, 0xBF, 0xFF, 0xFF, 0xFF, 0xFF, 0xF7, 0x00, 0xBF, 0xC2, 0x22, 0x22, 0x5D, 0xFF, 0x30, 0xBF, 0xB0, 0x00, 
  0x00, 0x02, 0xFF, 0x90, 0xBF, 0xB0, 0x00, 0x00, 0x00, 0xCF, 0xB0, 0xBF, 0xB0, 0x00, 0x00, 0x00, 0xCF, 0xB0, 0xBF, 0xB0, 0x00, 0x00, 0x03, 0xFF, 0x70, 0xBF, 0xB0, 0x00, 0x01, 0x6E, 0xFC, 0x10, 0xBF, 0xFF, 0xFF, 0xFF, 0xFF, 0x91, 0x00, 0xBF, 
  0xFF, 0xFF, 0xFF, 0xFF, 0xD5, 0x00, 0xBF, 0xB0, 0x00, 0x01, 0x3A, 0xFF, 0x50, 0xBF, 0xB0, 0x00, 0x00, 0x00, 0xBF, 0xE0, 0xBF, 0xB0, 0x00, 0x00, 0x00, 0x5F, 0xF3, 0xBF, 0xB0, 0x00, 0x00, 0x00, 0x4F, 0xF4, 0xBF, 0xB0, 0x00, 0x00, 0x00, 0x6F, 
  0xF3, 0xBF, 0xB0, 0x00, 0x00, 0x00, 0xCF, 0xE0, 0xBF, 0xC2, 0x22, 0x22, 0x4C, 0xFF, 0x70, 0xBF, 0xFF, 0xFF, 0xFF, 0xFF, 0xF9, 0x00, 0xBF, 0xFF, 0xFF, 0xFF, 0xDA, 0x40, 0x00, 0x12, 0x00, 0x10, 0x00, 0x13, 0x00, 0x01, 0x00, 0x06, 0x00, 0x08, 
  0x00, 0x00, 0x00, 0x28, 0xCF, 0xFE, 0xB6, 0x00, 0x00, 0x00, 0x06, 0xFF, 0xFF, 0xFF, 0xFF, 0xC1, 0x00, 0x00, 0x7F, 0xFD, 0x52, 0x23, 0x8F, 0xFD, 0x10, 0x03, 0xFF, 0xB1, 0x00, 0x00, 0x04, 0xFF, 0x80, 0x0A, 0xFE, 0x10, 0x00, 0x00, 0x00, 0xBF, 
  0xE0, 0x1F, 0xF8, 0x00, 0x00, 0x00, 0x00, 0x6F, 0xF3, 0x4F, 0xF5, 0x00, 0x00, 0x00, 0x00, 0x27, 0x73, 0x6F, 0xF2, 0x00, 0x00, 0x00, 0x00, 0x00, 0x00, 0x6F, 0xF2, 0x00, 0x00, 0x00, 0x00, 0x00, 0x00, 0x7F, 0xF2, 0x00, 0x00, 0x00, 0x00, 0x00, 
  0x00, 0x6F, 0xF2, 0x00, 0x00, 0x00, 0x00, 0x00, 0x00, 0x6F, 0xF2, 0x00, 0x00, 0x00, 0x00, 0x00, 0x00, 0x4F, 0xF4, 0x00, 0x00, 0x00, 0x00, 0x16, 0x62, 0x1F, 0xF8, 0x00, 0x00, 0x00, 0x00, 0x6F, 0xF3, 0x0B, 0xFE, 0x10, 0x00, 0x00, 0x00, 0xBF, 
  0xE0, 0x03, 0xFF, 0xA0, 0x00, 0x00, 0x04, 0xFF, 0x70, 0x00, 0x7F, 0xFC, 0x52, 0x23, 0x8F, 0xFC, 0x10, 0x00, 0x07, 0xFF, 0xFF, 0xFF, 0xFF, 0xC1, 0x00, 0x00, 0x00, 0x39, 0xDF, 0xFE, 0xA5, 0x00, 0x00, 0x12, 0x00, 0x0F, 0x00, 0x13, 0x00, 0x02, 
  0x00, 0x06, 0x00, 0x08, 0x00, 0xBF, 0xFF, 0xFF, 0xFC, 0x93, 0x00, 0x00, 0x00, 0xBF, 0xFF, 0xFF, 0xFF, 0xFF, 0xA1, 0x00, 0x00, 0xBF, 0xC2, 0x22, 0x25, 0xAF, 0xFB, 0x10, 0x00, 0xBF, 0xB0, 0x00, 0x00, 0x05, 0xFF, 0x90, 0x00, 0xBF, 0xB0, 0x00, 
  0x00, 0x00, 0x7F, 0xF3, 0x00, 0xBF, 0xB0, 0x00, 0x00, 0x00, 0x0E, 0xF9, 0x00, 0xBF, 0xB0, 0x00, 0x00, 0x00, 0x0A, 0xFD, 0x00, 0xBF, 0xB0, 0x00, 0x00, 0x00, 0x07, 0xFF, 0x00, 0xBF, 0xB0, 0x00, 0x00, 0x00, 0x06, 0xFF, 0x20, 0xBF, 0xB0, 0x00, 
  0x00, 0x00, 0x06, 0xFF, 0x20, 0xBF, 0xB0, 0x00, 0x00, 0x00, 0x06, 0xFF, 0x20, 0xBF, 0xB0, 0x00, 0x00, 0x00, 0x07, 0xFF, 0x00, 0xBF, 0xB0, 0x00, 0x00, 0x00, 0x0A, 0xFD, 0x00, 0xBF, 0xB0, 0x00, 0x00, 0x00, 0x1E, 0xF9, 0x00, 0xBF, 0xB0, 0x00, 
  0x00, 0x00, 0x8F, 0xF3, 0x00, 0xBF, 0xB0, 0x00, 0x00, 0x06, 0xFF, 0xA0, 0x00, 0xBF, 0xC2, 0x22, 0x25, 0xBF, 0xFB, 0x10, 0x00, 0xBF, 0xFF, 0xFF, 0xFF, 0xFF, 0x91, 0x00, 0x00, 0xBF, 0xFF, 0xFF, 0xEC, 0x83, 0x00, 0x00, 0x00, 0x0F, 0x00, 0x0D, 
  0x00, 0x13, 0x00, 0x02, 0x00, 0x06, 0x00, 0x07, 0x00, 0xBF, 0xFF, 0xFF, 0xFF, 0xFF, 0xFF, 0x40, 0xBF, 0xFF, 0xFF, 0xFF, 0xFF, 0xFF, 0x40, 0xBF, 0xC2, 0x22, 0x22, 0x22, 0x22, 0x00, 0xBF, 0xB0, 0x00, 0x00, 0x00, 0x00, 0x00, 0xBF, 0xB0, 0x00, 
  0x00, 0x00, 0x00, 0x00, 0xBF, 0xB0, 0x00, 0x00, 0x00, 0x00, 0x00, 0xBF, 0xB0, 0x00, 0x00, 0x00, 0x00, 0x00, 0xBF, 0xB0, 0x00, 0x00, 0x00, 0x00, 0x00, 0xBF, 0xFF, 0xFF, 0xFF, 0xFF, 0xF2, 0x00, 0xBF, 0xFF, 0xFF, 0xFF, 0xFF, 0xF2, 0x00, 0xBF, 
  0xC2, 0x22, 0x22, 0x22, 0x20, 0x00, 0xBF, 0xB0, 0x00, 0x00, 0x00, 0x00, 0x00, 0xBF, 0xB0, 0x00, 0x00, 0x00, 0x00, 0x00, 0xBF, 0xB0, 0x00, 0x00, 0x00, 0x00, 0x00, 0xBF, 0xB0, 0x00, 0x00, 0x00, 0x00, 0x00, 0xBF, 0xB0, 0x00, 0x00, 0x00, 0x00, 
  0x00, 0xBF, 0xC2, 0x22, 0x22, 0x22, 0x22, 0x10, 0xBF, 0xFF, 0xFF, 0xFF, 0xFF, 0xFF, 0x60, 0xBF, 0xFF, 0xFF, 0xFF, 0xFF, 0xFF, 0x60, 0x0F, 0x00, 0x0D, 0x00, 0x13, 0x00, 0x02, 0x00, 0x06, 0x00, 0x07, 0x00, 0xBF, 0xFF, 0xFF, 0xFF, 0xFF, 0xFF, 
  0x20, 0xBF, 0xFF, 0xFF, 0xFF, 0xFF, 0xFF, 0x20, 0xBF, 0xC2, 0x22, 0x22, 0x22, 0x22, 0x00, 0xBF, 0xB0, 0x00, 0x00, 0x00, 0x00, 0x00, 0xBF, 0xB0, 0x00, 0x00, 0x00, 0x00, 0x00, 0xBF, 0xB0, 0x00, 0x00, 0x00, 0x00, 0x00, 0xBF, 0xB0, 0x00, 0x00, 
  0x00, 0x00, 0x00, 0xBF, 0xB0, 0x00, 0x00, 0x00, 0x00, 0x00, 0xBF, 0xB0, 0x00, 0x00, 0x00, 0x00, 0x00, 0xBF, 0xFF, 0xFF, 0xFF, 0xFF, 0xD0, 0x00, 0xBF, 0xFF, 0xFF, 0xFF, 0xFF, 0xD0, 0x00, 0xBF, 0xC2, 0x22, 0x22, 0x22, 0x20, 0x00, 0xBF, 0xB0, 
  0x00, 0x00, 0x00, 0x00, 0x00, 0xBF, 0xB0, 0x00, 0x00, 0x00, 0x00, 0x00, 0xBF, 0xB0, 0x00, 0x00, 0x00, 0x00, 0x00, 0xBF, 0xB0, 0x00, 0x00, 0x00, 0x00, 0x00, 0xBF, 0xB0, 0x00, 0x00, 0x00, 0x00, 0x00, 0xBF, 0xB0, 0x00, 0x00, 0x00, 0x00, 0x00, 
  0xBF, 0xB0, 0x00, 0x00, 0x00, 0x00, 0x00, 0x12, 0x00, 0x10, 0x00, 0x13, 0x00, 0x01, 0x00, 0x06, 0x00, 0x08, 0x00, 0x00, 0x00, 0x39, 0xCF, 0xFE, 0xB7, 0x10, 0x00, 0x00, 0x08, 0xFF, 0xFF, 0xFF, 0xFF, 0xD3, 0x00, 0x00, 0x8F, 0xFC, 0x52, 0x23, 
  0x8E, 0xFE, 0x20, 0x03, 0xFF, 0xB0, 0x00, 0x00, 0x03, 0xFF, 0xA0, 0x0A, 0xFE, 0x10, 0x00, 0x00, 0x00, 0x8F, 0xF1, 0x0F, 0xF9, 0x00, 0x00, 0x00, 0x00, 0x3D, 0xD4, 0x3F, 0xF5, 0x00, 0x00, 0x00, 0x00, 0x00, 0x00, 0x5F, 0xF3, 0x00, 0x00, 0x00, 
  0x00, 0x00, 0x00, 0x6F, 0xF2, 0x00, 0x00, 0x00, 0x00, 0x00, 0x00, 0x6F, 0xF2, 0x00, 0x00, 0x00, 0x00, 0x00, 0x00, 0x6F, 0xF2, 0x00, 0x00, 0x9F, 0xFF, 0xFF, 0xF6, 0x5F, 0xF3, 0x00, 0x00, 0x9F, 0xFF, 0xFF, 0xF6, 0x3F, 0xF6, 0x00, 0x00, 0x12, 
  0x22, 0x3F, 0xF6, 0x0E, 0xFB, 0x00, 0x00, 0x00, 0x00, 0x2F, 0xF6, 0x08, 0xFF, 0x30, 0x00, 0x00, 0x00, 0x2F, 0xF6, 0x01, 0xEF, 0xD2, 0x00, 0x00, 0x00, 0x3F, 0xF6, 0x00, 0x5F, 0xFE, 0x73, 0x22, 0x37, 0xDF, 0xF4, 0x00, 0x04, 0xEF, 0xFF, 0xFF, 
  0xFF, 0xFE, 0x50, 0x00, 0x00, 0x17, 0xBE, 0xFF, 0xDB, 0x71, 0x00, 0x13, 0x00, 0x0F, 0x00, 0x13, 0x00, 0x02, 0x00, 0x06, 0x00, 0x08, 0x00, 0xBF, 0xB0, 0x00, 0x00, 0x00, 0x00, 0x9F, 0xF0, 0xBF, 0xB0, 0x00, 0x00, 0x00, 0x00, 0x9F, 0xF0, 0xBF, 
  0xB0, 0x00, 0x00, 0x00, 0x00, 0x9F, 0xF0, 0xBF, 0xB0, 0x00, 0x00, 0x00, 0x00, 0x9F, 0xF0, 0xBF, 0xB0, 0x00, 0x00, 0x00, 0x00, 0x9F, 0xF0, 0xBF, 0xB0, 0x00, 0x00, 0x00, 0x00, 0x9F, 0xF0, 0xBF, 0xB0, 0x00, 0x00, 0x00, 0x00, 0x9F, 0xF0, 0xBF, 
  0xB0, 0x00, 0x00, 0x00, 0x00, 0x9F, 0xF0, 0xBF, 0xFF, 0xFF, 0xFF, 0xFF, 0xFF, 0xFF, 0xF0, 0xBF, 0xFF, 0xFF, 0xFF, 0xFF, 0xFF, 0xFF, 0xF0, 0xBF, 0xC2, 0x22, 0x22, 0x22, 0x22, 0xAF, 0xF0, 0xBF, 0xB0, 0x00, 0x00, 0x00, 0x00, 0x9F, 0xF0, 0xBF, 
  0xB0, 0x00, 0x00, 0x00, 0x00, 0x9F, 0xF0, 0xBF, 0xB0, 0x00, 0x00, 0x00, 0x00, 0x9F, 0xF0, 0xBF, 0xB0, 0x00, 0x00, 0x00, 0x00, 0x9F, 0xF0, 0xBF, 0xB0, 0x00, 0x00, 0x00, 0x00, 0x9F, 0xF0, 0xBF, 0xB0, 0x00, 0x00, 0x00, 0x00, 0x9F, 0xF0, 0xBF, 
  0xB0, 0x00, 0x00, 0x00, 0x00, 0x9F, 0xF0, 0xBF, 0xB0, 0x00, 0x00, 0x00, 0x00, 0x9F, 0xF0, 0x07, 0x00, 0x03, 0x00, 0x13, 0x00, 0x02, 0x00, 0x06, 0x00, 0x02, 0x00, 0x9F, 0xF0, 0x9F, 0xF0, 0x9F, 0xF0, 0x9F, 0xF0, 0x9F, 0xF0, 0x9F, 0xF0, 0x9F, 
  0xF0, 0x9F, 0xF0, 0x9F, 0xF0, 0x9F, 0xF0, 0x9F, 0xF0, 0x9F, 0xF0, 0x9F, 0xF0, 0x9F, 0xF0, 0x9F, 0xF0, 0x9F, 0xF0, 0x9F, 0xF0, 0x9F, 0xF0, 0x9F, 0xF0, 0x0F, 0x00, 0x0D, 0x00, 0x13, 0x00, 0x00, 0x00, 0x06, 0x00, 0x07, 0x00, 0x00, 0x00, 0x00, 
  0x00, 0x00, 0xBF, 0xD0, 0x00, 0x00, 0x00, 0x00, 0x00, 0xBF, 0xD0, 0x00, 0x00, 0x00, 0x00, 0x00, 0xBF, 0xD0, 0x00, 0x00, 0x00, 0x00, 0x00, 0xBF, 0xD0, 0x00, 0x00, 0x00, 0x00, 0x00, 0xBF, 0xD0, 0x00, 0x00, 0x00, 0x00, 0x00, 0xBF, 0xD0, 0x00, 
  0x00, 0x00, 0x00, 0x00, 0xBF, 0xD0, 0x00, 0x00, 0x00, 0x00, 0x00, 0xBF, 0xD0, 0x00, 0x00, 0x00, 0x00, 0x00, 0xBF, 0xD0, 0x00, 0x00, 0x00, 0x00, 0x00, 0xBF, 0xD0, 0x00, 0x00, 0x00, 0x00, 0x00, 0xBF, 0xD0, 0x00, 0x00, 0x00, 0x00, 0x00, 0xBF, 
  0xD0, 0x00, 0x00, 0x00, 0x00, 0x00, 0xBF, 0xD0, 0x29, 0x92, 0x00, 0x00, 0x00, 0xBF, 0xC0, 0x3F, 0xF5, 0x00, 0x00, 0x00, 0xEF, 0xB0, 0x0E, 0xFB, 0x00, 0x00, 0x05, 0xFF, 0x70, 0x08, 0xFF, 0xA3, 0x22, 0x7F, 0xFE, 0x10, 0x00, 0xAF, 0xFF, 0xFF, 
  0xFF, 0xE3, 0x00, 0x00, 0x05, 0xBE, 0xFF, 0xC8, 0x10, 0x00, 0x11, 0x00, 0x0F, 0x00, 0x13, 0x00, 0x02, 0x00, 0x06, 0x00, 0x08, 0x00, 0xBF, 0xB0, 0x00, 0x00, 0x00, 0x3E, 0xFD, 0x10, 0xBF, 0xB0, 0x00, 0x00, 0x02, 0xEF, 0xE1, 0x00, 0xBF, 0xB0, 
  0x00, 0x00, 0x1D, 0xFE, 0x20, 0x00, 0xBF, 0xB0, 0x00, 0x01, 0xDF, 0xE3, 0x00, 0x00, 0xBF, 0xB0, 0x00, 0x1B, 0xFF, 0x50, 0x00, 0x00, 0xBF, 0xB0, 0x00, 0xAF, 0xF6, 0x00, 0x00, 0x00, 0xBF, 0xB0, 0x09, 0xFF, 0x70, 0x00, 0x00, 0x00, 0xBF, 0xB0, 
  0x8F, 0xF9, 0x00, 0x00, 0x00, 0x00, 0xBF, 0xB7, 0xFF, 0xE1, 0x00, 0x00, 0x00, 0x00, 0xBF, 0xEF, 0xFF, 0xFA, 0x00, 0x00, 0x00, 0x00, 0xBF, 0xFF, 0xBA, 0xFF, 0x60, 0x00, 0x00, 0x00, 0xBF, 0xFB, 0x11, 0xCF, 0xF3, 0x00, 0x00, 0x00, 0xBF, 0xD1, 
  0x00, 0x2E, 0xFD, 0x10, 0x00, 0x00, 0xBF, 0xB0, 0x00, 0x05, 0xFF, 0xB0, 0x00, 0x00, 0xBF, 0xB0, 0x00, 0x00, 0x8F, 0xF7, 0x00, 0x00, 0xBF, 0xB0, 0x00, 0x00, 0x0B, 0xFF, 0x40, 0x00, 0xBF, 0xB0, 0x00, 0x00, 0x02, 0xEF, 0xE2, 0x00, 0xBF, 0xB0, 
  0x00, 0x00, 0x00, 0x4F, 0xFB, 0x00, 0xBF, 0xB0, 0x00, 0x00, 0x00, 0x07, 0xFF, 0x90, 0x0F, 0x00, 0x0C, 0x00, 0x13, 0x00, 0x02, 0x00, 0x06, 0x00, 0x06, 0x00, 0xBF, 0xB0, 0x00, 0x00, 0x00, 0x00, 0xBF, 0xB0, 0x00, 0x00, 0x00, 0x00, 0xBF, 0xB0, 
  0x00, 0x00, 0x00, 0x00, 0xBF, 0xB0, 0x00, 0x00, 0x00, 0x00, 0xBF, 0xB0, 0x00, 0x00, 0x00, 0x00, 0xBF, 0xB0, 0x00, 0x00, 0x00, 0x00, 0xBF, 0xB0, 0x00, 0x00, 0x00, 0x00, 0xBF, 0xB0, 0x00, 0x00, 0x00, 0x00, 0xBF, 0xB0, 0x00, 0x00, 0x00, 0x00, 
  0xBF, 0xB0, 0x00, 0x00, 0x00, 0x00, 0xBF, 0xB0, 0x00, 0x00, 0x00, 0x00, 0xBF, 0xB0, 0x00, 0x00, 0x00, 0x00, 0xBF, 0xB0, 0x00, 0x00, 0x00, 0x00, 0xBF, 0xB0, 0x00, 0x00, 0x00, 0x00, 0xBF, 0xB0, 0x00, 0x00, 0x00, 0x00, 0xBF, 0xB0, 0x00, 0x00, 
  0x00, 0x00, 0xBF, 0xC2, 0x22, 0x22, 0x22, 0x22, 0xBF, 0xFF, 0xFF, 0xFF, 0xFF, 0xFD, 0xBF, 0xFF, 0xFF, 0xFF, 0xFF, 0xFD, 0x18, 0x00, 0x14, 0x00, 0x13, 0x00, 0x02, 0x00, 0x06, 0x00, 0x0A, 0x00, 0xBF, 0xFB, 0x00, 0x00, 0x00, 0x00, 0x00, 0x02, 
  0xFF, 0xF6, 0xBF, 0xFF, 0x20, 0x00, 0x00, 0x00, 0x00, 0x08, 0xFF, 0xF6, 0xBF, 0xFF, 0x70, 0x00, 0x00, 0x00, 0x00, 0x0E, 0xFF, 0xF6, 0xBF, 0xFF, 0xE0, 0x00, 0x00, 0x00, 0x00, 0x6F, 0xFF, 0xF6, 0xBF, 0xAF, 0xF5, 0x00, 0x00, 0x00, 0x00, 0xCF, 
  0xAF, 0xF6, 0xBF, 0x9B, 0xFB, 0x00, 0x00, 0x00, 0x03, 0xFF, 0x4F, 0xF6, 0xBF, 0x95, 0xFF, 0x20, 0x00, 0x00, 0x09, 0xFD, 0x0F, 0xF6, 0xBF, 0x90, 0xDF, 0x80, 0x00, 0x00, 0x1E, 0xF7, 0x2F, 0xF6, 0xBF, 0x90, 0x7F, 0xE0, 0x00, 0x00, 0x6F, 0xF1, 
  0x2F, 0xF6, 0xBF, 0xB0, 0x2F, 0xF5, 0x00, 0x00, 0xCF, 0x90, 0x2F, 0xF6, 0xBF, 0xB0, 0x0A, 0xFB, 0x00, 0x03, 0xFF, 0x30, 0x2F, 0xF6, 0xBF, 0xB0, 0x04, 0xFF, 0x20, 0x09, 0xFC, 0x00, 0x4F, 0xF6, 0xBF, 0xB0, 0x00, 0xDF, 0x80, 0x1F, 0xF6, 0x00, 
  0x4F, 0xF6, 0xBF, 0xB0, 0x00, 0x7F, 0xE0, 0x6F, 0xE0, 0x00, 0x4F, 0xF6, 0xBF, 0xB0, 0x00, 0x1F, 0xF5, 0xCF, 0x90, 0x00, 0x4F, 0xF6, 0xBF, 0xB0, 0x00, 0x0A, 0xFE, 0xFF, 0x30, 0x00, 0x4F, 0xF6, 0xBF, 0xB0, 0x00, 0x03, 0xFF, 0xFB, 0x00, 0x00, 
  0x4F, 0xF6, 0xBF, 0xB0, 0x00, 0x00, 0xCF, 0xF5, 0x00, 0x00, 0x4F, 0xF6, 0xBF, 0xB0, 0x00, 0x00, 0x6F, 0xE0, 0x00, 0x00, 0x4F, 0xF6, 0x13, 0x00, 0x0F, 0x00, 0x13, 0x00, 0x02, 0x00, 0x06, 0x00, 0x08, 0x00, 0xFF, 0xD1, 0x00, 0x00, 0x00, 0x00, 
  0xBF, 0xB0, 0xFF, 0xF9, 0x00, 0x00, 0x00, 0x00, 0xBF, 0xB0, 0xFF, 0xFF, 0x30, 0x00, 0x00, 0x00, 0xBF, 0xB0, 0xFF, 0xFF, 0xD0, 0x00, 0x00, 0x00, 0xBF, 0xB0, 0xFF, 0xDF, 0xF8, 0x00, 0x00, 0x00, 0xBF, 0xB0, 0xFF, 0x9A, 0xFF, 0x30, 0x00, 0x00, 
  0xBF, 0xB0, 0xFF, 0x91, 0xEF, 0xD0, 0x00, 0x00, 0xBF, 0xB0, 0xFF, 0x90, 0x5F, 0xF8, 0x00, 0x00, 0xBF, 0xB0, 0xFF, 0x90, 0x0A, 0xFF, 0x30, 0x00, 0xBF, 0xB0, 0xFF, 0x90, 0x02, 0xEF, 0xC0, 0x00, 0xBF, 0xB0, 0xFF, 0x90, 0x00, 0x6F, 0xF7, 0x00, 
  0xBF, 0xB0, 0xFF, 0x90, 0x00, 0x0B, 0xFF, 0x30, 0xBF, 0xB0, 0xFF, 0x90, 0x00, 0x02, 0xEF, 0xC0, 0xBF, 0xB0, 0xFF, 0x90, 0x00, 0x00, 0x6F, 0xF7, 0xBF, 0xB0, 0xFF, 0x90, 0x00, 0x00, 0x0B, 0xFF, 0xDF, 0xB0, 0xFF, 0x90, 0x00, 0x00, 0x02, 0xEF, 
  0xFF, 0xB0, 0xFF, 0x90, 0x00, 0x00, 0x00, 0x6F, 0xFF, 0xB0, 0xFF, 0x90, 0x00, 0x00, 0x00, 0x0B, 0xFF, 0xB0, 0xFF, 0x90, 0x00, 0x00, 0x00, 0x02, 0xEF, 0xB0, 0x13, 0x00, 0x10, 0x00, 0x13, 0x00, 0x01, 0x00, 0x06, 0x00, 0x08, 0x00, 0x00, 0x00, 
  0x18, 0xCF, 0xFE, 0xB5, 0x00, 0x00, 0x00, 0x06, 0xEF, 0xFF, 0xFF, 0xFF, 0xC2, 0x00, 0x00, 0x6F, 0xFE, 0x73, 0x24, 0xAF, 0xFE, 0x10, 0x02, 0xFF, 0xC1, 0x00, 0x00, 0x05, 0xFF, 0xA0, 0x09, 0xFF, 0x20, 0x00, 0x00, 0x00, 0x8F, 0xF3, 0x0E, 0xF9, 
  0x00, 0x00, 0x00, 0x00, 0x1F, 0xF8, 0x3F, 0xF5, 0x00, 0x00, 0x00, 0x00, 0x0B, 0xFC, 0x5F, 0xF2, 0x00, 0x00, 0x00, 0x00, 0x09, 0xFE, 0x6F, 0xF2, 0x00, 0x00, 0x00, 0x00, 0x07, 0xFF, 0x7F, 0xF2, 0x00, 0x00, 0x00, 0x00, 0x07, 0xFF, 0x6F, 0xF2, 
  0x00, 0x00, 0x00, 0x00, 0x07, 0xFF, 0x6F, 0xF2, 0x00, 0x00, 0x00, 0x00, 0x09, 0xFE, 0x3F, 0xF5, 0x00, 0x00, 0x00, 0x00, 0x0B, 0xFC, 0x0E, 0xF9, 0x00, 0x00, 0x00, 0x00, 0x1F, 0xF8, 0x09, 0xFF, 0x20, 0x00, 0x00, 0x00, 0x7F, 0xF3, 0x02, 0xFF, 
  0xC1, 0x00, 0x00, 0x04, 0xFF, 0xA0, 0x00, 0x6F, 0xFE, 0x73, 0x24, 0x9F, 0xFE, 0x10, 0x00, 0x06, 0xEF, 0xFF, 0xFF, 0xFF, 0xC2, 0x00, 0x00, 0x00, 0x18, 0xCF, 0xFE, 0xB5, 0x00, 0x00, 0x11, 0x00, 0x0E, 0x00, 0x13, 0x00, 0x02, 0x00, 0x06, 0x00, 
  0x07, 0x00, 0xBF, 0xFF, 0xFF, 0xFF, 0xEB, 0x60, 0x00, 0xBF, 0xFF, 0xFF, 0xFF, 0xFF, 0xFD, 0x20, 0xBF, 0xC2, 0x22, 0x22, 0x38, 0xFF, 0xD1, 0xBF, 0xB0, 0x00, 0x00, 0x00, 0x5F, 0xF8, 0xBF, 0xB0, 0x00, 0x00, 0x00, 0x0C, 0xFC, 0xBF, 0xB0, 0x00, 
  0x00, 0x00, 0x08, 0xFF, 0xBF, 0xB0, 0x00, 0x00, 0x00, 0x08, 0xFF, 0xBF, 0xB0, 0x00, 0x00, 0x00, 0x0B, 0xFD, 0xBF, 0xB0, 0x00, 0x00, 0x00, 0x3F, 0xF9, 0xBF, 0xB0, 0x00, 0x00, 0x27, 0xEF, 0xE2, 0xBF, 0xFF, 0xFF, 0xFF, 0xFF, 0xFE, 0x50, 0xBF, 
  0xFF, 0xFF, 0xFF, 0xFC, 0x81, 0x00, 0xBF, 0xC2, 0x22, 0x20, 0x00, 0x00, 0x00, 0xBF, 0xB0, 0x00, 0x00, 0x00, 0x00, 0x00, 0xBF, 0xB0, 0x00, 0x00, 0x00, 0x00, 0x00, 0xBF, 0xB0, 0x00, 0x00, 0x00, 0x00, 0x00, 0xBF, 0xB0, 0x00, 0x00, 0x00, 0x00, 
  0x00, 0xBF, 0xB0, 0x00, 0x00, 0x00, 0x00, 0x00, 0xBF, 0xB0, 0x00, 0x00, 0x00, 0x00, 0x00, 0x13, 0x00, 0x11, 0x00, 0x16, 0x00, 0x01, 0x00, 0x06, 0x00, 0x09, 0x00, 0x00, 0x00, 0x17, 0xCF, 0xFE, 0xB6, 0x00, 0x00, 0x00, 0x00, 0x04, 0xEF, 0xFF, 
  0xFF, 0xFF, 0xD3, 0x00, 0x00, 0x00, 0x4F, 0xFE, 0x74, 0x24, 0x9F, 0xFE, 0x20, 0x00, 0x01, 0xEF, 0xD2, 0x00, 0x00, 0x03, 0xEF, 0xC0, 0x00, 0x07, 0xFF, 0x30, 0x00, 0x00, 0x00, 0x6F, 0xF4, 0x00, 0x0D, 0xFB, 0x00, 0x00, 0x00, 0x00, 0x0E, 0xFA, 
  0x00, 0x2F, 0xF6, 0x00, 0x00, 0x00, 0x00, 0x0A, 0xFD, 0x00, 0x4F, 0xF4, 0x00, 0x00, 0x00, 0x00, 0x08, 0xFF, 0x00, 0x6F, 0xF2, 0x00, 0x00, 0x00, 0x00, 0x07, 0xFF, 0x20, 0x6F, 0xF2, 0x00, 0x00, 0x00, 0x00, 0x07, 0xFF, 0x20, 0x6F, 0xF2, 0x00, 
  0x00, 0x00, 0x00, 0x07, 0xFF, 0x20, 0x4F, 0xF4, 0x00, 0x00, 0x00, 0x00, 0x08, 0xFF, 0x00, 0x2F, 0xF6, 0x00, 0x00, 0x00, 0x00, 0x0A, 0xFE, 0x00, 0x0D, 0xFB, 0x00, 0x00, 0x00, 0x00, 0x0E, 0xFA, 0x00, 0x07, 0xFF, 0x30, 0x00, 0x00, 0x00, 0x6F, 
  0xF5, 0x00, 0x01, 0xEF, 0xD2, 0x00, 0x00, 0x03, 0xEF, 0xC0, 0x00, 0x00, 0x4F, 0xFE, 0x73, 0x24, 0x9F, 0xFE, 0x30, 0x00, 0x00, 0x04, 0xEF, 0xFF, 0xFF, 0xFF, 0xF3, 0x00, 0x00, 0x00, 0x00, 0x17, 0xCE, 0xFE, 0xDF, 0xFA, 0x10, 0x00, 0x00, 0x00, 
  0x00, 0x00, 0x00, 0x19, 0xFF, 0xD3, 0x00, 0x00, 0x00, 0x00, 0x00, 0x00, 0x00, 0x6F, 0xFD, 0x00, 0x00, 0x00, 0x00, 0x00, 0x00, 0x00, 0x04, 0xB2, 0x00, 0x11, 0x00, 0x0F, 0x00, 0x13, 0x00, 0x02, 0x00, 0x06, 0x00, 0x08, 0x00, 0x9F, 0xFF, 0xFF, 
  0xFF, 0xDA, 0x50, 0x00, 0x00, 0x9F, 0xFF, 0xFF, 0xFF, 0xFF, 0xFB, 0x10, 0x00, 0x9F, 0xF2, 0x22, 0x22, 0x4B, 0xFF, 0xB0, 0x00, 0x9F, 0xF0, 0x00, 0x00, 0x00, 0xAF, 0xF3, 0x00, 0x9F, 0xF0, 0x00, 0x00, 0x00, 0x3F, 0xF7, 0x00, 0x9F, 0xF0, 0x00, 
  0x00, 0x00, 0x0F, 0xF7, 0x00, 0x9F, 0xF0, 0x00, 0x00, 0x00, 0x3F, 0xF7, 0x00, 0x9F, 0xF0, 0x00, 0x00, 0x00, 0xAF, 0xF3, 0x00, 0x9F, 0xF0, 0x00, 0x00, 0x3B, 0xFF, 0x90, 0x00, 0x9F, 0xFF, 0xFF, 0xFF, 0xFF, 0xFA, 0x00, 0x00, 0x9F, 0xFF, 0xFF, 
  0xFF, 0xFF, 0x40, 0x00, 0x00, 0x9F, 0xF2, 0x22, 0x26, 0xFF, 0x60, 0x00, 0x00, 0x9F, 0xF0, 0x00, 0x00, 0xBF, 0xD0, 0x00, 0x00, 0x9F, 0xF0, 0x00, 0x00, 0x4F, 0xF7, 0x00, 0x00, 0x9F, 0xF0, 0x00, 0x00, 0x0B, 0xFE, 0x10, 0x00, 0x9F, 0xF0, 0x00, 
  0x00, 0x03, 0xFF, 0x80, 0x00, 0x9F, 0xF0, 0x00, 0x00, 0x00, 0xAF, 0xF2, 0x00, 0x9F, 0xF0, 0x00, 0x00, 0x00, 0x2F, 0xF9, 0x00, 0x9F, 0xF0, 0x00, 0x00, 0x00, 0x09, 0xFF, 0x30, 0x10, 0x00, 0x0E, 0x00, 0x13, 0x00, 0x01, 0x00, 0x06, 0x00, 0x07, 
  0x00, 0x00, 0x03, 0x9D, 0xFF, 0xEA, 0x50, 0x00, 0x00, 0x9F, 0xFF, 0xFF, 0xFF, 0xFB, 0x10, 0x09, 0xFF, 0xB4, 0x22, 0x38, 0xFF, 0xC0, 0x2F, 0xFA, 0x00, 0x00, 0x00, 0x5F, 0xF7, 0x5F, 0xF4, 0x00, 0x00, 0x00, 0x0C, 0xFC, 0x5F, 0xF4, 0x00, 0x00, 
  0x00, 0x08, 0xDC, 0x2F, 0xFC, 0x10, 0x00, 0x00, 0x00, 0x00, 0x09, 0xFF, 0xD6, 0x10, 0x00, 0x00, 0x00, 0x00, 0x9F, 0xFF, 0xFB, 0x72, 0x00, 0x00, 0x00, 0x03, 0xBF, 0xFF, 0xFF, 0xB3, 0x00, 0x00, 0x00, 0x02, 0x6B, 0xFF, 0xFF, 0x70, 0x00, 0x00, 
  0x00, 0x00, 0x17, 0xEF, 0xF4, 0x00, 0x00, 0x00, 0x00, 0x00, 0x2E, 0xFB, 0xCD, 0x80, 0x00, 0x00, 0x00, 0x0A, 0xFF, 0xCF, 0xC0, 0x00, 0x00, 0x00, 0x0A, 0xFF, 0x6F, 0xF7, 0x00, 0x00, 0x00, 0x1E, 0xFB, 0x0B, 0xFF, 0xA4, 0x22, 0x26, 0xDF, 0xF4, 
  0x01, 0x9F, 0xFF, 0xFF, 0xFF, 0xFE, 0x50, 0x00, 0x03, 0x8C, 0xFF, 0xEC, 0x81, 0x00, 0x10, 0x00, 0x10, 0x00, 0x13, 0x00, 0x00, 0x00, 0x06, 0x00, 0x08, 0x00, 0x6F, 0xFF, 0xFF, 0xFF, 0xFF, 0xFF, 0xFF, 0xF7, 0x6F, 0xFF, 0xFF, 0xFF, 0xFF, 0xFF, 
  0xFF, 0xF7, 0x12, 0x22, 0x22, 0x5F, 0xF7, 0x22, 0x22, 0x21, 0x00, 0x00, 0x00, 0x4F, 0xF6, 0x00, 0x00, 0x00, 0x00, 0x00, 0x00, 0x4F, 0xF6, 0x00, 0x00, 0x00, 0x00, 0x00, 0x00, 0x4F, 0xF6, 0x00, 0x00, 0x00, 0x00, 0x00, 0x00, 0x4F, 0xF6, 0x00, 
  0x00, 0x00, 0x00, 0x00, 0x00, 0x4F, 0xF6, 0x00, 0x00, 0x00, 0x00, 0x00, 0x00, 0x4F, 0xF6, 0x00, 0x00, 0x00, 0x00, 0x00, 0x00, 0x4F, 0xF6, 0x00, 0x00, 0x00, 0x00, 0x00, 0x00, 0x4F, 0xF6, 0x00, 0x00, 0x00, 0x00, 0x00, 0x00, 0x4F, 0xF6, 0x00, 
  0x00, 0x00, 0x00, 0x00, 0x00, 0x4F, 0xF6, 0x00, 0x00, 0x00, 0x00, 0x00, 0x00, 0x4F, 0xF6, 0x00, 0x00, 0x00, 0x00, 0x00, 0x00, 0x4F, 0xF6, 0x00, 0x00, 0x00, 0x00, 0x00, 0x00, 0x4F, 0xF6, 0x00, 0x00, 0x00, 0x00, 0x00, 0x00, 0x4F, 0xF6, 0x00, 
  0x00, 0x00, 0x00, 0x00, 0x00, 0x4F, 0xF6, 0x00, 0x00, 0x00, 0x00, 0x00, 0x00, 0x4F, 0xF6, 0x00, 0x00, 0x00, 0x12, 0x00, 0x0E, 0x00, 0x13, 0x00, 0x02, 0x00, 0x06, 0x00, 0x07, 0x00, 0xDF, 0x90, 0x00, 0x00, 0x00, 0x07, 0xFF, 0xDF, 0x90, 0x00, 
  0x00, 0x00, 0x07, 0xFF, 0xDF, 0x90, 0x00, 0x00, 0x00, 0x07, 0xFF, 0xDF, 0x90, 0x00, 0x00, 0x00, 0x07, 0xFF, 0xDF, 0x90, 0x00, 0x00, 0x00, 0x07, 0xFF, 0xDF, 0x90, 0x00, 0x00, 0x00, 0x07, 0xFF, 0xDF, 0x90, 0x00, 0x00, 0x00, 0x07, 0xFF, 0xDF, 
  0x90, 0x00, 0x00, 0x00, 0x07, 0xFF, 0xDF, 0x90, 0x00, 0x00, 0x00, 0x07, 0xFF, 0xDF, 0x90, 0x00, 0x00, 0x00, 0x07, 0xFF, 0xDF, 0x90, 0x00, 0x00, 0x00, 0x07, 0xFF, 0xDF, 0x90, 0x00, 0x00, 0x00, 0x07, 0xFF, 0xDF, 0x90, 0x00, 0x00, 0x00, 0x07, 
  0xFF, 0xDF, 0xA0, 0x00, 0x00, 0x00, 0x09, 0xFE, 0xAF, 0xD0, 0x00, 0x00, 0x00, 0x0D, 0xFB, 0x5F, 0xF7, 0x00, 0x00, 0x00, 0x6F, 0xF6, 0x0B, 0xFF, 0xA4, 0x22, 0x39, 0xFF, 0xB0, 0x01, 0xBF, 0xFF, 0xFF, 0xFF, 0xFB, 0x10, 0x00, 0x05, 0xAD, 0xFF, 
  0xDA, 0x40, 0x00, 0x11, 0x00, 0x11, 0x00, 0x13, 0x00, 0x00, 0x00, 0x06, 0x00, 0x09, 0x00, 0x8F, 0xF3, 0x00, 0x00, 0x00, 0x00, 0x03, 0xFF, 0x80, 0x2F, 0xF8, 0x00, 0x00, 0x00, 0x00, 0x08, 0xFF, 0x30, 0x0B, 0xFE, 0x00, 0x00, 0x00, 0x00, 0x0D, 
  0xFC, 0x00, 0x06, 0xFF, 0x40, 0x00, 0x00, 0x00, 0x3F, 0xF7, 0x00, 0x01, 0xFF, 0x90, 0x00, 0x00, 0x00, 0x9F, 0xF1, 0x00, 0x00, 0xAF, 0xE0, 0x00, 0x00, 0x00, 0xEF, 0xA0, 0x00, 0x00, 0x4F, 0xF5, 0x00, 0x00, 0x04, 0xFF, 0x50, 0x00, 0x00, 0x0D, 
  0xFA, 0x00, 0x00, 0x0A, 0xFE, 0x00, 0x00, 0x00, 0x08, 0xFF, 0x10, 0x00, 0x0E, 0xF8, 0x00, 0x00, 0x00, 0x02, 0xFF, 0x50, 0x00, 0x5F, 0xF3, 0x00, 0x00, 0x00, 0x00, 0xCF, 0xA0, 0x00, 0xAF, 0xC0, 0x00, 0x00, 0x00, 0x00, 0x6F, 0xF1, 0x01, 0xFF, 
  0x70, 0x00, 0x00, 0x00, 0x00, 0x1F, 0xF6, 0x06, 0xFF, 0x10, 0x00, 0x00, 0x00, 0x00, 0x0A, 0xFB, 0x0B, 0xFB, 0x00, 0x00, 0x00, 0x00, 0x00, 0x04, 0xFF, 0x3F, 0xF5, 0x00, 0x00, 0x00, 0x00, 0x00, 0x00, 0xEF, 0xDF, 0xE0, 0x00, 0x00, 0x00, 0x00, 
  0x00, 0x00, 0x8F, 0xFF, 0x90, 0x00, 0x00, 0x00, 0x00, 0x00, 0x00, 0x3F, 0xFF, 0x30, 0x00, 0x00, 0x00, 0x00, 0x00, 0x00, 0x0C, 0xFC, 0x00, 0x00, 0x00, 0x00, 0x18, 0x00, 0x18, 0x00, 0x13, 0x00, 0x00, 0x00, 0x06, 0x00, 0x0C, 0x00, 0x1F, 0xF7, 
  0x00, 0x00, 0x00, 0x1F, 0xF5, 0x00, 0x00, 0x00, 0x4F, 0xF4, 0x0D, 0xFA, 0x00, 0x00, 0x00, 0x5F, 0xF9, 0x00, 0x00, 0x00, 0x8F, 0xF0, 0x09, 0xFE, 0x00, 0x00, 0x00, 0xAF, 0xFE, 0x00, 0x00, 0x00, 0xBF, 0xB0, 0x05, 0xFF, 0x20, 0x00, 0x00, 0xEF, 
  0xFF, 0x30, 0x00, 0x00, 0xEF, 0x80, 0x01, 0xFF, 0x60, 0x00, 0x03, 0xFF, 0xBF, 0x70, 0x00, 0x03, 0xFF, 0x40, 0x00, 0xDF, 0x90, 0x00, 0x07, 0xFB, 0x7F, 0xB0, 0x00, 0x07, 0xFF, 0x10, 0x00, 0x9F, 0xD0, 0x00, 0x0C, 0xF7, 0x2F, 0xF1, 0x00, 0x0A, 
  0xFC, 0x00, 0x00, 0x6F, 0xF1, 0x00, 0x1F, 0xF2, 0x0D, 0xF4, 0x00, 0x0D, 0xF8, 0x00, 0x00, 0x2F, 0xF5, 0x00, 0x5F, 0xD0, 0x09, 0xF9, 0x00, 0x2F, 0xF4, 0x00, 0x00, 0x0D, 0xF8, 0x00, 0xAF, 0x90, 0x04, 0xFD, 0x00, 0x5F, 0xF1, 0x00, 0x00, 0x09, 
  0xFC, 0x00, 0xEF, 0x40, 0x01, 0xFF, 0x20, 0x9F, 0xC0, 0x00, 0x00, 0x06, 0xFF, 0x13, 0xFE, 0x00, 0x00, 0xBF, 0x60, 0xCF, 0x80, 0x00, 0x00, 0x02, 0xFF, 0x47, 0xFA, 0x00, 0x00, 0x7F, 0xB1, 0xFF, 0x50, 0x00, 0x00, 0x00, 0xEF, 0x7C, 0xF6, 0x00, 
  0x00, 0x2F, 0xE3, 0xFF, 0x10, 0x00, 0x00, 0x00, 0xAF, 0x9F, 0xF1, 0x00, 0x00, 0x0D, 0xF9, 0xFC, 0x00, 0x00, 0x00, 0x00, 0x6F, 0xEF, 0xC0, 0x00, 0x00, 0x09, 0xFE, 0xF8, 0x00, 0x00, 0x00, 0x00, 0x3F, 0xFF, 0x70, 0x00, 0x00, 0x04, 0xFF, 0xF5, 
  0x00, 0x00, 0x00, 0x00, 0x0E, 0xFF, 0x30, 0x00, 0x00, 0x01, 0xFF, 0xF1, 0x00, 0x00, 0x00, 0x00, 0x0A, 0xFD, 0x00, 0x00, 0x00, 0x00, 0xBF, 0xD0, 0x00, 0x00, 0x11, 0x00, 0x11, 0x00, 0x13, 0x00, 0x00, 0x00, 0x06, 0x00, 0x09, 0x00, 0x0C, 0xFF, 
  0x30, 0x00, 0x00, 0x00, 0x3F, 0xFB, 0x00, 0x02, 0xFF, 0xC0, 0x00, 0x00, 0x00, 0xDF, 0xF2, 0x00, 0x00, 0x7F, 0xF7, 0x00, 0x00, 0x07, 0xFF, 0x70, 0x00, 0x00, 0x0C, 0xFE, 0x20, 0x00, 0x2F, 0xFC, 0x00, 0x00, 0x00, 0x03, 0xFF, 0xB0, 0x00, 0xBF, 
  0xF3, 0x00, 0x00, 0x00, 0x00, 0x8F, 0xF5, 0x06, 0xFF, 0x80, 0x00, 0x00, 0x00, 0x00, 0x1D, 0xFE, 0x2E, 0xFD, 0x00, 0x00, 0x00, 0x00, 0x00, 0x04, 0xFF, 0xEF, 0xF4, 0x00, 0x00, 0x00, 0x00, 0x00, 0x00, 0x9F, 0xFF, 0x90, 0x00, 0x00, 0x00, 0x00, 
  0x00, 0x00, 0x3F, 0xFF, 0x30, 0x00, 0x00, 0x00, 0x00, 0x00, 0x00, 0xBF, 0xFF, 0xB0, 0x00, 0x00, 0x00, 0x00, 0x00, 0x06, 0xFF, 0xDF, 0xF5, 0x00, 0x00, 0x00, 0x00, 0x00, 0x2E, 0xFD, 0x1D, 0xFE, 0x10, 0x00, 0x00, 0x00, 0x00, 0xAF, 0xF4, 0x04, 
  0xFF, 0xA0, 0x00, 0x00, 0x00, 0x05, 0xFF, 0x90, 0x00, 0xAF, 0xF4, 0x00, 0x00, 0x00, 0x1E, 0xFE, 0x10, 0x00, 0x1E, 0xFD, 0x10, 0x00, 0x00, 0x9F, 0xF5, 0x00, 0x00, 0x06, 0xFF, 0x90, 0x00, 0x04, 0xFF, 0xB0, 0x00, 0x00, 0x00, 0xBF, 0xF4, 0x00, 
  0x1D, 0xFE, 0x20, 0x00, 0x00, 0x00, 0x2F, 0xFD, 0x10, 0x10, 0x00, 0x10, 0x00, 0x13, 0x00, 0x00, 0x00, 0x06, 0x00, 0x08, 0x00, 0x8F, 0xF6, 0x00, 0x00, 0x00, 0x00, 0x3F, 0xFB, 0x1E, 0xFD, 0x00, 0x00, 0x00, 0x00, 0xAF, 0xF2, 0x06, 0xFF, 0x60, 
  0x00, 0x00, 0x03, 0xFF, 0x90, 0x00, 0xDF, 0xE0, 0x00, 0x00, 0x0B, 0xFE, 0x10, 0x00, 0x4F, 0xF7, 0x00, 0x00, 0x4F, 0xF7, 0x00, 0x00, 0x0B, 0xFE, 0x10, 0x00, 0xCF, 0xD0, 0x00, 0x00, 0x03, 0xFF, 0x70, 0x05, 0xFF, 0x50, 0x00, 0x00, 0x00, 0x9F, 
  0xE1, 0x0D, 0xFC, 0x00, 0x00, 0x00, 0x00, 0x2F, 0xF8, 0x6F, 0xF4, 0x00, 0x00, 0x00, 0x00, 0x08, 0xFF, 0xDF, 0xA0, 0x00, 0x00, 0x00, 0x00, 0x01, 0xEF, 0xFF, 0x20, 0x00, 0x00, 0x00, 0x00, 0x00, 0x7F, 0xF9, 0x00, 0x00, 0x00, 0x00, 0x00, 0x00, 
  0x4F, 0xF6, 0x00, 0x00, 0x00, 0x00, 0x00, 0x00, 0x4F, 0xF6, 0x00, 0x00, 0x00, 0x00, 0x00, 0x00, 0x4F, 0xF6, 0x00, 0x00, 0x00, 0x00, 0x00, 0x00, 0x4F, 0xF6, 0x00, 0x00, 0x00, 0x00, 0x00, 0x00, 0x4F, 0xF6, 0x00, 0x00, 0x00, 0x00, 0x00, 0x00, 
  0x4F, 0xF6, 0x00, 0x00, 0x00, 0x00, 0x00, 0x00, 0x4F, 0xF6, 0x00, 0x00, 0x00, 0x10, 0x00, 0x0F, 0x00, 0x13, 0x00, 0x01, 0x00, 0x06, 0x00, 0x08, 0x00, 0xBF, 0xFF, 0xFF, 0xFF, 0xFF, 0xFF, 0xFB, 0x00, 0xBF, 0xFF, 0xFF, 0xFF, 0xFF, 0xFF, 0xFB, 
  0x00, 0x12, 0x22, 0x22, 0x22, 0x22, 0xBF, 0xF4, 0x00, 0x00, 0x00, 0x00, 0x00, 0x05, 0xFF, 0x80, 0x00, 0x00, 0x00, 0x00, 0x00, 0x2E, 0xFC, 0x00, 0x00, 0x00, 0x00, 0x00, 0x00, 0xBF, 0xF3, 0x00, 0x00, 0x00, 0x00, 0x00, 0x07, 0xFF, 0x70, 0x00, 
  0x00, 0x00, 0x00, 0x00, 0x3F, 0xFB, 0x00, 0x00, 0x00, 0x00, 0x00, 0x00, 0xCF, 0xE2, 0x00, 0x00, 0x00, 0x00, 0x00, 0x08, 0xFF, 0x50, 0x00, 0x00, 0x00, 0x00, 0x00, 0x4F, 0xFA, 0x00, 0x00, 0x00, 0x00, 0x00, 0x01, 0xDF, 0xD1, 0x00, 0x00, 0x00, 
  0x00, 0x00, 0x0A, 0xFF, 0x40, 0x00, 0x00, 0x00, 0x00, 0x00, 0x5F, 0xF8, 0x00, 0x00, 0x00, 0x00, 0x00, 0x02, 0xEF, 0xC0, 0x00, 0x00, 0x00, 0x00, 0x00, 0x0B, 0xFF, 0x30, 0x00, 0x00, 0x00, 0x00, 0x00, 0x7F, 0xF8, 0x22, 0x22, 0x22, 0x22, 0x22, 
  0x00, 0xDF, 0xFF, 0xFF, 0xFF, 0xFF, 0xFF, 0xFF, 0x20, 0xDF, 0xFF, 0xFF, 0xFF, 0xFF, 0xFF, 0xFF, 0x20, 0x07, 0x00, 0x06, 0x00, 0x1A, 0x00, 0x01, 0x00, 0x03, 0x00, 0x03, 0x00, 0x2F, 0xFF, 0xFD, 0x2F, 0xFF, 0xFD, 0x2F, 0xF6, 0x00, 0x2F, 0xF6, 
  0x00, 0x2F, 0xF6, 0x00, 0x2F, 0xF6, 0x00, 0x2F, 0xF6, 0x00, 0x2F, 0xF6, 0x00, 0x2F, 0xF6, 0x00, 0x2F, 0xF6, 0x00, 0x2F, 0xF6, 0x00, 0x2F, 0xF6, 0x00, 0x2F, 0xF6, 0x00, 0x2F, 0xF6, 0x00, 0x2F, 0xF6, 0x00, 0x2F, 0xF6, 0x00, 0x2F, 0xF6, 0x00, 
  0x2F, 0xF6, 0x00, 0x2F, 0xF6, 0x00, 0x2F, 0xF6, 0x00, 0x2F, 0xF6, 0x00, 0x2F, 0xF6, 0x00, 0x2F, 0xF6, 0x00, 0x2F, 0xF6, 0x00, 0x2F, 0xFF, 0xFD, 0x2F, 0xFF, 0xFD, 0x0B, 0x00, 0x0B, 0x00, 0x15, 0x00, 0x00, 0x00, 0x06, 0x00, 0x06, 0x00, 0x4F, 
  0xF1, 0x00, 0x00, 0x00, 0x00, 0x0D, 0xF6, 0x00, 0x00, 0x00, 0x00, 0x08, 0xFC, 0x00, 0x00, 0x00, 0x00, 0x02, 0xFF, 0x30, 0x00, 0x00, 0x00, 0x00, 0xBF, 0x80, 0x00, 0x00, 0x00, 0x00, 0x6F, 0xE0, 0x00, 0x00, 0x00, 0x00, 0x0E, 0xF5, 0x00, 0x00, 
  0x00, 0x00, 0x09, 0xFB, 0x00, 0x00, 0x00, 0x00, 0x03, 0xFF, 0x20, 0x00, 0x00, 0x00, 0x00, 0xDF, 0x70, 0x00, 0x00, 0x00, 0x00, 0x7F, 0xD0, 0x00, 0x00, 0x00, 0x00, 0x1F, 0xF3, 0x00, 0x00, 0x00, 0x00, 0x0B, 0xF9, 0x00, 0x00, 0x00, 0x00, 0x05, 
  0xFE, 0x10, 0x00, 0x00, 0x00, 0x00, 0xEF, 0x60, 0x00, 0x00, 0x00, 0x00, 0x8F, 0xB0, 0x00, 0x00, 0x00, 0x00, 0x3F, 0xF2, 0x00, 0x00, 0x00, 0x00, 0x0C, 0xF8, 0x00, 0x00, 0x00, 0x00, 0x06, 0xFD, 0x00, 0x00, 0x00, 0x00, 0x01, 0xFF, 0x40, 0x00, 
  0x00, 0x00, 0x00, 0xAF, 0xA0, 0x07, 0x00, 0x06, 0x00, 0x1A, 0x00, 0x00, 0x00, 0x03, 0x00, 0x03, 0x00, 0xDF, 0xFF, 0xF2, 0xDF, 0xFF, 0xF2, 0x00, 0x6F, 0xF2, 0x00, 0x6F, 0xF2, 0x00, 0x6F, 0xF2, 0x00, 0x6F, 0xF2, 0x00, 0x6F, 0xF2, 0x00, 0x6F, 
  0xF2, 0x00, 0x6F, 0xF2, 0x00, 0x6F, 0xF2, 0x00, 0x6F, 0xF2, 0x00, 0x6F, 0xF2, 0x00, 0x6F, 0xF2, 0x00, 0x6F, 0xF2, 0x00, 0x6F, 0xF2, 0x00, 0x6F, 0xF2, 0x00, 0x6F, 0xF2, 0x00, 0x6F, 0xF2, 0x00, 0x6F, 0xF2, 0x00, 0x6F, 0xF2, 0x00, 0x6F, 0xF2, 
  0x00, 0x6F, 0xF2, 0x00, 0x6F, 0xF2, 0x00, 0x6F, 0xF2, 0xDF, 0xFF, 0xF2, 0xDF, 0xFF, 0xF2, 0x0B, 0x00, 0x0B, 0x00, 0x09, 0x00, 0x00, 0x00, 0x06, 0x00, 0x06, 0x00, 0x00, 0x00, 0x9F, 0x80, 0x00, 0x00, 0x00, 0x01, 0xEF, 0xE0, 0x00, 0x00, 0x00, 
  0x07, 0xFF, 0xF6, 0x00, 0x00, 0x00, 0x0D, 0xFB, 0xFD, 0x00, 0x00, 0x00, 0x5F, 0xE1, 0xEF, 0x40, 0x00, 0x00, 0xBF, 0x70, 0x8F, 0xB0, 0x00, 0x03, 0xFF, 0x10, 0x2F, 0xF2, 0x00, 0x0A, 0xF9, 0x00, 0x0A, 0xF9, 0x00, 0x1F, 0xF3, 0x00, 0x03, 0xFF, 
  0x10, 0x0C, 0x00, 0x0D, 0x00, 0x02, 0x00, 0x00, 0x00, 0x19, 0x00, 0x07, 0x00, 0xFF, 0xFF, 0xFF, 0xFF, 0xFF, 0xFF, 0x20, 0xFF, 0xFF, 0xFF, 0xFF, 0xFF, 0xFF, 0x20, 0x08, 0x00, 0x07, 0x00, 0x04, 0x00, 0x00, 0x00, 0x05, 0x00, 0x04, 0x00, 0x1C, 
  0xFE, 0x20, 0x00, 0x01, 0xDF, 0xB0, 0x00, 0x00, 0x3E, 0xF8, 0x00, 0x00, 0x04, 0xEA, 0x10, 0x0F, 0x00, 0x0D, 0x00, 0x0F, 0x00, 0x01, 0x00, 0x0A, 0x00, 0x07, 0x00, 0x00, 0x05, 0xBE, 0xFE, 0xB5, 0x00, 0x00, 0x00, 0xAF, 0xFF, 0xFF, 0xFF, 0x90, 
  0x00, 0x08, 0xFF, 0x71, 0x02, 0x9F, 0xF5, 0x00, 0x0F, 0xF8, 0x00, 0x00, 0x0C, 0xFB, 0x00, 0x16, 0x62, 0x00, 0x00, 0x09, 0xFD, 0x00, 0x00, 0x00, 0x00, 0x00, 0x09, 0xFD, 0x00, 0x00, 0x06, 0xBE, 0xFF, 0xFF, 0xFD, 0x00, 0x02, 0xDF, 0xFE, 0xBB, 
  0xBE, 0xFD, 0x00, 0x0D, 0xFD, 0x30, 0x00, 0x09, 0xFD, 0x00, 0x4F, 0xF3, 0x00, 0x00, 0x09, 0xFD, 0x00, 0x6F, 0xF0, 0x00, 0x00, 0x0A, 0xFD, 0x00, 0x5F, 0xF4, 0x00, 0x00, 0x3E, 0xFD, 0x00, 0x1E, 0xFE, 0x62, 0x38, 0xEF, 0xFD, 0x00, 0x05, 0xFF, 
  0xFF, 0xFF, 0xEB, 0xFF, 0x00, 0x00, 0x3A, 0xEF, 0xD9, 0x25, 0xFF, 0x40, 0x0F, 0x00, 0x0D, 0x00, 0x14, 0x00, 0x01, 0x00, 0x05, 0x00, 0x07, 0x00, 0x4F, 0xF4, 0x00, 0x00, 0x00, 0x00, 0x00, 0x4F, 0xF4, 0x00, 0x00, 0x00, 0x00, 0x00, 0x4F, 0xF4, 
  0x00, 0x00, 0x00, 0x00, 0x00, 0x4F, 0xF4, 0x00, 0x00, 0x00, 0x00, 0x00, 0x4F, 0xF4, 0x00, 0x00, 0x00, 0x00, 0x00, 0x4F, 0xF4, 0x4B, 0xEF, 0xD8, 0x10, 0x00, 0x4F, 0xFA, 0xFF, 0xFF, 0xFF, 0xD1, 0x00, 0x4F, 0xFF, 0xB3, 0x23, 0x8F, 0xFA, 0x00, 
  0x4F, 0xFB, 0x00, 0x00, 0x08, 0xFF, 0x30, 0x4F, 0xF4, 0x00, 0x00, 0x01, 0xFF, 0x70, 0x4F, 0xF4, 0x00, 0x00, 0x00, 0xBF, 0xB0, 0x4F, 0xF4, 0x00, 0x00, 0x00, 0x9F, 0xC0, 0x4F, 0xF4, 0x00, 0x00, 0x00, 0x9F, 0xD0, 0x4F, 0xF4, 0x00, 0x00, 0x00, 
  0x9F, 0xC0, 0x4F, 0xF4, 0x00, 0x00, 0x00, 0xCF, 0xB0, 0x4F, 0xF4, 0x00, 0x00, 0x01, 0xFF, 0x70, 0x4F, 0xFB, 0x00, 0x00, 0x08, 0xFF, 0x30, 0x4F, 0xFF, 0xB3, 0x23, 0x8F, 0xFA, 0x00, 0x4F, 0xFA, 0xFF, 0xFF, 0xFF, 0xD1, 0x00, 0x4F, 0xF0, 0x4B, 
  0xEF, 0xD8, 0x10, 0x00, 0x0E, 0x00, 0x0D, 0x00, 0x0F, 0x00, 0x01, 0x00, 0x0A, 0x00, 0x07, 0x00, 0x00, 0x04, 0xBE, 0xFE, 0xA4, 0x00, 0x00, 0x00, 0xAF, 0xFF, 0xFF, 0xFF, 0x80, 0x00, 0x08, 0xFF, 0x82, 0x02, 0xAF, 0xF5, 0x00, 0x2F, 0xF8, 0x00, 
  0x00, 0x0A, 0xFD, 0x00, 0x7F, 0xF1, 0x00, 0x00, 0x04, 0xFF, 0x10, 0xBF, 0xB0, 0x00, 0x00, 0x00, 0x22, 0x00, 0xCF, 0x90, 0x00, 0x00, 0x00, 0x00, 0x00, 0xDF, 0x90, 0x00, 0x00, 0x00, 0x00, 0x00, 0xCF, 0x90, 0x00, 0x00, 0x00, 0x00, 0x00, 0xBF, 
  0xB0, 0x00, 0x00, 0x00, 0x00, 0x00, 0x7F, 0xE1, 0x00, 0x00, 0x02, 0xBB, 0x10, 0x2F, 0xF8, 0x00, 0x00, 0x09, 0xFD, 0x00, 0x08, 0xFF, 0x81, 0x02, 0x9F, 0xF5, 0x00, 0x00, 0xAF, 0xFF, 0xFF, 0xFF, 0x70, 0x00, 0x00, 0x05, 0xBE, 0xFE, 0xA3, 0x00, 
  0x00, 0x0F, 0x00, 0x0D, 0x00, 0x14, 0x00, 0x01, 0x00, 0x05, 0x00, 0x07, 0x00, 0x00, 0x00, 0x00, 0x00, 0x04, 0xFF, 0x40, 0x00, 0x00, 0x00, 0x00, 0x04, 0xFF, 0x40, 0x00, 0x00, 0x00, 0x00, 0x04, 0xFF, 0x40, 0x00, 0x00, 0x00, 0x00, 0x04, 0xFF, 
  0x40, 0x00, 0x00, 0x00, 0x00, 0x04, 0xFF, 0x40, 0x00, 0x07, 0xDF, 0xEB, 0x44, 0xFF, 0x40, 0x01, 0xBF, 0xFF, 0xFF, 0xFB, 0xFF, 0x40, 0x09, 0xFF, 0x93, 0x23, 0xAF, 0xFF, 0x40, 0x2F, 0xF9, 0x00, 0x00, 0x0A, 0xFF, 0x40, 0x7F, 0xF1, 0x00, 0x00, 
  0x04, 0xFF, 0x40, 0xBF, 0xC0, 0x00, 0x00, 0x04, 0xFF, 0x40, 0xDF, 0x90, 0x00, 0x00, 0x04, 0xFF, 0x40, 0xDF, 0x90, 0x00, 0x00, 0x04, 0xFF, 0x40, 0xCF, 0x90, 0x00, 0x00, 0x04, 0xFF, 0x40, 0xBF, 0xB0, 0x00, 0x00, 0x04, 0xFF, 0x40, 0x7F, 0xF1, 
  0x00, 0x00, 0x04, 0xFF, 0x40, 0x2F, 0xF8, 0x00, 0x00, 0x0A, 0xFF, 0x40, 0x09, 0xFF, 0x93, 0x23, 0xBF, 0xFF, 0x40, 0x01, 0xBF, 0xFF, 0xFF, 0xFA, 0xFF, 0x40, 0x00, 0x07, 0xDF, 0xEB, 0x42, 0xFF, 0x40, 0x0E, 0x00, 0x0D, 0x00, 0x0F, 0x00, 0x01, 
  0x00, 0x0A, 0x00, 0x07, 0x00, 0x00, 0x04, 0xBE, 0xFE, 0xA3, 0x00, 0x00, 0x00, 0x8F, 0xFF, 0xFF, 0xFF, 0x50, 0x00, 0x07, 0xFF, 0x81, 0x03, 0xCF, 0xF2, 0x00, 0x1F, 0xF7, 0x00, 0x00, 0x1E, 0xF9, 0x00, 0x8F, 0xE0, 0x00, 0x00, 0x07, 0xFE, 0x00, 
  0xBF, 0xA0, 0x00, 0x00, 0x05, 0xFF, 0x10, 0xDF, 0xFF, 0xFF, 0xFF, 0xFF, 0xFF, 0x20, 0xFF, 0xFF, 0xFF, 0xFF, 0xFF, 0xFF, 0x20, 0xEF, 0x80, 0x00, 0x00, 0x00, 0x00, 0x00, 0xCF, 0xA0, 0x00, 0x00, 0x00, 0x00, 0x00, 0x9F, 0xE1, 0x00, 0x00, 0x00, 
  0x00, 0x00, 0x3F, 0xF9, 0x00, 0x00, 0x01, 0xB3, 0x00, 0x09, 0xFF, 0xA3, 0x01, 0x5D, 0xFB, 0x00, 0x00, 0xAF, 0xFF, 0xFF, 0xFF, 0xC1, 0x00, 0x00, 0x04, 0xBE, 0xFE, 0xB6, 0x00, 0x00, 0x09, 0x00, 0x0A, 0x00, 0x15, 0x00, 0x00, 0x00, 0x04, 0x00, 
  0x05, 0x00, 0x00, 0x00, 0x3A, 0xEF, 0xE2, 0x00, 0x03, 0xEF, 0xFF, 0xF2, 0x00, 0x0C, 0xFE, 0x52, 0x20, 0x00, 0x1F, 0xF7, 0x00, 0x00, 0x00, 0x2F, 0xF4, 0x00, 0x00, 0x00, 0x2F, 0xF4, 0x00, 0x00, 0x6F, 0xFF, 0xFF, 0xFF, 0x60, 0x5D, 0xDF, 0xFE, 
  0xDD, 0x50, 0x00, 0x2F, 0xF4, 0x00, 0x00, 0x00, 0x2F, 0xF4, 0x00, 0x00, 0x00, 0x2F, 0xF4, 0x00, 0x00, 0x00, 0x2F, 0xF4, 0x00, 0x00, 0x00, 0x2F, 0xF4, 0x00, 0x00, 0x00, 0x2F, 0xF4, 0x00, 0x00, 0x00, 0x2F, 0xF4, 0x00, 0x00, 0x00, 0x2F, 0xF4, 
  0x00, 0x00, 0x00, 0x2F, 0xF4, 0x00, 0x00, 0x00, 0x2F, 0xF4, 0x00, 0x00, 0x00, 0x2F, 0xF4, 0x00, 0x00, 0x00, 0x2F, 0xF4, 0x00, 0x00, 0x00, 0x2F, 0xF4, 0x00, 0x00, 0x0F, 0x00, 0x0D, 0x00, 0x14, 0x00, 0x01, 0x00, 0x0A, 0x00, 0x07, 0x00, 0x00, 
  0x07, 0xCF, 0xFB, 0x50, 0xFF, 0x40, 0x01, 0xBF, 0xFF, 0xFF, 0xFA, 0xFF, 0x40, 0x09, 0xFF, 0xA3, 0x23, 0xAF, 0xFF, 0x40, 0x2F, 0xFA, 0x00, 0x00, 0x0A, 0xFF, 0x40, 0x7F, 0xF2, 0x00, 0x00, 0x04, 0xFF, 0x40, 0xAF, 0xC0, 0x00, 0x00, 0x04, 0xFF, 
  0x40, 0xBF, 0xA0, 0x00, 0x00, 0x04, 0xFF, 0x40, 0xBF, 0x90, 0x00, 0x00, 0x04, 0xFF, 0x40, 0xBF, 0xA0, 0x00, 0x00, 0x04, 0xFF, 0x40, 0xAF, 0xC0, 0x00, 0x00, 0x04, 0xFF, 0x40, 0x6F, 0xF2, 0x00, 0x00, 0x04, 0xFF, 0x40, 0x2F, 0xFA, 0x00, 0x00, 
  0x0A, 0xFF, 0x40, 0x09, 0xFF, 0x93, 0x23, 0xAF, 0xFF, 0x40, 0x00, 0xBF, 0xFF, 0xFF, 0xFB, 0xFF, 0x40, 0x00, 0x07, 0xCF, 0xFB, 0x54, 0xFF, 0x30, 0x00, 0x00, 0x00, 0x00, 0x05, 0xFF, 0x10, 0x01, 0x50, 0x00, 0x00, 0x0B, 0xFC, 0x00, 0x0C, 0xF9, 
  0x30, 0x03, 0xBF, 0xF5, 0x00, 0x05, 0xEF, 0xFF, 0xFF, 0xFF, 0x70, 0x00, 0x00, 0x18, 0xCF, 0xFE, 0xA3, 0x00, 0x00, 0x0F, 0x00, 0x0D, 0x00, 0x14, 0x00, 0x01, 0x00, 0x05, 0x00, 0x07, 0x00, 0x2F, 0xF6, 0x00, 0x00, 0x00, 0x00, 0x00, 0x2F, 0xF6, 
  0x00, 0x00, 0x00, 0x00, 0x00, 0x2F, 0xF6, 0x00, 0x00, 0x00, 0x00, 0x00, 0x2F, 0xF6, 0x00, 0x00, 0x00, 0x00, 0x00, 0x2F, 0xF6, 0x00, 0x00, 0x00, 0x00, 0x00, 0x2F, 0xF6, 0x29, 0xDF, 0xEA, 0x20, 0x00, 0x2F, 0xF9, 0xEF, 0xFF, 0xFF, 0xE2, 0x00, 
  0x2F, 0xFF, 0xD5, 0x22, 0x7F, 0xFA, 0x00, 0x2F, 0xFD, 0x10, 0x00, 0x0A, 0xFE, 0x00, 0x2F, 0xF6, 0x00, 0x00, 0x06, 0xFF, 0x20, 0x2F, 0xF6, 0x00, 0x00, 0x06, 0xFF, 0x20, 0x2F, 0xF6, 0x00, 0x00, 0x06, 0xFF, 0x20, 0x2F, 0xF6, 0x00, 0x00, 0x06, 
  0xFF, 0x20, 0x2F, 0xF6, 0x00, 0x00, 0x06, 0xFF, 0x20, 0x2F, 0xF6, 0x00, 0x00, 0x06, 0xFF, 0x20, 0x2F, 0xF6, 0x00, 0x00, 0x06, 0xFF, 0x20, 0x2F, 0xF6, 0x00, 0x00, 0x06, 0xFF, 0x20, 0x2F, 0xF6, 0x00, 0x00, 0x06, 0xFF, 0x20, 0x2F, 0xF6, 0x00, 
  0x00, 0x06, 0xFF, 0x20, 0x2F, 0xF6, 0x00, 0x00, 0x06, 0xFF, 0x20, 0x07, 0x00, 0x03, 0x00, 0x14, 0x00, 0x02, 0x00, 0x05, 0x00, 0x02, 0x00, 0x6B, 0x60, 0xEF, 0xD0, 0x9F, 0x90, 0x00, 0x00, 0x00, 0x00, 0xBF, 0x90, 0xBF, 0x90, 0xBF, 0x90, 0xBF, 
  0x90, 0xBF, 0x90, 0xBF, 0x90, 0xBF, 0x90, 0xBF, 0x90, 0xBF, 0x90, 0xBF, 0x90, 0xBF, 0x90, 0xBF, 0x90, 0xBF, 0x90, 0xBF, 0x90, 0xBF, 0x90, 0x06, 0x00, 0x07, 0x00, 0x19, 0x00, 0xFE, 0xFF, 0x05, 0x00, 0x04, 0x00, 0x00, 0x02, 0xBA, 0x10, 0x00, 
  0x07, 0xFF, 0x50, 0x00, 0x03, 0xED, 0x10, 0x00, 0x00, 0x00, 0x00, 0x00, 0x00, 0x00, 0x00, 0x00, 0x04, 0xFF, 0x20, 0x00, 0x04, 0xFF, 0x20, 0x00, 0x04, 0xFF, 0x20, 0x00, 0x04, 0xFF, 0x20, 0x00, 0x04, 0xFF, 0x20, 0x00, 0x04, 0xFF, 0x20, 0x00, 
  0x04, 0xFF, 0x20, 0x00, 0x04, 0xFF, 0x20, 0x00, 0x04, 0xFF, 0x20, 0x00, 0x04, 0xFF, 0x20, 0x00, 0x04, 0xFF, 0x20, 0x00, 0x04, 0xFF, 0x20, 0x00, 0x04, 0xFF, 0x20, 0x00, 0x04, 0xFF, 0x20, 0x00, 0x04, 0xFF, 0x20, 0x00, 0x04, 0xFF, 0x20, 0x00, 
  0x05, 0xFF, 0x20, 0x02, 0x2B, 0xFE, 0x00, 0x2F, 0xFF, 0xF8, 0x00, 0x1E, 0xFD, 0x80, 0x00, 0x0E, 0x00, 0x0D, 0x00, 0x15, 0x00, 0x01, 0x00, 0x04, 0x00, 0x07, 0x00, 0x2F, 0xF4, 0x00, 0x00, 0x00, 0x00, 0x00, 0x2F, 0xF4, 0x00, 0x00, 0x00, 0x00, 
  0x00, 0x2F, 0xF4, 0x00, 0x00, 0x00, 0x00, 0x00, 0x2F, 0xF4, 0x00, 0x00, 0x00, 0x00, 0x00, 0x2F, 0xF4, 0x00, 0x00, 0x00, 0x00, 0x00, 0x2F, 0xF4, 0x00, 0x00, 0x00, 0x00, 0x00, 0x2F, 0xF4, 0x00, 0x00, 0x6F, 0xF8, 0x00, 0x2F, 0xF4, 0x00, 0x05, 
  0xFF, 0xA0, 0x00, 0x2F, 0xF4, 0x00, 0x3E, 0xFB, 0x10, 0x00, 0x2F, 0xF4, 0x02, 0xEF, 0xD1, 0x00, 0x00, 0x2F, 0xF4, 0x1E, 0xFE, 0x20, 0x00, 0x00, 0x2F, 0xF4, 0xCF, 0xE3, 0x00, 0x00, 0x00, 0x2F, 0xFD, 0xFF, 0xA0, 0x00, 0x00, 0x00, 0x2F, 0xFF, 
  0xFF, 0xF5, 0x00, 0x00, 0x00, 0x2F, 0xFF, 0x7C, 0xFE, 0x20, 0x00, 0x00, 0x2F, 0xF8, 0x03, 0xFF, 0xB0, 0x00, 0x00, 0x2F, 0xF4, 0x00, 0x6F, 0xF7, 0x00, 0x00, 0x2F, 0xF4, 0x00, 0x0B, 0xFF, 0x30, 0x00, 0x2F, 0xF4, 0x00, 0x01, 0xEF, 0xD1, 0x00, 
  0x2F, 0xF4, 0x00, 0x00, 0x4F, 0xF9, 0x00, 0x2F, 0xF4, 0x00, 0x00, 0x08, 0xFF, 0x40, 0x07, 0x00, 0x03, 0x00, 0x15, 0x00, 0x02, 0x00, 0x04, 0x00, 0x02, 0x00, 0xFF, 0x70, 0xFF, 0x70, 0xFF, 0x70, 0xFF, 0x70, 0xFF, 0x70, 0xFF, 0x70, 0xFF, 0x70, 
  0xFF, 0x70, 0xFF, 0x70, 0xFF, 0x70, 0xFF, 0x70, 0xFF, 0x70, 0xFF, 0x70, 0xFF, 0x70, 0xFF, 0x70, 0xFF, 0x70, 0xFF, 0x70, 0xFF, 0x70, 0xFF, 0x70, 0xFF, 0x70, 0xFF, 0x70, 0x18, 0x00, 0x14, 0x00, 0x0F, 0x00, 0x02, 0x00, 0x0A, 0x00, 0x0A, 0x00, 
  0xFF, 0x52, 0xAE, 0xFE, 0xA3, 0x00, 0x5B, 0xFF, 0xD9, 0x10, 0xFF, 0xAE, 0xFF, 0xFF, 0xFE, 0x38, 0xFF, 0xFF, 0xFF, 0xD1, 0xFF, 0xFB, 0x32, 0x28, 0xFF, 0xEF, 0xB3, 0x23, 0x9F, 0xF7, 0xFF, 0xC0, 0x00, 0x00, 0x9F, 0xFB, 0x00, 0x00, 0x0B, 0xFC, 
  0xFF, 0x60, 0x00, 0x00, 0x4F, 0xF5, 0x00, 0x00, 0x08, 0xFF, 0xFF, 0x60, 0x00, 0x00, 0x4F, 0xF4, 0x00, 0x00, 0x07, 0xFF, 0xFF, 0x60, 0x00, 0x00, 0x4F, 0xF4, 0x00, 0x00, 0x07, 0xFF, 0xFF, 0x60, 0x00, 0x00, 0x4F, 0xF4, 0x00, 0x00, 0x07, 0xFF, 
  0xFF, 0x60, 0x00, 0x00, 0x4F, 0xF4, 0x00, 0x00, 0x07, 0xFF, 0xFF, 0x60, 0x00, 0x00, 0x4F, 0xF4, 0x00, 0x00, 0x07, 0xFF, 0xFF, 0x60, 0x00, 0x00, 0x4F, 0xF4, 0x00, 0x00, 0x07, 0xFF, 0xFF, 0x60, 0x00, 0x00, 0x4F, 0xF4, 0x00, 0x00, 0x07, 0xFF, 
  0xFF, 0x60, 0x00, 0x00, 0x4F, 0xF4, 0x00, 0x00, 0x07, 0xFF, 0xFF, 0x60, 0x00, 0x00, 0x4F, 0xF4, 0x00, 0x00, 0x07, 0xFF, 0xFF, 0x60, 0x00, 0x00, 0x4F, 0xF4, 0x00, 0x00, 0x07, 0xFF, 0x0F, 0x00, 0x0D, 0x00, 0x0F, 0x00, 0x01, 0x00, 0x0A, 0x00, 
  0x07, 0x00, 0x2F, 0xF4, 0x29, 0xEF, 0xEA, 0x20, 0x00, 0x2F, 0xF7, 0xEF, 0xFF, 0xFF, 0xE2, 0x00, 0x2F, 0xFF, 0xD5, 0x22, 0x7F, 0xFA, 0x00, 0x2F, 0xFD, 0x10, 0x00, 0x0A, 0xFE, 0x00, 0x2F, 0xF6, 0x00, 0x00, 0x06, 0xFF, 0x10, 0x2F, 0xF6, 0x00, 
  0x00, 0x06, 0xFF, 0x20, 0x2F, 0xF6, 0x00, 0x00, 0x06, 0xFF, 0x20, 0x2F, 0xF6, 0x00, 0x00, 0x06, 0xFF, 0x20, 0x2F, 0xF6, 0x00, 0x00, 0x06, 0xFF, 0x20, 0x2F, 0xF6, 0x00, 0x00, 0x06, 0xFF, 0x20, 0x2F, 0xF6, 0x00, 0x00, 0x06, 0xFF, 0x20, 0x2F, 
  0xF6, 0x00, 0x00, 0x06, 0xFF, 0x20, 0x2F, 0xF6, 0x00, 0x00, 0x06, 0xFF, 0x20, 0x2F, 0xF6, 0x00, 0x00, 0x06, 0xFF, 0x20, 0x2F, 0xF6, 0x00, 0x00, 0x06, 0xFF, 0x20, 0x0F, 0x00, 0x0D, 0x00, 0x0F, 0x00, 0x01, 0x00, 0x0A, 0x00, 0x07, 0x00, 0x00, 
  0x04, 0xBE, 0xFE, 0xB4, 0x00, 0x00, 0x00, 0xAF, 0xFF, 0xFF, 0xFF, 0x90, 0x00, 0x08, 0xFF, 0x92, 0x02, 0x9F, 0xF8, 0x00, 0x3F, 0xF8, 0x00, 0x00, 0x09, 0xFF, 0x20, 0x8F, 0xE0, 0x00, 0x00, 0x01, 0xEF, 0x80, 0xCF, 0xA0, 0x00, 0x00, 0x00, 0xAF, 
  0xC0, 0xFF, 0x80, 0x00, 0x00, 0x00, 0x7F, 0xE0, 0xFF, 0x70, 0x00, 0x00, 0x00, 0x7F, 0xF0, 0xFF, 0x70, 0x00, 0x00, 0x00, 0x7F, 0xE0, 0xCF, 0xA0, 0x00, 0x00, 0x00, 0xAF, 0xC0, 0x8F, 0xE0, 0x00, 0x00, 0x00, 0xEF, 0x80, 0x3F, 0xF8, 0x00, 0x00, 
  0x08, 0xFF, 0x30, 0x08, 0xFF, 0x82, 0x02, 0x8F, 0xF8, 0x00, 0x00, 0xAF, 0xFF, 0xFF, 0xFF, 0x90, 0x00, 0x00, 0x04, 0xBE, 0xFE, 0xB4, 0x00, 0x00, 0x0F, 0x00, 0x0D, 0x00, 0x14, 0x00, 0x01, 0x00, 0x0A, 0x00, 0x07, 0x00, 0x4F, 0xF0, 0x4B, 0xEF, 
  0xD8, 0x10, 0x00, 0x4F, 0xFA, 0xFF, 0xFF, 0xFF, 0xD1, 0x00, 0x4F, 0xFF, 0xA3, 0x23, 0xAF, 0xFA, 0x00, 0x4F, 0xF9, 0x00, 0x00, 0x0A, 0xFF, 0x30, 0x4F, 0xF4, 0x00, 0x00, 0x02, 0xFF, 0x70, 0x4F, 0xF4, 0x00, 0x00, 0x00, 0xCF, 0xA0, 0x4F, 0xF4, 
  0x00, 0x00, 0x00, 0xAF, 0xB0, 0x4F, 0xF4, 0x00, 0x00, 0x00, 0x9F, 0xC0, 0x4F, 0xF4, 0x00, 0x00, 0x00, 0xAF, 0xB0, 0x4F, 0xF4, 0x00, 0x00, 0x00, 0xCF, 0xA0, 0x4F, 0xF4, 0x00, 0x00, 0x02, 0xFF, 0x70, 0x4F, 0xF8, 0x00, 0x00, 0x09, 0xFF, 0x20, 
  0x4F, 0xFF, 0x82, 0x02, 0x9F, 0xFA, 0x00, 0x4F, 0xFC, 0xFF, 0xFF, 0xFF, 0xC1, 0x00, 0x4F, 0xF4, 0x5B, 0xEF, 0xD8, 0x10, 0x00, 0x4F, 0xF4, 0x00, 0x00, 0x00, 0x00, 0x00, 0x4F, 0xF4, 0x00, 0x00, 0x00, 0x00, 0x00, 0x4F, 0xF4, 0x00, 0x00, 0x00, 
  0x00, 0x00, 0x4F, 0xF4, 0x00, 0x00, 0x00, 0x00, 0x00, 0x4F, 0xF4, 0x00, 0x00, 0x00, 0x00, 0x00, 0x0F, 0x00, 0x0D, 0x00, 0x14, 0x00, 0x01, 0x00, 0x0A, 0x00, 0x07, 0x00, 0x00, 0x18, 0xDF, 0xFB, 0x42, 0xFF, 0x20, 0x01, 0xDF, 0xFF, 0xFF, 0xFB, 
  0xFF, 0x20, 0x0B, 0xFF, 0x82, 0x03, 0xAF, 0xFF, 0x20, 0x3F, 0xF8, 0x00, 0x00, 0x0A, 0xFF, 0x20, 0x9F, 0xE1, 0x00, 0x00, 0x06, 0xFF, 0x20, 0xCF, 0xB0, 0x00, 0x00, 0x06, 0xFF, 0x20, 0xDF, 0x80, 0x00, 0x00, 0x06, 0xFF, 0x20, 0xDF, 0x70, 0x00, 
  0x00, 0x06, 0xFF, 0x20, 0xDF, 0x80, 0x00, 0x00, 0x06, 0xFF, 0x20, 0xCF, 0xA0, 0x00, 0x00, 0x06, 0xFF, 0x20, 0x8F, 0xE0, 0x00, 0x00, 0x06, 0xFF, 0x20, 0x3F, 0xF8, 0x00, 0x00, 0x0A, 0xFF, 0x20, 0x0B, 0xFF, 0x81, 0x02, 0xAF, 0xFF, 0x20, 0x01, 
  0xDF, 0xFF, 0xFF, 0xFD, 0xFF, 0x20, 0x00, 0x17, 0xDF, 0xEB, 0x46, 0xFF, 0x20, 0x00, 0x00, 0x00, 0x00, 0x06, 0xFF, 0x20, 0x00, 0x00, 0x00, 0x00, 0x06, 0xFF, 0x20, 0x00, 0x00, 0x00, 0x00, 0x06, 0xFF, 0x20, 0x00, 0x00, 0x00, 0x00, 0x06, 0xFF, 
  0x20, 0x00, 0x00, 0x00, 0x00, 0x06, 0xFF, 0x20, 0x09, 0x00, 0x08, 0x00, 0x0F, 0x00, 0x01, 0x00, 0x0A, 0x00, 0x04, 0x00, 0x4F, 0xF2, 0x6D, 0xF9, 0x4F, 0xFA, 0xFF, 0xF9, 0x4F, 0xFF, 0xD7, 0x64, 0x4F, 0xFC, 0x10, 0x00, 0x4F, 0xF4, 0x00, 0x00, 
  0x4F, 0xF4, 0x00, 0x00, 0x4F, 0xF4, 0x00, 0x00, 0x4F, 0xF4, 0x00, 0x00, 0x4F, 0xF4, 0x00, 0x00, 0x4F, 0xF4, 0x00, 0x00, 0x4F, 0xF4, 0x00, 0x00, 0x4F, 0xF4, 0x00, 0x00, 0x4F, 0xF4, 0x00, 0x00, 0x4F, 0xF4, 0x00, 0x00, 0x4F, 0xF4, 0x00, 0x00, 
  0x0E, 0x00, 0x0C, 0x00, 0x0F, 0x00, 0x01, 0x00, 0x0A, 0x00, 0x06, 0x00, 0x00, 0x18, 0xCF, 0xFD, 0x92, 0x00, 0x02, 0xDF, 0xFF, 0xFF, 0xFE, 0x40, 0x0C, 0xFE, 0x40, 0x05, 0xEF, 0xE1, 0x2F, 0xF5, 0x00, 0x00, 0x3F, 0xF6, 0x3F, 0xF4, 0x00, 0x00, 
  0x07, 0x74, 0x1E, 0xFC, 0x20, 0x00, 0x00, 0x00, 0x05, 0xFF, 0xFC, 0x84, 0x00, 0x00, 0x00, 0x3B, 0xFF, 0xFF, 0xE8, 0x10, 0x00, 0x00, 0x15, 0x8D, 0xFF, 0xC0, 0x00, 0x00, 0x00, 0x00, 0x7F, 0xF6, 0x79, 0x70, 0x00, 0x00, 0x0D, 0xF9, 0x8F, 0xE1, 
  0x00, 0x00, 0x0E, 0xF8, 0x2E, 0xFD, 0x40, 0x03, 0xBF, 0xF3, 0x05, 0xEF, 0xFF, 0xFF, 0xFF, 0x70, 0x00, 0x28, 0xCF, 0xFD, 0xA3, 0x00, 0x09, 0x00, 0x08, 0x00, 0x12, 0x00, 0x00, 0x00, 0x07, 0x00, 0x04, 0x00, 0x00, 0x4F, 0xF4, 0x00, 0x00, 0x4F, 
  0xF4, 0x00, 0x00, 0x4F, 0xF4, 0x00, 0xBF, 0xFF, 0xFF, 0xFD, 0xAD, 0xEF, 0xFE, 0xDB, 0x00, 0x4F, 0xF4, 0x00, 0x00, 0x4F, 0xF4, 0x00, 0x00, 0x4F, 0xF4, 0x00, 0x00, 0x4F, 0xF4, 0x00, 0x00, 0x4F, 0xF4, 0x00, 0x00, 0x4F, 0xF4, 0x00, 0x00, 0x4F, 
  0xF4, 0x00, 0x00, 0x4F, 0xF4, 0x00, 0x00, 0x4F, 0xF4, 0x00, 0x00, 0x2F, 0xF4, 0x00, 0x00, 0x1F, 0xFA, 0x22, 0x00, 0x0A, 0xFF, 0xFF, 0x00, 0x01, 0xAE, 0xFC, 0x0F, 0x00, 0x0D, 0x00, 0x0F, 0x00, 0x01, 0x00, 0x0A, 0x00, 0x07, 0x00, 0x2F, 0xF4, 
  0x00, 0x00, 0x06, 0xFF, 0x20, 0x2F, 0xF4, 0x00, 0x00, 0x06, 0xFF, 0x20, 0x2F, 0xF4, 0x00, 0x00, 0x06, 0xFF, 0x20, 0x2F, 0xF4, 0x00, 0x00, 0x06, 0xFF, 0x20, 0x2F, 0xF4, 0x00, 0x00, 0x06, 0xFF, 0x20, 0x2F, 0xF4, 0x00, 0x00, 0x06, 0xFF, 0x20, 
  0x2F, 0xF4, 0x00, 0x00, 0x06, 0xFF, 0x20, 0x2F, 0xF4, 0x00, 0x00, 0x06, 0xFF, 0x20, 0x2F, 0xF4, 0x00, 0x00, 0x06, 0xFF, 0x20, 0x2F, 0xF4, 0x00, 0x00, 0x06, 0xFF, 0x20, 0x2F, 0xF5, 0x00, 0x00, 0x06, 0xFF, 0x20, 0x0E, 0xF9, 0x00, 0x00, 0x0B, 
  0xFF, 0x20, 0x09, 0xFF, 0x72, 0x24, 0xCF, 0xFF, 0x20, 0x02, 0xEF, 0xFF, 0xFF, 0xFA, 0xFF, 0x20, 0x00, 0x2A, 0xEF, 0xEB, 0x44, 0xFF, 0x20, 0x0D, 0x00, 0x0D, 0x00, 0x0F, 0x00, 0x00, 0x00, 0x0A, 0x00, 0x07, 0x00, 0x7F, 0xF1, 0x00, 0x00, 0x02, 
  0xFF, 0x60, 0x1F, 0xF5, 0x00, 0x00, 0x06, 0xFF, 0x10, 0x0B, 0xFA, 0x00, 0x00, 0x0B, 0xFA, 0x00, 0x06, 0xFE, 0x00, 0x00, 0x1F, 0xF5, 0x00, 0x01, 0xFF, 0x50, 0x00, 0x5F, 0xF1, 0x00, 0x00, 0xAF, 0x90, 0x00, 0xAF, 0xA0, 0x00, 0x00, 0x5F, 0xE0, 
  0x00, 0xEF, 0x50, 0x00, 0x00, 0x1F, 0xF4, 0x04, 0xFE, 0x00, 0x00, 0x00, 0x0A, 0xF8, 0x08, 0xFA, 0x00, 0x00, 0x00, 0x05, 0xFD, 0x0D, 0xF5, 0x00, 0x00, 0x00, 0x00, 0xEF, 0x5F, 0xE0, 0x00, 0x00, 0x00, 0x00, 0xAF, 0xEF, 0xA0, 0x00, 0x00, 0x00, 
  0x00, 0x4F, 0xFF, 0x40, 0x00, 0x00, 0x00, 0x00, 0x0E, 0xFE, 0x00, 0x00, 0x00, 0x00, 0x00, 0x09, 0xF9, 0x00, 0x00, 0x00, 0x14, 0x00, 0x14, 0x00, 0x0F, 0x00, 0x00, 0x00, 0x0A, 0x00, 0x0A, 0x00, 0x7F, 0xE0, 0x00, 0x00, 0x2F, 0xF2, 0x00, 0x00, 
  0x1F, 0xF6, 0x2F, 0xF3, 0x00, 0x00, 0x7F, 0xF6, 0x00, 0x00, 0x4F, 0xF1, 0x0D, 0xF7, 0x00, 0x00, 0xBF, 0xFA, 0x00, 0x00, 0x8F, 0xC0, 0x09, 0xFB, 0x00, 0x01, 0xFE, 0xFE, 0x00, 0x00, 0xBF, 0x80, 0x05, 0xFE, 0x00, 0x05, 0xFA, 0xCF, 0x40, 0x00, 
  0xFF, 0x40, 0x01, 0xFF, 0x30, 0x0A, 0xF5, 0x8F, 0x90, 0x04, 0xFF, 0x00, 0x00, 0xCF, 0x70, 0x0E, 0xF1, 0x3F, 0xD0, 0x07, 0xFB, 0x00, 0x00, 0x7F, 0xB0, 0x3F, 0xB0, 0x0D, 0xF2, 0x0B, 0xF7, 0x00, 0x00, 0x3F, 0xE0, 0x8F, 0x70, 0x09, 0xF7, 0x0E, 
  0xF2, 0x00, 0x00, 0x0E, 0xF3, 0xCF, 0x30, 0x04, 0xFB, 0x3F, 0xD0, 0x00, 0x00, 0x0A, 0xF9, 0xFD, 0x00, 0x00, 0xEF, 0x7F, 0x90, 0x00, 0x00, 0x06, 0xFF, 0xF9, 0x00, 0x00, 0xAF, 0xEF, 0x50, 0x00, 0x00, 0x02, 0xFF, 0xF4, 0x00, 0x00, 0x6F, 0xFF, 
  0x10, 0x00, 0x00, 0x00, 0xDF, 0xE0, 0x00, 0x00, 0x1F, 0xFC, 0x00, 0x00, 0x00, 0x00, 0x9F, 0xB0, 0x00, 0x00, 0x0B, 0xF7, 0x00, 0x00, 0x0D, 0x00, 0x0D, 0x00, 0x0F, 0x00, 0x00, 0x00, 0x0A, 0x00, 0x07, 0x00, 0x1E, 0xFC, 0x00, 0x00, 0x07, 0xFF, 
  0x50, 0x06, 0xFF, 0x50, 0x00, 0x2F, 0xFB, 0x00, 0x00, 0xBF, 0xD0, 0x00, 0xAF, 0xE2, 0x00, 0x00, 0x2F, 0xF7, 0x03, 0xFF, 0x70, 0x00, 0x00, 0x07, 0xFF, 0x2C, 0xFC, 0x00, 0x00, 0x00, 0x00, 0xCF, 0xDF, 0xF3, 0x00, 0x00, 0x00, 0x00, 0x3F, 0xFF, 
  0x80, 0x00, 0x00, 0x00, 0x00, 0x0C, 0xFF, 0x20, 0x00, 0x00, 0x00, 0x00, 0x5F, 0xFF, 0xA0, 0x00, 0x00, 0x00, 0x01, 0xDF, 0xCF, 0xF4, 0x00, 0x00, 0x00, 0x09, 0xFE, 0x1A, 0xFD, 0x10, 0x00, 0x00, 0x3F, 0xF7, 0x02, 0xFF, 0x80, 0x00, 0x00, 0xDF, 
  0xC0, 0x00, 0x7F, 0xF3, 0x00, 0x07, 0xFF, 0x40, 0x00, 0x0D, 0xFC, 0x00, 0x3F, 0xFA, 0x00, 0x00, 0x05, 0xFF, 0x70, 0x0D, 0x00, 0x0D, 0x00, 0x14, 0x00, 0x00, 0x00, 0x0A, 0x00, 0x07, 0x00, 0x6F, 0xF3, 0x00, 0x00, 0x03, 0xFF, 0x60, 0x1F, 0xF8, 
  0x00, 0x00, 0x08, 0xFF, 0x10, 0x0A, 0xFD, 0x00, 0x00, 0x0D, 0xFA, 0x00, 0x05, 0xFF, 0x30, 0x00, 0x2F, 0xF5, 0x00, 0x00, 0xEF, 0x80, 0x00, 0x7F, 0xE0, 0x00, 0x00, 0x9F, 0xD0, 0x00, 0xBF, 0xA0, 0x00, 0x00, 0x4F, 0xF3, 0x01, 0xFF, 0x40, 0x00, 
  0x00, 0x0D, 0xF8, 0x06, 0xFE, 0x00, 0x00, 0x00, 0x08, 0xFD, 0x0B, 0xF9, 0x00, 0x00, 0x00, 0x03, 0xFF, 0x4F, 0xF3, 0x00, 0x00, 0x00, 0x00, 0xCF, 0xDF, 0xD0, 0x00, 0x00, 0x00, 0x00, 0x7F, 0xFF, 0x80, 0x00, 0x00, 0x00, 0x00, 0x2F, 0xFF, 0x30, 
  0x00, 0x00, 0x00, 0x00, 0x0B, 0xFD, 0x00, 0x00, 0x00, 0x00, 0x00, 0x0A, 0xF7, 0x00, 0x00, 0x00, 0x00, 0x00, 0x1F, 0xF2, 0x00, 0x00, 0x00, 0x00, 0x00, 0x7F, 0xC0, 0x00, 0x00, 0x00, 0x02, 0x37, 0xFF, 0x50, 0x00, 0x00, 0x00, 0x0B, 0xFF, 0xFA, 
  0x00, 0x00, 0x00, 0x00, 0x0A, 0xFE, 0x70, 0x00, 0x00, 0x00, 0x00, 0x0D, 0x00, 0x0C, 0x00, 0x0F, 0x00, 0x01, 0x00, 0x0A, 0x00, 0x06, 0x00, 0xBF, 0xFF, 0xFF, 0xFF, 0xFF, 0xF2, 0xBF, 0xFF, 0xFF, 0xFF, 0xFF, 0xF1, 0x00, 0x00, 0x00, 0x05, 0xFF, 
  0x80, 0x00, 0x00, 0x00, 0x1E, 0xFC, 0x00, 0x00, 0x00, 0x00, 0xBF, 0xF3, 0x00, 0x00, 0x00, 0x06, 0xFF, 0x70, 0x00, 0x00, 0x00, 0x2F, 0xFB, 0x00, 0x00, 0x00, 0x00, 0xCF, 0xE2, 0x00, 0x00, 0x00, 0x08, 0xFF, 0x50, 0x00, 0x00, 0x00, 0x3F, 0xF9, 
  0x00, 0x00, 0x00, 0x01, 0xDF, 0xD1, 0x00, 0x00, 0x00, 0x0A, 0xFF, 0x30, 0x00, 0x00, 0x00, 0x5F, 0xF7, 0x00, 0x00, 0x00, 0x00, 0xDF, 0xFF, 0xFF, 0xFF, 0xFF, 0xF7, 0xDF, 0xFF, 0xFF, 0xFF, 0xFF, 0xF7, 0x09, 0x00, 0x09, 0x00, 0x1A, 0x00, 0x00, 
  0x00, 0x04, 0x00, 0x05, 0x00, 0x00, 0x00, 0x00, 0x4B, 0x70, 0x00, 0x00, 0x09, 0xFF, 0x70, 0x00, 0x00, 0x7F, 0xF3, 0x00, 0x00, 0x00, 0xEF, 0x80, 0x00, 0x00, 0x04, 0xFF, 0x30, 0x00, 0x00, 0x06, 0xFF, 0x00, 0x00, 0x00, 0x06, 0xFF, 0x00, 0x00, 
  0x00, 0x06, 0xFF, 0x00, 0x00, 0x00, 0x06, 0xFF, 0x00, 0x00, 0x00, 0x07, 0xFF, 0x00, 0x00, 0x00, 0x0B, 0xFC, 0x00, 0x00, 0x01, 0x7F, 0xF5, 0x00, 0x00, 0x4F, 0xFF, 0x70, 0x00, 0x00, 0x3F, 0xFF, 0x80, 0x00, 0x00, 0x00, 0x6F, 0xF6, 0x00, 0x00, 
  0x00, 0x0A, 0xFC, 0x00, 0x00, 0x00, 0x07, 0xFF, 0x00, 0x00, 0x00, 0x06, 0xFF, 0x00, 0x00, 0x00, 0x06, 0xFF, 0x00, 0x00, 0x00, 0x06, 0xFF, 0x00, 0x00, 0x00, 0x06, 0xFF, 0x00, 0x00, 0x00, 0x04, 0xFF, 0x30, 0x00, 0x00, 0x00, 0xEF, 0x80, 0x00, 
  0x00, 0x00, 0x7F, 0xF4, 0x00, 0x00, 0x00, 0x08, 0xFF, 0x70, 0x00, 0x00, 0x00, 0x4B, 0x70, 0x07, 0x00, 0x03, 0x00, 0x17, 0x00, 0x02, 0x00, 0x06, 0x00, 0x02, 0x00, 0xBF, 0x40, 0xBF, 0x40, 0xBF, 0x40, 0xBF, 0x40, 0xBF, 0x40, 0xBF, 0x40, 0xBF, 
  0x40, 0xBF, 0x40, 0xBF, 0x40, 0xBF, 0x40, 0xBF, 0x40, 0xBF, 0x40, 0xBF, 0x40, 0xBF, 0x40, 0xBF, 0x40, 0xBF, 0x40, 0xBF, 0x40, 0xBF, 0x40, 0xBF, 0x40, 0xBF, 0x40, 0xBF, 0x40, 0xBF, 0x40, 0xBF, 0x40, 0x09, 0x00, 0x09, 0x00, 0x1A, 0x00, 0x00, 
  0x00, 0x04, 0x00, 0x05, 0x00, 0x7B, 0x40, 0x00, 0x00, 0x00, 0x8F, 0xF8, 0x00, 0x00, 0x00, 0x04, 0xFF, 0x70, 0x00, 0x00, 0x00, 0x8F, 0xE0, 0x00, 0x00, 0x00, 0x3F, 0xF3, 0x00, 0x00, 0x00, 0x2F, 0xF6, 0x00, 0x00, 0x00, 0x2F, 0xF6, 0x00, 0x00, 
  0x00, 0x2F, 0xF6, 0x00, 0x00, 0x00, 0x1F, 0xF6, 0x00, 0x00, 0x00, 0x0F, 0xF6, 0x00, 0x00, 0x00, 0x0C, 0xFA, 0x00, 0x00, 0x00, 0x06, 0xFF, 0x71, 0x00, 0x00, 0x00, 0x7F, 0xFF, 0x20, 0x00, 0x00, 0x8F, 0xFE, 0x20, 0x00, 0x06, 0xFF, 0x60, 0x00, 
  0x00, 0x0D, 0xFA, 0x00, 0x00, 0x00, 0x0F, 0xF6, 0x00, 0x00, 0x00, 0x2F, 0xF6, 0x00, 0x00, 0x00, 0x2F, 0xF6, 0x00, 0x00, 0x00, 0x2F, 0xF6, 0x00, 0x00, 0x00, 0x2F, 0xF5, 0x00, 0x00, 0x00, 0x3F, 0xF3, 0x00, 0x00, 0x00, 0x8F, 0xE0, 0x00, 0x00, 
  0x04, 0xFF, 0x60, 0x00, 0x00, 0x8F, 0xF8, 0x00, 0x00, 0x00, 0x7B, 0x30, 0x00, 0x00, 0x00, 0x12, 0x00, 0x10, 0x00, 0x06, 0x00, 0x01, 0x00, 0x0E, 0x00, 0x08, 0x00, 0x00, 0x4C, 0xFE, 0xA3, 0x00, 0x00, 0x05, 0x95, 0x06, 0xFF, 0xFF, 0xFF, 0x70, 
  0x00, 0x0B, 0xF5, 0x1E, 0xF9, 0x34, 0xCF, 0xFA, 0x20, 0x7F, 0xF1, 0x5F, 0xD0, 0x00, 0x09, 0xFF, 0xFF, 0xFF, 0x70, 0x4B, 0x70, 0x00, 0x00, 0x5D, 0xFF, 0xE7, 0x00, 0x00, 0x00, 0x00, 0x00, 0x00, 0x12, 0x00, 0x00, 0x07, 0x00, 0x01, 0x00, 0x01, 
  0x00, 0x00, 0x00, 0x19, 0x00, 0x01, 0x00, 0x00, 0x07, 0x00, 0x03, 0x00, 0x14, 0x00, 0x02, 0x00, 0x0A, 0x00, 0x02, 0x00, 0x8F, 0x90, 0xDF, 0xF0, 0x6B, 0x60, 0x00, 0x00, 0x00, 0x00, 0x36, 0x40, 0x7F, 0xB0, 0x7F, 0xB0, 0x7F, 0xB0, 0x7F, 0xB0, 
  0x8F, 0xB0, 0x9F, 0xB0, 0x9F, 0xB0, 0x9F, 0xC0, 0x9F, 0xD0, 0x9F, 0xD0, 0x9F, 0xD0, 0x9F, 0xD0, 0x9F, 0xD0, 0x9F, 0xD0, 0x0F, 0x00, 0x0D, 0x00, 0x16, 0x00, 0x01, 0x00, 0x07, 0x00, 0x07, 0x00, 0x00, 0x00, 0x07, 0xFF, 0x00, 0x00, 0x00, 0x00, 
  0x00, 0x07, 0xFF, 0x00, 0x00, 0x00, 0x00, 0x00, 0x07, 0xFF, 0x00, 0x00, 0x00, 0x00, 0x03, 0xAE, 0xFF, 0xD8, 0x10, 0x00, 0x00, 0x5F, 0xFF, 0xEE, 0xFF, 0xD2, 0x00, 0x03, 0xFF, 0xB2, 0x00, 0x5E, 0xFC, 0x00, 0x0B, 0xFC, 0x00, 0x00, 0x04, 0xFF, 
  0x30, 0x2F, 0xF5, 0x00, 0x00, 0x00, 0xDF, 0x70, 0x5F, 0xF2, 0x00, 0x00, 0x00, 0x12, 0x10, 0x7F, 0xF0, 0x00, 0x00, 0x00, 0x00, 0x00, 0x7F, 0xF0, 0x00, 0x00, 0x00, 0x00, 0x00, 0x7F, 0xF0, 0x00, 0x00, 0x00, 0x00, 0x00, 0x5F, 0xF1, 0x00, 0x00, 
  0x00, 0x00, 0x00, 0x2F, 0xF5, 0x00, 0x00, 0x00, 0x89, 0x50, 0x0C, 0xFC, 0x00, 0x00, 0x03, 0xFF, 0x50, 0x04, 0xFF, 0xB2, 0x00, 0x4D, 0xFC, 0x00, 0x00, 0x7F, 0xFF, 0xDE, 0xFF, 0xD1, 0x00, 0x00, 0x03, 0xBF, 0xFF, 0xD7, 0x10, 0x00, 0x00, 0x00, 
  0x07, 0xFF, 0x00, 0x00, 0x00, 0x00, 0x00, 0x07, 0xFF, 0x00, 0x00, 0x00, 0x00, 0x00, 0x07, 0xFF, 0x00, 0x00, 0x00, 0x00, 0x00, 0x01, 0x22, 0x00, 0x00, 0x00, 0x10, 0x00, 0x0E, 0x00, 0x13, 0x00, 0x01, 0x00, 0x06, 0x00, 0x07, 0x00, 0x00, 0x00, 
  0x17, 0xCF, 0xFD, 0x92, 0x00, 0x00, 0x02, 0xDF, 0xFF, 0xFF, 0xFE, 0x40, 0x00, 0x0C, 0xFF, 0x72, 0x26, 0xEF, 0xE1, 0x00, 0x5F, 0xF7, 0x00, 0x00, 0x4F, 0xF6, 0x00, 0x9F, 0xF0, 0x00, 0x00, 0x0E, 0xF9, 0x00, 0x9F, 0xD0, 0x00, 0x00, 0x02, 0x21, 
  0x00, 0x9F, 0xD0, 0x00, 0x00, 0x00, 0x00, 0x00, 0x9F, 0xE0, 0x00, 0x00, 0x00, 0x00, 0x00, 0x9F, 0xF0, 0x00, 0x00, 0x00, 0x00, 0x9F, 0xFF, 0xFF, 0xFF, 0xF4, 0x00, 0x00, 0x9F, 0xFF, 0xFF, 0xFF, 0xF4, 0x00, 0x00, 0x12, 0x8F, 0xF3, 0x22, 0x20, 
  0x00, 0x00, 0x00, 0x6F, 0xF2, 0x00, 0x00, 0x00, 0x00, 0x00, 0x6F, 0xF2, 0x00, 0x00, 0x00, 0x00, 0x00, 0x6F, 0xF2, 0x00, 0x00, 0x00, 0x00, 0x00, 0x9F, 0xE0, 0x00, 0x00, 0x00, 0x00, 0x13, 0xEF, 0xA2, 0x22, 0x22, 0x22, 0x22, 0x9F, 0xFF, 0xFF, 
  0xFF, 0xFF, 0xFF, 0xFF, 0x9F, 0xFF, 0xFF, 0xFF, 0xFF, 0xFF, 0xFF, 0x13, 0x00, 0x11, 0x00, 0x13, 0x00, 0x01, 0x00, 0x07, 0x00, 0x09, 0x00, 0x01, 0x10, 0x00, 0x00, 0x00, 0x00, 0x00, 0x02, 0x00, 0x1C, 0xB1, 0x05, 0xBE, 0xFE, 0xB6, 0x00, 0xAE, 
  0x20, 0x7F, 0xFB, 0xCF, 0xFF, 0xFF, 0xFF, 0xDA, 0xFF, 0xB0, 0x0A, 0xFF, 0xFF, 0xB6, 0x45, 0xAF, 0xFF, 0xFD, 0x10, 0x01, 0xEF, 0xE4, 0x00, 0x00, 0x03, 0xEF, 0xF2, 0x00, 0x06, 0xFF, 0x40, 0x00, 0x00, 0x00, 0x3F, 0xF7, 0x00, 0x0C, 0xFA, 0x00, 
  0x00, 0x00, 0x00, 0x08, 0xFE, 0x00, 0x1F, 0xF4, 0x00, 0x00, 0x00, 0x00, 0x02, 0xFF, 0x30, 0x3F, 0xF1, 0x00, 0x00, 0x00, 0x00, 0x00, 0xEF, 0x50, 0x4F, 0xF0, 0x00, 0x00, 0x00, 0x00, 0x00, 0xDF, 0x60, 0x3F, 0xF1, 0x00, 0x00, 0x00, 0x00, 0x00, 
  0xEF, 0x50, 0x1F, 0xF4, 0x00, 0x00, 0x00, 0x00, 0x03, 0xFF, 0x30, 0x0C, 0xFA, 0x00, 0x00, 0x00, 0x00, 0x08, 0xFE, 0x00, 0x06, 0xFF, 0x40, 0x00, 0x00, 0x00, 0x3F, 0xF7, 0x00, 0x03, 0xFF, 0xE4, 0x00, 0x00, 0x03, 0xEF, 0xF5, 0x00, 0x2E, 0xFF, 
  0xFF, 0xB6, 0x45, 0xAF, 0xFF, 0xFE, 0x30, 0x7F, 0xF7, 0xCF, 0xFF, 0xFF, 0xFF, 0xD7, 0xFF, 0xA0, 0x08, 0x80, 0x05, 0xBE, 0xFE, 0xB6, 0x00, 0x5B, 0x00, 0x00, 0x00, 0x00, 0x00, 0x00, 0x00, 0x00, 0x00, 0x00, 0x0E, 0x00, 0x0E, 0x00, 0x13, 0x00, 
  0x00, 0x00, 0x06, 0x00, 0x07, 0x00, 0x9F, 0xF3, 0x00, 0x00, 0x00, 0x2F, 0xF9, 0x2F, 0xFA, 0x00, 0x00, 0x00, 0x9F, 0xF1, 0x08, 0xFF, 0x20, 0x00, 0x02, 0xFF, 0x80, 0x01, 0xEF, 0x90, 0x00, 0x08, 0xFE, 0x10, 0x00, 0x7F, 0xF1, 0x00, 0x1F, 0xF7, 
  0x00, 0x00, 0x0E, 0xF8, 0x00, 0x7F, 0xE0, 0x00, 0x00, 0x06, 0xFE, 0x10, 0xEF, 0x60, 0x00, 0x00, 0x00, 0xDF, 0x77, 0xFD, 0x00, 0x00, 0x00, 0x00, 0x5F, 0xEE, 0xF5, 0x00, 0x00, 0x07, 0xFF, 0xFF, 0xFF, 0xFF, 0xFF, 0x70, 0x05, 0x99, 0x9B, 0xFF, 
  0xB9, 0x99, 0x50, 0x00, 0x00, 0x06, 0xFF, 0x40, 0x00, 0x00, 0x00, 0x00, 0x06, 0xFF, 0x40, 0x00, 0x00, 0x07, 0xFF, 0xFF, 0xFF, 0xFF, 0xFF, 0x70, 0x05, 0x99, 0x9B, 0xFF, 0xB9, 0x99, 0x50, 0x00, 0x00, 0x06, 0xFF, 0x40, 0x00, 0x00, 0x00, 0x00, 
  0x06, 0xFF, 0x40, 0x00, 0x00, 0x00, 0x00, 0x06, 0xFF, 0x40, 0x00, 0x00, 0x00, 0x00, 0x06, 0xFF, 0x40, 0x00, 0x00, 0x06, 0x00, 0x04, 0x00, 0x17, 0x00, 0x01, 0x00, 0x06, 0x00, 0x02, 0x00, 0x2F, 0xF6, 0x2F, 0xF6, 0x2F, 0xF6, 0x2F, 0xF6, 0x2F, 
  0xF6, 0x2F, 0xF6, 0x2F, 0xF6, 0x2F, 0xF6, 0x2F, 0xF6, 0x2F, 0xF6, 0x00, 0x00, 0x00, 0x00, 0x2F, 0xF6, 0x2F, 0xF6, 0x2F, 0xF6, 0x2F, 0xF6, 0x2F, 0xF6, 0x2F, 0xF6, 0x2F, 0xF6, 0x2F, 0xF6, 0x2F, 0xF6, 0x2F, 0xF6, 0x2F, 0xF6, 0x11, 0x00, 0x0F, 
  0x00, 0x1A, 0x00, 0x01, 0x00, 0x06, 0x00, 0x08, 0x00, 0x00, 0x02, 0x8C, 0xFF, 0xFC, 0x81, 0x00, 0x00, 0x00, 0x6F, 0xFF, 0xFF, 0xFF, 0xFE, 0x50, 0x00, 0x04, 0xFF, 0xC4, 0x10, 0x16, 0xEF, 0xF3, 0x00, 0x0B, 0xFD, 0x10, 0x00, 0x00, 0x2F, 0xFA, 
  0x00, 0x0D, 0xF8, 0x00, 0x00, 0x00, 0x09, 0xFE, 0x00, 0x0D, 0xF9, 0x00, 0x00, 0x00, 0x05, 0xBB, 0x00, 0x0A, 0xFE, 0x30, 0x00, 0x00, 0x00, 0x00, 0x00, 0x03, 0xFF, 0xFA, 0x40, 0x00, 0x00, 0x00, 0x00, 0x00, 0x7F, 0xFF, 0xFE, 0xA6, 0x10, 0x00, 
  0x00, 0x07, 0xFF, 0xDD, 0xFF, 0xFF, 0xF8, 0x10, 0x00, 0x2F, 0xF9, 0x00, 0x37, 0xCF, 0xFF, 0xD2, 0x00, 0x7F, 0xF1, 0x00, 0x00, 0x03, 0xAF, 0xFC, 0x00, 0x7F, 0xF0, 0x00, 0x00, 0x00, 0x08, 0xFF, 0x30, 0x6F, 0xF4, 0x00, 0x00, 0x00, 0x03, 0xFF, 
  0x40, 0x1E, 0xFE, 0x71, 0x00, 0x00, 0x03, 0xFF, 0x30, 0x04, 0xFF, 0xFE, 0xA5, 0x10, 0x1C, 0xFE, 0x00, 0x00, 0x3B, 0xFF, 0xFF, 0xFC, 0xEF, 0xE3, 0x00, 0x00, 0x00, 0x27, 0xCF, 0xFF, 0xFF, 0x40, 0x00, 0x00, 0x00, 0x00, 0x01, 0x6D, 0xFF, 0xD1, 
  0x00, 0x00, 0x00, 0x00, 0x00, 0x00, 0x7F, 0xF7, 0x00, 0x6A, 0xA0, 0x00, 0x00, 0x00, 0x0D, 0xFA, 0x00, 0x7F, 0xF1, 0x00, 0x00, 0x00, 0x0B, 0xFB, 0x00, 0x3F, 0xF9, 0x00, 0x00, 0x00, 0x3F, 0xF8, 0x00, 0x0B, 0xFF, 0xA3, 0x00, 0x26, 0xEF, 0xE2, 
  0x00, 0x01, 0xBF, 0xFF, 0xFF, 0xFF, 0xFE, 0x40, 0x00, 0x00, 0x04, 0x9D, 0xFF, 0xEC, 0x71, 0x00, 0x00, 0x0B, 0x00, 0x09, 0x00, 0x03, 0x00, 0x01, 0x00, 0x05, 0x00, 0x05, 0x00, 0x3B, 0x90, 0x00, 0x6B, 0x50, 0x9F, 0xF3, 0x00, 0xFF, 0xD0, 0x5F, 
  0xC0, 0x00, 0xAF, 0x80, 0x15, 0x00, 0x13, 0x00, 0x13, 0x00, 0x01, 0x00, 0x06, 0x00, 0x0A, 0x00, 0x00, 0x00, 0x02, 0x8C, 0xEF, 0xEC, 0x71, 0x00, 0x00, 0x00, 0x00, 0x01, 0x9F, 0xFC, 0xA9, 0xAD, 0xFF, 0x80, 0x00, 0x00, 0x00, 0x1C, 0xFA, 0x20, 
  0x00, 0x00, 0x3B, 0xFB, 0x10, 0x00, 0x00, 0xCF, 0x50, 0x00, 0x00, 0x00, 0x00, 0x7F, 0xB0, 0x00, 0x08, 0xF5, 0x00, 0x3A, 0xEF, 0xD9, 0x10, 0x07, 0xF6, 0x00, 0x1F, 0xA0, 0x03, 0xEF, 0xCB, 0xDF, 0xD1, 0x00, 0xBE, 0x00, 0x7F, 0x30, 0x0C, 0xF6, 
  0x00, 0x0A, 0xF7, 0x00, 0x4F, 0x50, 0xBD, 0x00, 0x2F, 0xC0, 0x00, 0x04, 0xD8, 0x00, 0x0E, 0x90, 0xDA, 0x00, 0x4F, 0x90, 0x00, 0x00, 0x00, 0x00, 0x0C, 0xB0, 0xD9, 0x00, 0x4F, 0x90, 0x00, 0x00, 0x00, 0x00, 0x0B, 0xB0, 0xDA, 0x00, 0x4F, 0x90, 
  0x00, 0x00, 0x00, 0x00, 0x0C, 0xB0, 0xBD, 0x00, 0x2F, 0xC0, 0x00, 0x04, 0xD8, 0x00, 0x0E, 0x90, 0x7F, 0x30, 0x0C, 0xF6, 0x00, 0x0A, 0xF6, 0x00, 0x4F, 0x50, 0x1F, 0xA0, 0x03, 0xEF, 0xCB, 0xDF, 0xD1, 0x00, 0xBE, 0x00, 0x08, 0xF5, 0x00, 0x3A, 
  0xEF, 0xD9, 0x10, 0x07, 0xF6, 0x00, 0x00, 0xCF, 0x50, 0x00, 0x00, 0x00, 0x00, 0x6F, 0xB0, 0x00, 0x00, 0x1C, 0xFA, 0x20, 0x00, 0x00, 0x3B, 0xFB, 0x10, 0x00, 0x00, 0x01, 0x9F, 0xFC, 0x99, 0xAC, 0xFF, 0x70, 0x00, 0x00, 0x00, 0x00, 0x02, 0x8C, 
  0xEF, 0xEC, 0x71, 0x00, 0x00, 0x00, 0x0C, 0x00, 0x0A, 0x00, 0x0A, 0x00, 0x01, 0x00, 0x06, 0x00, 0x05, 0x00, 0x00, 0x5C, 0xFF, 0xC6, 0x00, 0x07, 0xFF, 0xED, 0xFF, 0x60, 0x0B, 0xF6, 0x00, 0x7F, 0xC0, 0x00, 0x00, 0x00, 0x4F, 0xE0, 0x00, 0x7C, 
  0xFF, 0xFF, 0xF0, 0x0A, 0xFE, 0x87, 0x9F, 0xF0, 0x1F, 0xF3, 0x00, 0x4F, 0xF0, 0x1F, 0xF3, 0x00, 0x8F, 0xF0, 0x0B, 0xFF, 0xDE, 0xFF, 0xF0, 0x01, 0xAE, 0xFC, 0x4D, 0xD2, 0x0D, 0x00, 0x0B, 0x00, 0x0B, 0x00, 0x01, 0x00, 0x0C, 0x00, 0x06, 0x00, 
  0x00, 0x02, 0xED, 0x02, 0xED, 0x00, 0x00, 0x0B, 0xF4, 0x0B, 0xF4, 0x00, 0x00, 0x7F, 0x90, 0x7F, 0x90, 0x00, 0x03, 0xFE, 0x13, 0xFE, 0x10, 0x00, 0x1D, 0xF6, 0x1D, 0xF6, 0x00, 0x00, 0x7F, 0xE0, 0x7F, 0xE0, 0x00, 0x00, 0x1D, 0xF6, 0x1D, 0xF6, 
  0x00, 0x00, 0x03, 0xFE, 0x13, 0xFE, 0x10, 0x00, 0x00, 0x7F, 0x90, 0x7F, 0x90, 0x00, 0x00, 0x0B, 0xF3, 0x0B, 0xF3, 0x00, 0x00, 0x02, 0xED, 0x02, 0xED, 0x00, 0x0F, 0x00, 0x0C, 0x00, 0x06, 0x00, 0x01, 0x00, 0x0E, 0x00, 0x06, 0x00, 0x6F, 0xFF, 
  0xFF, 0xFF, 0xFF, 0xF9, 0x6F, 0xFF, 0xFF, 0xFF, 0xFF, 0xF9, 0x12, 0x22, 0x22, 0x22, 0x2D, 0xF9, 0x00, 0x00, 0x00, 0x00, 0x0D, 0xF9, 0x00, 0x00, 0x00, 0x00, 0x0D, 0xF9, 0x00, 0x00, 0x00, 0x00, 0x0D, 0xF9, 0x07, 0x00, 0x07, 0x00, 0x02, 0x00, 
  0x00, 0x00, 0x10, 0x00, 0x04, 0x00, 0x7F, 0xFF, 0xFF, 0xD0, 0x7F, 0xFF, 0xFF, 0xD0, 0x15, 0x00, 0x13, 0x00, 0x13, 0x00, 0x01, 0x00, 0x06, 0x00, 0x0A, 0x00, 0x00, 0x00, 0x02, 0x8C, 0xEF, 0xEC, 0x71, 0x00, 0x00, 0x00, 0x00, 0x01, 0x9F, 0xFC, 
  0xA9, 0xAD, 0xFF, 0x70, 0x00, 0x00, 0x00, 0x1D, 0xF9, 0x20, 0x00, 0x00, 0x3B, 0xFB, 0x10, 0x00, 0x01, 0xCE, 0x40, 0x00, 0x00, 0x00, 0x00, 0x7F, 0xB0, 0x00, 0x08, 0xF4, 0x06, 0xFF, 0xFF, 0xEA, 0x20, 0x07, 0xF6, 0x00, 0x2F, 0x90, 0x06, 0xFC, 
  0x9A, 0xCF, 0xE1, 0x00, 0xCE, 0x00, 0x7F, 0x20, 0x06, 0xF7, 0x00, 0x08, 0xF6, 0x00, 0x5F, 0x40, 0xBC, 0x00, 0x06, 0xF7, 0x00, 0x06, 0xF7, 0x00, 0x0F, 0x80, 0xDA, 0x00, 0x06, 0xF7, 0x00, 0x3C, 0xF3, 0x00, 0x0C, 0xB0, 0xD9, 0x00, 0x06, 0xFF, 
  0xFF, 0xFF, 0x60, 0x00, 0x0B, 0xB0, 0xDA, 0x00, 0x06, 0xFD, 0xBB, 0xCF, 0xB0, 0x00, 0x0C, 0xB0, 0xBC, 0x00, 0x06, 0xF7, 0x00, 0x0A, 0xF5, 0x00, 0x0F, 0x80, 0x7F, 0x20, 0x06, 0xF7, 0x00, 0x06, 0xF7, 0x00, 0x5F, 0x40, 0x1F, 0xA0, 0x06, 0xF7, 
  0x00, 0x06, 0xF7, 0x00, 0xCD, 0x00, 0x08, 0xF5, 0x06, 0xF7, 0x00, 0x05, 0xF8, 0x07, 0xF6, 0x00, 0x01, 0xCE, 0x40, 0x00, 0x00, 0x00, 0x00, 0x7F, 0xA0, 0x00, 0x00, 0x1C, 0xF9, 0x20, 0x00, 0x00, 0x3B, 0xFB, 0x10, 0x00, 0x00, 0x01, 0x9F, 0xFC, 
  0x99, 0xAD, 0xFF, 0x70, 0x00, 0x00, 0x00, 0x00, 0x02, 0x8C, 0xFF, 0xEC, 0x71, 0x00, 0x00, 0x00, 0x0C, 0x00, 0x0A, 0x00, 0x02, 0x00, 0x01, 0x00, 0x06, 0x00, 0x05, 0x00, 0x4F, 0xFF, 0xFF, 0xFF, 0xF9, 0x3D, 0xDD, 0xDD, 0xDD, 0xD8, 0x0A, 0x00, 
  0x08, 0x00, 0x07, 0x00, 0x01, 0x00, 0x06, 0x00, 0x04, 0x00, 0x01, 0x9E, 0xFA, 0x10, 0x0B, 0xFC, 0xBF, 0xC0, 0x2F, 0xA0, 0x07, 0xF4, 0x4F, 0x60, 0x04, 0xF6, 0x1F, 0xC2, 0x1A, 0xF3, 0x07, 0xFF, 0xFF, 0x90, 0x00, 0x49, 0xA5, 0x00, 0x0E, 0x00, 
  0x0D, 0x00, 0x11, 0x00, 0x01, 0x00, 0x08, 0x00, 0x07, 0x00, 0x00, 0x00, 0x05, 0x75, 0x00, 0x00, 0x00, 0x00, 0x00, 0x09, 0xF9, 0x00, 0x00, 0x00, 0x00, 0x00, 0x09, 0xF9, 0x00, 0x00, 0x00, 0x00, 0x00, 0x09, 0xF9, 0x00, 0x00, 0x00, 0x00, 0x00, 
  0x09, 0xF9, 0x00, 0x00, 0x00, 0x00, 0x00, 0x09, 0xF9, 0x00, 0x00, 0x00, 0xBF, 0xFF, 0xFF, 0xFF, 0xFF, 0xFF, 0x60, 0xBF, 0xFF, 0xFF, 0xFF, 0xFF, 0xFF, 0x60, 0x00, 0x00, 0x09, 0xF9, 0x00, 0x00, 0x00, 0x00, 0x00, 0x09, 0xF9, 0x00, 0x00, 0x00, 
  0x00, 0x00, 0x09, 0xF9, 0x00, 0x00, 0x00, 0x00, 0x00, 0x09, 0xF9, 0x00, 0x00, 0x00, 0x00, 0x00, 0x09, 0xF9, 0x00, 0x00, 0x00, 0x00, 0x00, 0x02, 0x42, 0x00, 0x00, 0x00, 0x00, 0x00, 0x00, 0x00, 0x00, 0x00, 0x00, 0x4F, 0xFF, 0xFF, 0xFF, 0xFF, 
  0xFB, 0x00, 0x4F, 0xFF, 0xFF, 0xFF, 0xFF, 0xFB, 0x00, 0x0A, 0x00, 0x09, 0x00, 0x0A, 0x00, 0x00, 0x00, 0x06, 0x00, 0x05, 0x00, 0x00, 0x5C, 0xFF, 0xB4, 0x00, 0x07, 0xFF, 0xBC, 0xFF, 0x30, 0x0E, 0xF4, 0x00, 0x9F, 0x90, 0x17, 0x70, 0x00, 0x9F, 
  0x80, 0x00, 0x00, 0x05, 0xFE, 0x20, 0x00, 0x00, 0x6F, 0xE4, 0x00, 0x00, 0x07, 0xFE, 0x30, 0x00, 0x00, 0x9F, 0xB1, 0x00, 0x00, 0x0A, 0xFF, 0xBB, 0xBB, 0xB0, 0x0D, 0xFF, 0xFF, 0xFF, 0xF0, 0x0A, 0x00, 0x09, 0x00, 0x0A, 0x00, 0x00, 0x00, 0x06, 
  0x00, 0x05, 0x00, 0x00, 0x7D, 0xFF, 0xC5, 0x00, 0x09, 0xFE, 0xBC, 0xFF, 0x50, 0x0B, 0xB3, 0x00, 0x7F, 0x90, 0x00, 0x00, 0x01, 0xBF, 0x60, 0x00, 0x07, 0xFF, 0xF7, 0x00, 0x00, 0x04, 0x79, 0xEE, 0x40, 0x00, 0x00, 0x00, 0x5F, 0xB0, 0x1D, 0xD2, 
  0x00, 0x6F, 0xC0, 0x0B, 0xFE, 0xBC, 0xFF, 0x60, 0x01, 0x8D, 0xFF, 0xB5, 0x00, 0x08, 0x00, 0x07, 0x00, 0x04, 0x00, 0x01, 0x00, 0x05, 0x00, 0x04, 0x00, 0x00, 0x3F, 0xFA, 0x00, 0x01, 0xDF, 0xB0, 0x00, 0x0A, 0xFD, 0x10, 0x00, 0x2B, 0xD2, 0x00, 
  0x00, 0x0F, 0x00, 0x0D, 0x00, 0x14, 0x00, 0x01, 0x00, 0x0A, 0x00, 0x07, 0x00, 0x2F, 0xF6, 0x00, 0x00, 0x06, 0xFF, 0x20, 0x2F, 0xF6, 0x00, 0x00, 0x06, 0xFF, 0x20, 0x2F, 0xF6, 0x00, 0x00, 0x06, 0xFF, 0x20, 0x2F, 0xF6, 0x00, 0x00, 0x06, 0xFF, 
  0x20, 0x2F, 0xF6, 0x00, 0x00, 0x06, 0xFF, 0x20, 0x2F, 0xF6, 0x00, 0x00, 0x06, 0xFF, 0x20, 0x2F, 0xF6, 0x00, 0x00, 0x06, 0xFF, 0x20, 0x2F, 0xF6, 0x00, 0x00, 0x06, 0xFF, 0x20, 0x2F, 0xF6, 0x00, 0x00, 0x06, 0xFF, 0x20, 0x2F, 0xF6, 0x00, 0x00, 
  0x06, 0xFF, 0x20, 0x2F, 0xF7, 0x00, 0x00, 0x06, 0xFF, 0x20, 0x2F, 0xFC, 0x00, 0x00, 0x09, 0xFF, 0x20, 0x2F, 0xFF, 0x81, 0x02, 0x9F, 0xFF, 0x20, 0x2F, 0xFF, 0xFF, 0xFF, 0xFA, 0xFF, 0x20, 0x2F, 0xF9, 0xBE, 0xFD, 0x61, 0x99, 0x10, 0x2F, 0xF6, 
  0x00, 0x00, 0x00, 0x00, 0x00, 0x2F, 0xF6, 0x00, 0x00, 0x00, 0x00, 0x00, 0x2F, 0xF6, 0x00, 0x00, 0x00, 0x00, 0x00, 0x2F, 0xF6, 0x00, 0x00, 0x00, 0x00, 0x00, 0x2F, 0xF6, 0x00, 0x00, 0x00, 0x00, 0x00, 0x0D, 0x00, 0x0B, 0x00, 0x13, 0x00, 0x00, 
  0x00, 0x06, 0x00, 0x06, 0x00, 0x00, 0x01, 0x8C, 0xFF, 0xFF, 0xD0, 0x00, 0x5E, 0xFF, 0xFF, 0xFF, 0xD0, 0x03, 0xFF, 0xFF, 0xFF, 0xFF, 0xD0, 0x0B, 0xFF, 0xFF, 0xFF, 0xFF, 0xD0, 0x1F, 0xFF, 0xFF, 0xFF, 0xFF, 0xD0, 0x3F, 0xFF, 0xFF, 0xFF, 0xFF, 
  0xD0, 0x3F, 0xFF, 0xFF, 0xFF, 0xFF, 0xD0, 0x1F, 0xFF, 0xFF, 0xFF, 0xFF, 0xD0, 0x0C, 0xFF, 0xFF, 0xFF, 0xFF, 0xD0, 0x05, 0xFF, 0xFF, 0xFF, 0xFF, 0xD0, 0x00, 0x8F, 0xFF, 0xFF, 0xFF, 0xD0, 0x00, 0x04, 0xBF, 0xFF, 0xFF, 0xD0, 0x00, 0x00, 0x01, 
  0x34, 0xBF, 0xD0, 0x00, 0x00, 0x00, 0x00, 0x9F, 0xD0, 0x00, 0x00, 0x00, 0x00, 0x9F, 0xD0, 0x00, 0x00, 0x00, 0x00, 0x9F, 0xD0, 0x00, 0x00, 0x00, 0x00, 0x9F, 0xD0, 0x00, 0x00, 0x00, 0x00, 0x9F, 0xD0, 0x00, 0x00, 0x00, 0x00, 0x9F, 0xD0, 0x07, 
  0x00, 0x04, 0x00, 0x03, 0x00, 0x01, 0x00, 0x0E, 0x00, 0x02, 0x00, 0x0B, 0xF8, 0x1F, 0xFE, 0x09, 0xD7, 0x07, 0x00, 0x05, 0x00, 0x05, 0x00, 0x01, 0x00, 0x19, 0x00, 0x03, 0x00, 0x0E, 0xD3, 0x00, 0x2B, 0xEF, 0x70, 0x00, 0x3F, 0xB0, 0x17, 0xCF, 
  0x80, 0x4F, 0xC7, 0x00, 0x0A, 0x00, 0x06, 0x00, 0x0A, 0x00, 0x01, 0x00, 0x06, 0x00, 0x03, 0x00, 0x03, 0x69, 0xC9, 0x6F, 0xFF, 0xF9, 0x47, 0x48, 0xF9, 0x00, 0x07, 0xF9, 0x00, 0x07, 0xF9, 0x00, 0x07, 0xF9, 0x00, 0x07, 0xF9, 0x00, 0x07, 0xF9, 
  0x00, 0x07, 0xF9, 0x00, 0x07, 0xF9, 0x0C, 0x00, 0x0A, 0x00, 0x0A, 0x00, 0x01, 0x00, 0x06, 0x00, 0x05, 0x00, 0x00, 0x5C, 0xFF, 0xC5, 0x00, 0x08, 0xFF, 0xEE, 0xFF, 0x70, 0x2F, 0xF6, 0x00, 0x6F, 0xF2, 0x7F, 0xB0, 0x00, 0x0C, 0xF6, 0x7F, 0x90, 
  0x00, 0x09, 0xF7, 0x7F, 0x90, 0x00, 0x09, 0xF7, 0x7F, 0xB0, 0x00, 0x0C, 0xF6, 0x2F, 0xF5, 0x00, 0x5F, 0xF2, 0x08, 0xFF, 0xEE, 0xFF, 0x70, 0x00, 0x5C, 0xFF, 0xC5, 0x00, 0x0D, 0x00, 0x0B, 0x00, 0x0B, 0x00, 0x01, 0x00, 0x0C, 0x00, 0x06, 0x00, 
  0x8F, 0x60, 0x08, 0xF6, 0x00, 0x00, 0x0D, 0xF3, 0x00, 0xDF, 0x30, 0x00, 0x04, 0xFC, 0x00, 0x4F, 0xC0, 0x00, 0x00, 0xAF, 0x90, 0x0A, 0xF9, 0x00, 0x00, 0x1E, 0xF5, 0x01, 0xEF, 0x50, 0x00, 0x09, 0xFD, 0x00, 0x9F, 0xD0, 0x00, 0x1E, 0xF5, 0x01, 
  0xEF, 0x50, 0x00, 0xAF, 0x90, 0x0A, 0xF9, 0x00, 0x04, 0xFC, 0x00, 0x4F, 0xC0, 0x00, 0x0D, 0xF3, 0x00, 0xDF, 0x30, 0x00, 0x8F, 0x60, 0x08, 0xF6, 0x00, 0x00, 0x14, 0x00, 0x13, 0x00, 0x13, 0x00, 0x01, 0x00, 0x06, 0x00, 0x0A, 0x00, 0x00, 0x03, 
  0xA7, 0x00, 0x00, 0x00, 0x00, 0x00, 0x00, 0x00, 0x06, 0xCF, 0xF7, 0x00, 0x00, 0x00, 0x00, 0x00, 0x00, 0x00, 0x6F, 0xFF, 0xF7, 0x00, 0x00, 0x00, 0x3B, 0x20, 0x00, 0x00, 0x47, 0x37, 0xF7, 0x00, 0x00, 0x00, 0xBF, 0x20, 0x00, 0x00, 0x00, 0x07, 
  0xF7, 0x00, 0x00, 0x06, 0xF8, 0x00, 0x00, 0x00, 0x00, 0x07, 0xF7, 0x00, 0x00, 0x1E, 0xD0, 0x00, 0x00, 0x00, 0x00, 0x07, 0xF7, 0x00, 0x00, 0xAF, 0x40, 0x00, 0x00, 0x00, 0x00, 0x07, 0xF7, 0x00, 0x04, 0xFA, 0x00, 0x00, 0x00, 0x00, 0x00, 0x07, 
  0xF7, 0x00, 0x0D, 0xE1, 0x00, 0xAF, 0xD0, 0x00, 0x00, 0x07, 0xF7, 0x00, 0x7F, 0x60, 0x05, 0xFF, 0xD0, 0x00, 0x00, 0x07, 0xF7, 0x02, 0xFC, 0x00, 0x1E, 0xFF, 0xD0, 0x00, 0x00, 0x00, 0x00, 0x0B, 0xF3, 0x00, 0xAF, 0x8F, 0xD0, 0x00, 0x00, 0x00, 
  0x00, 0x5F, 0x80, 0x05, 0xF9, 0x4F, 0xD0, 0x00, 0x00, 0x00, 0x01, 0xED, 0x10, 0x1E, 0xC0, 0x4F, 0xD0, 0x00, 0x00, 0x00, 0x09, 0xF5, 0x00, 0xBF, 0x30, 0x4F, 0xD0, 0x00, 0x00, 0x00, 0x3F, 0xB0, 0x03, 0xFF, 0xFF, 0xFF, 0xFF, 0x40, 0x00, 0x00, 
  0xCF, 0x20, 0x03, 0xBB, 0xBB, 0xCF, 0xFB, 0x30, 0x00, 0x01, 0x97, 0x00, 0x00, 0x00, 0x00, 0x4F, 0xD0, 0x00, 0x00, 0x00, 0x00, 0x00, 0x00, 0x00, 0x00, 0x4F, 0xD0, 0x00, 0x15, 0x00, 0x14, 0x00, 0x13, 0x00, 0x00, 0x00, 0x06, 0x00, 0x0A, 0x00, 
  0x00, 0x03, 0xA7, 0x00, 0x00, 0x00, 0x00, 0x00, 0x00, 0x00, 0x06, 0xCF, 0xF7, 0x00, 0x00, 0x00, 0x00, 0x00, 0x00, 0x00, 0x6F, 0xFF, 0xF7, 0x00, 0x00, 0x00, 0x3B, 0x20, 0x00, 0x00, 0x47, 0x37, 0xF7, 0x00, 0x00, 0x00, 0xBF, 0x20, 0x00, 0x00, 
  0x00, 0x07, 0xF7, 0x00, 0x00, 0x06, 0xF8, 0x00, 0x00, 0x00, 0x00, 0x07, 0xF7, 0x00, 0x00, 0x1E, 0xD0, 0x00, 0x00, 0x00, 0x00, 0x07, 0xF7, 0x00, 0x00, 0xAF, 0x40, 0x00, 0x00, 0x00, 0x00, 0x07, 0xF7, 0x00, 0x04, 0xFA, 0x00, 0x00, 0x00, 0x00, 
  0x00, 0x07, 0xF7, 0x00, 0x0D, 0xE1, 0x05, 0xCF, 0xFB, 0x30, 0x00, 0x07, 0xF7, 0x00, 0x7F, 0x60, 0x7F, 0xFB, 0xCF, 0xE2, 0x00, 0x07, 0xF7, 0x02, 0xFC, 0x00, 0xEF, 0x40, 0x0A, 0xF8, 0x00, 0x00, 0x00, 0x0B, 0xF3, 0x01, 0x77, 0x00, 0x08, 0xF9, 
  0x00, 0x00, 0x00, 0x5F, 0x80, 0x00, 0x00, 0x00, 0x1D, 0xF5, 0x00, 0x00, 0x01, 0xED, 0x10, 0x00, 0x00, 0x00, 0xAF, 0xC0, 0x00, 0x00, 0x09, 0xF5, 0x00, 0x00, 0x00, 0x0A, 0xFD, 0x10, 0x00, 0x00, 0x3F, 0xB0, 0x00, 0x00, 0x00, 0xAF, 0xC1, 0x00, 
  0x00, 0x00, 0xCF, 0x20, 0x00, 0x00, 0x1B, 0xFA, 0x10, 0x00, 0x00, 0x01, 0x97, 0x00, 0x00, 0x00, 0xBF, 0xFB, 0xBB, 0xBB, 0x00, 0x00, 0x00, 0x00, 0x00, 0x00, 0xDF, 0xFF, 0xFF, 0xFF, 0x15, 0x00, 0x14, 0x00, 0x13, 0x00, 0x01, 0x00, 0x06, 0x00, 
  0x0A, 0x00, 0x00, 0x7D, 0xFF, 0xB5, 0x00, 0x00, 0x00, 0x00, 0x00, 0x00, 0x0A, 0xFE, 0xBC, 0xFF, 0x40, 0x00, 0x00, 0x00, 0x00, 0x00, 0x0B, 0xB2, 0x00, 0x9F, 0x90, 0x00, 0x03, 0xB2, 0x00, 0x00, 0x00, 0x00, 0x02, 0xBF, 0x60, 0x00, 0x0B, 0xF2, 
  0x00, 0x00, 0x00, 0x07, 0xFF, 0xF7, 0x00, 0x00, 0x6F, 0x80, 0x00, 0x00, 0x00, 0x04, 0x7A, 0xFE, 0x20, 0x01, 0xED, 0x00, 0x00, 0x00, 0x00, 0x00, 0x00, 0x8F, 0xA0, 0x0A, 0xF4, 0x00, 0x00, 0x00, 0x17, 0x70, 0x00, 0x4F, 0xB0, 0x4F, 0xA0, 0x00, 
  0x00, 0x00, 0x1F, 0xF3, 0x00, 0x9F, 0xA0, 0xDE, 0x10, 0x0A, 0xFD, 0x00, 0x09, 0xFF, 0xBC, 0xFE, 0x37, 0xF6, 0x00, 0x5F, 0xFD, 0x00, 0x00, 0x7D, 0xFE, 0xB3, 0x2F, 0xC0, 0x01, 0xEF, 0xFD, 0x00, 0x00, 0x00, 0x00, 0x00, 0xBF, 0x30, 0x0A, 0xF8, 
  0xFD, 0x00, 0x00, 0x00, 0x00, 0x05, 0xF8, 0x00, 0x5F, 0x94, 0xFD, 0x00, 0x00, 0x00, 0x00, 0x1E, 0xD1, 0x01, 0xEC, 0x04, 0xFD, 0x00, 0x00, 0x00, 0x00, 0x9F, 0x50, 0x0B, 0xF3, 0x04, 0xFD, 0x00, 0x00, 0x00, 0x03, 0xFB, 0x00, 0x3F, 0xFF, 0xFF, 
  0xFF, 0xF4, 0x00, 0x00, 0x0C, 0xF2, 0x00, 0x3B, 0xBB, 0xBC, 0xFF, 0xB3, 0x00, 0x00, 0x19, 0x70, 0x00, 0x00, 0x00, 0x04, 0xFD, 0x00, 0x00, 0x00, 0x00, 0x00, 0x00, 0x00, 0x00, 0x04, 0xFD, 0x00, 0x0D, 0x00, 0x0B, 0x00, 0x14, 0x00, 0x01, 0x00, 
  0x0A, 0x00, 0x06, 0x00, 0x00, 0x00, 0x8F, 0x90, 0x00, 0x00, 0x00, 0x00, 0xDF, 0xF0, 0x00, 0x00, 0x00, 0x00, 0x6B, 0x60, 0x00, 0x00, 0x00, 0x00, 0x00, 0x00, 0x00, 0x00, 0x00, 0x00, 0x00, 0x00, 0x00, 0x00, 0x00, 0x00, 0x36, 0x50, 0x00, 0x00, 
  0x00, 0x00, 0x9F, 0xC0, 0x00, 0x00, 0x00, 0x00, 0xCF, 0xA0, 0x00, 0x00, 0x00, 0x05, 0xFF, 0x50, 0x00, 0x00, 0x00, 0x3E, 0xFB, 0x00, 0x00, 0x00, 0x03, 0xEF, 0xD1, 0x00, 0x00, 0x00, 0x0D, 0xFE, 0x20, 0x00, 0x00, 0x00, 0x7F, 0xF3, 0x00, 0x00, 
  0x00, 0x00, 0xCF, 0xA0, 0x00, 0x00, 0x00, 0x00, 0xFF, 0x70, 0x00, 0x00, 0x00, 0x00, 0xFF, 0x80, 0x00, 0x00, 0x8D, 0xA0, 0xCF, 0xC0, 0x00, 0x01, 0xEF, 0xA0, 0x6F, 0xFA, 0x32, 0x4C, 0xFF, 0x30, 0x0A, 0xFF, 0xFF, 0xFF, 0xF7, 0x00, 0x00, 0x6B, 
  0xEF, 0xEA, 0x30, 0x00, 0x12, 0x00, 0x12, 0x00, 0x19, 0x00, 0x00, 0x00, 0x00, 0x00, 0x09, 0x00, 0x00, 0x00, 0x1C, 0xFE, 0x20, 0x00, 0x00, 0x00, 0x00, 0x00, 0x00, 0x01, 0xDF, 0xB0, 0x00, 0x00, 0x00, 0x00, 0x00, 0x00, 0x00, 0x3E, 0xF8, 0x00, 
  0x00, 0x00, 0x00, 0x00, 0x00, 0x00, 0x04, 0xEA, 0x10, 0x00, 0x00, 0x00, 0x00, 0x00, 0x00, 0x00, 0x00, 0x00, 0x00, 0x00, 0x00, 0x00, 0x00, 0x00, 0x00, 0x00, 0x00, 0x00, 0x00, 0x00, 0x00, 0x00, 0x00, 0x04, 0xFF, 0x40, 0x00, 0x00, 0x00, 0x00, 
  0x00, 0x00, 0x0A, 0xFF, 0xA0, 0x00, 0x00, 0x00, 0x00, 0x00, 0x00, 0x1F, 0xFF, 0xF1, 0x00, 0x00, 0x00, 0x00, 0x00, 0x00, 0x7F, 0xDD, 0xF7, 0x00, 0x00, 0x00, 0x00, 0x00, 0x00, 0xDF, 0x77, 0xFD, 0x00, 0x00, 0x00, 0x00, 0x00, 0x03, 0xFF, 0x22, 
  0xFF, 0x30, 0x00, 0x00, 0x00, 0x00, 0x09, 0xFB, 0x00, 0xBF, 0x90, 0x00, 0x00, 0x00, 0x00, 0x1E, 0xF6, 0x00, 0x6F, 0xE1, 0x00, 0x00, 0x00, 0x00, 0x6F, 0xF1, 0x00, 0x1F, 0xF6, 0x00, 0x00, 0x00, 0x00, 0xCF, 0xA0, 0x00, 0x0A, 0xFC, 0x00, 0x00, 
  0x00, 0x02, 0xFF, 0x40, 0x00, 0x04, 0xFF, 0x20, 0x00, 0x00, 0x08, 0xFE, 0x00, 0x00, 0x00, 0xEF, 0x80, 0x00, 0x00, 0x0E, 0xFF, 0xFF, 0xFF, 0xFF, 0xFF, 0xE0, 0x00, 0x00, 0x5F, 0xFF, 0xFF, 0xFF, 0xFF, 0xFF, 0xF5, 0x00, 0x00, 0xBF, 0xC2, 0x22, 
  0x22, 0x22, 0x2C, 0xFB, 0x00, 0x02, 0xFF, 0x70, 0x00, 0x00, 0x00, 0x07, 0xFF, 0x20, 0x07, 0xFF, 0x10, 0x00, 0x00, 0x00, 0x01, 0xFF, 0x70, 0x0D, 0xFB, 0x00, 0x00, 0x00, 0x00, 0x00, 0xBF, 0xD0, 0x4F, 0xF5, 0x00, 0x00, 0x00, 0x00, 0x00, 0x5F, 
  0xF4, 0x12, 0x00, 0x12, 0x00, 0x19, 0x00, 0x00, 0x00, 0x00, 0x00, 0x09, 0x00, 0x00, 0x00, 0x00, 0x00, 0x03, 0xFF, 0xA0, 0x00, 0x00, 0x00, 0x00, 0x00, 0x00, 0x1D, 0xFB, 0x00, 0x00, 0x00, 0x00, 0x00, 0x00, 0x00, 0xAF, 0xD1, 0x00, 0x00, 0x00, 
  0x00, 0x00, 0x00, 0x02, 0xBD, 0x20, 0x00, 0x00, 0x00, 0x00, 0x00, 0x00, 0x00, 0x00, 0x00, 0x00, 0x00, 0x00, 0x00, 0x00, 0x00, 0x00, 0x00, 0x00, 0x00, 0x00, 0x00, 0x00, 0x00, 0x00, 0x04, 0xFF, 0x40, 0x00, 0x00, 0x00, 0x00, 0x00, 0x00, 0x0A, 
  0xFF, 0xA0, 0x00, 0x00, 0x00, 0x00, 0x00, 0x00, 0x1F, 0xFF, 0xF1, 0x00, 0x00, 0x00, 0x00, 0x00, 0x00, 0x7F, 0xDD, 0xF7, 0x00, 0x00, 0x00, 0x00, 0x00, 0x00, 0xDF, 0x77, 0xFD, 0x00, 0x00, 0x00, 0x00, 0x00, 0x03, 0xFF, 0x22, 0xFF, 0x30, 0x00, 
  0x00, 0x00, 0x00, 0x09, 0xFB, 0x00, 0xBF, 0x90, 0x00, 0x00, 0x00, 0x00, 0x1E, 0xF6, 0x00, 0x6F, 0xE1, 0x00, 0x00, 0x00, 0x00, 0x6F, 0xF1, 0x00, 0x1F, 0xF6, 0x00, 0x00, 0x00, 0x00, 0xCF, 0xA0, 0x00, 0x0A, 0xFC, 0x00, 0x00, 0x00, 0x02, 0xFF, 
  0x40, 0x00, 0x04, 0xFF, 0x20, 0x00, 0x00, 0x08, 0xFE, 0x00, 0x00, 0x00, 0xEF, 0x80, 0x00, 0x00, 0x0E, 0xFF, 0xFF, 0xFF, 0xFF, 0xFF, 0xE0, 0x00, 0x00, 0x5F, 0xFF, 0xFF, 0xFF, 0xFF, 0xFF, 0xF5, 0x00, 0x00, 0xBF, 0xC2, 0x22, 0x22, 0x22, 0x2C, 
  0xFB, 0x00, 0x02, 0xFF, 0x70, 0x00, 0x00, 0x00, 0x07, 0xFF, 0x20, 0x07, 0xFF, 0x10, 0x00, 0x00, 0x00, 0x01, 0xFF, 0x70, 0x0D, 0xFB, 0x00, 0x00, 0x00, 0x00, 0x00, 0xBF, 0xD0, 0x4F, 0xF5, 0x00, 0x00, 0x00, 0x00, 0x00, 0x5F, 0xF4, 0x12, 0x00, 
  0x12, 0x00, 0x19, 0x00, 0x00, 0x00, 0x00, 0x00, 0x09, 0x00, 0x00, 0x00, 0x00, 0x02, 0xEF, 0x70, 0x00, 0x00, 0x00, 0x00, 0x00, 0x00, 0x1D, 0xFD, 0xF7, 0x00, 0x00, 0x00, 0x00, 0x00, 0x01, 0xDF, 0x72, 0xEF, 0x50, 0x00, 0x00, 0x00, 0x00, 0x06, 
  0xCA, 0x00, 0x4E, 0xA1, 0x00, 0x00, 0x00, 0x00, 0x00, 0x00, 0x00, 0x00, 0x00, 0x00, 0x00, 0x00, 0x00, 0x00, 0x00, 0x00, 0x00, 0x00, 0x00, 0x00, 0x00, 0x00, 0x00, 0x04, 0xFF, 0x40, 0x00, 0x00, 0x00, 0x00, 0x00, 0x00, 0x0A, 0xFF, 0xA0, 0x00, 
  0x00, 0x00, 0x00, 0x00, 0x00, 0x1F, 0xFF, 0xF1, 0x00, 0x00, 0x00, 0x00, 0x00, 0x00, 0x7F, 0xDD, 0xF7, 0x00, 0x00, 0x00, 0x00, 0x00, 0x00, 0xDF, 0x77, 0xFD, 0x00, 0x00, 0x00, 0x00, 0x00, 0x03, 0xFF, 0x22, 0xFF, 0x30, 0x00, 0x00, 0x00, 0x00, 
  0x09, 0xFB, 0x00, 0xBF, 0x90, 0x00, 0x00, 0x00, 0x00, 0x1E, 0xF6, 0x00, 0x6F, 0xE1, 0x00, 0x00, 0x00, 0x00, 0x6F, 0xF1, 0x00, 0x1F, 0xF6, 0x00, 0x00, 0x00, 0x00, 0xCF, 0xA0, 0x00, 0x0A, 0xFC, 0x00, 0x00, 0x00, 0x02, 0xFF, 0x40, 0x00, 0x04, 
  0xFF, 0x20, 0x00, 0x00, 0x08, 0xFE, 0x00, 0x00, 0x00, 0xEF, 0x80, 0x00, 0x00, 0x0E, 0xFF, 0xFF, 0xFF, 0xFF, 0xFF, 0xE0, 0x00, 0x00, 0x5F, 0xFF, 0xFF, 0xFF, 0xFF, 0xFF, 0xF5, 0x00, 0x00, 0xBF, 0xC2, 0x22, 0x22, 0x22, 0x2C, 0xFB, 0x00, 0x02, 
  0xFF, 0x70, 0x00, 0x00, 0x00, 0x07, 0xFF, 0x20, 0x07, 0xFF, 0x10, 0x00, 0x00, 0x00, 0x01, 0xFF, 0x70, 0x0D, 0xFB, 0x00, 0x00, 0x00, 0x00, 0x00, 0xBF, 0xD0, 0x4F, 0xF5, 0x00, 0x00, 0x00, 0x00, 0x00, 0x5F, 0xF4, 0x12, 0x00, 0x12, 0x00, 0x19, 
  0x00, 0x00, 0x00, 0x00, 0x00, 0x09, 0x00, 0x00, 0x00, 0x00, 0x00, 0x00, 0x00, 0x10, 0x00, 0x00, 0x00, 0x00, 0x03, 0xBD, 0xA4, 0x01, 0xDD, 0x00, 0x00, 0x00, 0x00, 0x1E, 0xFF, 0xFF, 0xEE, 0xF9, 0x00, 0x00, 0x00, 0x00, 0x4F, 0x70, 0x39, 0xEF, 
  0xA1, 0x00, 0x00, 0x00, 0x00, 0x00, 0x00, 0x00, 0x00, 0x00, 0x00, 0x00, 0x00, 0x00, 0x00, 0x00, 0x00, 0x00, 0x00, 0x00, 0x00, 0x00, 0x00, 0x00, 0x04, 0xFF, 0x40, 0x00, 0x00, 0x00, 0x00, 0x00, 0x00, 0x0A, 0xFF, 0xA0, 0x00, 0x00, 0x00, 0x00, 
  0x00, 0x00, 0x1F, 0xFF, 0xF1, 0x00, 0x00, 0x00, 0x00, 0x00, 0x00, 0x7F, 0xDD, 0xF7, 0x00, 0x00, 0x00, 0x00, 0x00, 0x00, 0xDF, 0x77, 0xFD, 0x00, 0x00, 0x00, 0x00, 0x00, 0x03, 0xFF, 0x22, 0xFF, 0x30, 0x00, 0x00, 0x00, 0x00, 0x09, 0xFB, 0x00, 
  0xBF, 0x90, 0x00, 0x00, 0x00, 0x00, 0x1E, 0xF6, 0x00, 0x6F, 0xE1, 0x00, 0x00, 0x00, 0x00, 0x6F, 0xF1, 0x00, 0x1F, 0xF6, 0x00, 0x00, 0x00, 0x00, 0xCF, 0xA0, 0x00, 0x0A, 0xFC, 0x00, 0x00, 0x00, 0x02, 0xFF, 0x40, 0x00, 0x04, 0xFF, 0x20, 0x00, 
  0x00, 0x08, 0xFE, 0x00, 0x00, 0x00, 0xEF, 0x80, 0x00, 0x00, 0x0E, 0xFF, 0xFF, 0xFF, 0xFF, 0xFF, 0xE0, 0x00, 0x00, 0x5F, 0xFF, 0xFF, 0xFF, 0xFF, 0xFF, 0xF5, 0x00, 0x00, 0xBF, 0xC2, 0x22, 0x22, 0x22, 0x2C, 0xFB, 0x00, 0x02, 0xFF, 0x70, 0x00, 
  0x00, 0x00, 0x07, 0xFF, 0x20, 0x07, 0xFF, 0x10, 0x00, 0x00, 0x00, 0x01, 0xFF, 0x70, 0x0D, 0xFB, 0x00, 0x00, 0x00, 0x00, 0x00, 0xBF, 0xD0, 0x4F, 0xF5, 0x00, 0x00, 0x00, 0x00, 0x00, 0x5F, 0xF4, 0x12, 0x00, 0x12, 0x00, 0x18, 0x00, 0x00, 0x00, 
  0x01, 0x00, 0x09, 0x00, 0x00, 0x00, 0x3B, 0x90, 0x00, 0x6B, 0x50, 0x00, 0x00, 0x00, 0x00, 0x9F, 0xF3, 0x00, 0xFF, 0xD0, 0x00, 0x00, 0x00, 0x00, 0x5F, 0xC0, 0x00, 0xAF, 0x80, 0x00, 0x00, 0x00, 0x00, 0x00, 0x00, 0x00, 0x00, 0x00, 0x00, 0x00, 
  0x00, 0x00, 0x00, 0x00, 0x00, 0x00, 0x00, 0x00, 0x00, 0x00, 0x00, 0x00, 0x04, 0xFF, 0x40, 0x00, 0x00, 0x00, 0x00, 0x00, 0x00, 0x0A, 0xFF, 0xA0, 0x00, 0x00, 0x00, 0x00, 0x00, 0x00, 0x1F, 0xFF, 0xF1, 0x00, 0x00, 0x00, 0x00, 0x00, 0x00, 0x7F, 
  0xDD, 0xF7, 0x00, 0x00, 0x00, 0x00, 0x00, 0x00, 0xDF, 0x77, 0xFD, 0x00, 0x00, 0x00, 0x00, 0x00, 0x03, 0xFF, 0x22, 0xFF, 0x30, 0x00, 0x00, 0x00, 0x00, 0x09, 0xFB, 0x00, 0xBF, 0x90, 0x00, 0x00, 0x00, 0x00, 0x1E, 0xF6, 0x00, 0x6F, 0xE1, 0x00, 
  0x00, 0x00, 0x00, 0x6F, 0xF1, 0x00, 0x1F, 0xF6, 0x00, 0x00, 0x00, 0x00, 0xCF, 0xA0, 0x00, 0x0A, 0xFC, 0x00, 0x00, 0x00, 0x02, 0xFF, 0x40, 0x00, 0x04, 0xFF, 0x20, 0x00, 0x00, 0x08, 0xFE, 0x00, 0x00, 0x00, 0xEF, 0x80, 0x00, 0x00, 0x0E, 0xFF, 
  0xFF, 0xFF, 0xFF, 0xFF, 0xE0, 0x00, 0x00, 0x5F, 0xFF, 0xFF, 0xFF, 0xFF, 0xFF, 0xF5, 0x00, 0x00, 0xBF, 0xC2, 0x22, 0x22, 0x22, 0x2C, 0xFB, 0x00, 0x02, 0xFF, 0x70, 0x00, 0x00, 0x00, 0x07, 0xFF, 0x20, 0x07, 0xFF, 0x10, 0x00, 0x00, 0x00, 0x01, 
  0xFF, 0x70, 0x0D, 0xFB, 0x00, 0x00, 0x00, 0x00, 0x00, 0xBF, 0xD0, 0x4F, 0xF5, 0x00, 0x00, 0x00, 0x00, 0x00, 0x5F, 0xF4, 0x12, 0x00, 0x12, 0x00, 0x19, 0x00, 0x00, 0x00, 0x00, 0x00, 0x09, 0x00, 0x00, 0x00, 0x00, 0x5D, 0xFC, 0x30, 0x00, 0x00, 
  0x00, 0x00, 0x00, 0x03, 0xF7, 0x49, 0xE1, 0x00, 0x00, 0x00, 0x00, 0x00, 0x06, 0xE0, 0x02, 0xF4, 0x00, 0x00, 0x00, 0x00, 0x00, 0x03, 0xF7, 0x39, 0xE1, 0x00, 0x00, 0x00, 0x00, 0x00, 0x00, 0x5D, 0xFC, 0x30, 0x00, 0x00, 0x00, 0x00, 0x00, 0x00, 
  0x00, 0x00, 0x00, 0x00, 0x00, 0x00, 0x00, 0x00, 0x00, 0x00, 0x00, 0x00, 0x00, 0x00, 0x00, 0x00, 0x00, 0x00, 0x04, 0xFF, 0x40, 0x00, 0x00, 0x00, 0x00, 0x00, 0x00, 0x0A, 0xFF, 0xA0, 0x00, 0x00, 0x00, 0x00, 0x00, 0x00, 0x1F, 0xFF, 0xF1, 0x00, 
  0x00, 0x00, 0x00, 0x00, 0x00, 0x7F, 0xDD, 0xF7, 0x00, 0x00, 0x00, 0x00, 0x00, 0x00, 0xDF, 0x77, 0xFD, 0x00, 0x00, 0x00, 0x00, 0x00, 0x03, 0xFF, 0x22, 0xFF, 0x30, 0x00, 0x00, 0x00, 0x00, 0x09, 0xFB, 0x00, 0xBF, 0x90, 0x00, 0x00, 0x00, 0x00, 
  0x1E, 0xF6, 0x00, 0x6F, 0xE1, 0x00, 0x00, 0x00, 0x00, 0x6F, 0xF1, 0x00, 0x1F, 0xF6, 0x00, 0x00, 0x00, 0x00, 0xCF, 0xA0, 0x00, 0x0A, 0xFC, 0x00, 0x00, 0x00, 0x02, 0xFF, 0x40, 0x00, 0x04, 0xFF, 0x20, 0x00, 0x00, 0x08, 0xFE, 0x00, 0x00, 0x00, 
  0xEF, 0x80, 0x00, 0x00, 0x0E, 0xFF, 0xFF, 0xFF, 0xFF, 0xFF, 0xE0, 0x00, 0x00, 0x5F, 0xFF, 0xFF, 0xFF, 0xFF, 0xFF, 0xF5, 0x00, 0x00, 0xBF, 0xC2, 0x22, 0x22, 0x22, 0x2C, 0xFB, 0x00, 0x02, 0xFF, 0x70, 0x00, 0x00, 0x00, 0x07, 0xFF, 0x20, 0x07, 
  0xFF, 0x10, 0x00, 0x00, 0x00, 0x01, 0xFF, 0x70, 0x0D, 0xFB, 0x00, 0x00, 0x00, 0x00, 0x00, 0xBF, 0xD0, 0x19, 0x00, 0x1A, 0x00, 0x13, 0x00, 0xFF, 0xFF, 0x06, 0x00, 0x0D, 0x00, 0x00, 0x00, 0x00, 0x00, 0x00, 0x00, 0xDF, 0xFF, 0xFF, 0xFF, 0xFF, 
  0xFF, 0xF0, 0x00, 0x00, 0x00, 0x00, 0x00, 0x07, 0xFF, 0xFF, 0xFF, 0xFF, 0xFF, 0xFF, 0xF0, 0x00, 0x00, 0x00, 0x00, 0x00, 0x2F, 0xFE, 0xFD, 0x00, 0x00, 0x00, 0x00, 0x00, 0x00, 0x00, 0x00, 0x00, 0x00, 0xBF, 0xD8, 0xFD, 0x00, 0x00, 0x00, 0x00, 
  0x00, 0x00, 0x00, 0x00, 0x00, 0x05, 0xFF, 0x47, 0xFF, 0x00, 0x00, 0x00, 0x00, 0x00, 0x00, 0x00, 0x00, 0x00, 0x1D, 0xFA, 0x07, 0xFF, 0x00, 0x00, 0x00, 0x00, 0x00, 0x00, 0x00, 0x00, 0x00, 0x8F, 0xF2, 0x06, 0xFF, 0x00, 0x00, 0x00, 0x00, 0x00, 
  0x00, 0x00, 0x00, 0x03, 0xFF, 0x80, 0x06, 0xFF, 0x20, 0x00, 0x00, 0x00, 0x00, 0x00, 0x00, 0x00, 0x0B, 0xFD, 0x00, 0x04, 0xFF, 0xFF, 0xFF, 0xFF, 0xFD, 0x00, 0x00, 0x00, 0x00, 0x6F, 0xF5, 0x00, 0x04, 0xFF, 0xFF, 0xFF, 0xFF, 0xFD, 0x00, 0x00, 
  0x00, 0x01, 0xEF, 0xB0, 0x00, 0x04, 0xFF, 0x40, 0x00, 0x00, 0x00, 0x00, 0x00, 0x00, 0x09, 0xFF, 0x20, 0x00, 0x02, 0xFF, 0x40, 0x00, 0x00, 0x00, 0x00, 0x00, 0x00, 0x3F, 0xFF, 0xFF, 0xFF, 0xFF, 0xFF, 0x40, 0x00, 0x00, 0x00, 0x00, 0x00, 0x00, 
  0xCF, 0xFF, 0xFF, 0xFF, 0xFF, 0xFF, 0x60, 0x00, 0x00, 0x00, 0x00, 0x00, 0x07, 0xFF, 0x74, 0x44, 0x44, 0x44, 0xFF, 0x60, 0x00, 0x00, 0x00, 0x00, 0x00, 0x2E, 0xFC, 0x00, 0x00, 0x00, 0x00, 0xFF, 0x60, 0x00, 0x00, 0x00, 0x00, 0x00, 0xAF, 0xF3, 
  0x00, 0x00, 0x00, 0x00, 0xFF, 0x70, 0x00, 0x00, 0x00, 0x00, 0x04, 0xFF, 0xA0, 0x00, 0x00, 0x00, 0x00, 0xEF, 0xFF, 0xFF, 0xFF, 0xFF, 0xFB, 0x1D, 0xFF, 0x20, 0x00, 0x00, 0x00, 0x00, 0xDF, 0xFF, 0xFF, 0xFF, 0xFF, 0xFB, 0x12, 0x00, 0x10, 0x00, 
  0x18, 0x00, 0x01, 0x00, 0x06, 0x00, 0x08, 0x00, 0x00, 0x00, 0x28, 0xCF, 0xFE, 0xB6, 0x00, 0x00, 0x00, 0x06, 0xFF, 0xFF, 0xFF, 0xFF, 0xC1, 0x00, 0x00, 0x7F, 0xFD, 0x52, 0x23, 0x8F, 0xFD, 0x10, 0x03, 0xFF, 0xB1, 0x00, 0x00, 0x04, 0xFF, 0x80, 
  0x0A, 0xFE, 0x10, 0x00, 0x00, 0x00, 0xBF, 0xE0, 0x1F, 0xF8, 0x00, 0x00, 0x00, 0x00, 0x6F, 0xF3, 0x4F, 0xF5, 0x00, 0x00, 0x00, 0x00, 0x27, 0x73, 0x6F, 0xF2, 0x00, 0x00, 0x00, 0x00, 0x00, 0x00, 0x6F, 0xF2, 0x00, 0x00, 0x00, 0x00, 0x00, 0x00, 
  0x7F, 0xF2, 0x00, 0x00, 0x00, 0x00, 0x00, 0x00, 0x6F, 0xF2, 0x00, 0x00, 0x00, 0x00, 0x00, 0x00, 0x6F, 0xF2, 0x00, 0x00, 0x00, 0x00, 0x00, 0x00, 0x4F, 0xF4, 0x00, 0x00, 0x00, 0x00, 0x16, 0x62, 0x1F, 0xF8, 0x00, 0x00, 0x00, 0x00, 0x6F, 0xF3, 
  0x0B, 0xFE, 0x10, 0x00, 0x00, 0x00, 0xBF, 0xE0, 0x03, 0xFF, 0xA0, 0x00, 0x00, 0x04, 0xFF, 0x70, 0x00, 0x7F, 0xFC, 0x52, 0x23, 0x8F, 0xFC, 0x10, 0x00, 0x07, 0xFF, 0xFF, 0xFF, 0xFF, 0xC1, 0x00, 0x00, 0x00, 0x39, 0xDF, 0xFE, 0xA5, 0x00, 0x00, 
  0x00, 0x00, 0x00, 0x0E, 0xD3, 0x00, 0x00, 0x00, 0x00, 0x00, 0x00, 0x2B, 0xEF, 0x70, 0x00, 0x00, 0x00, 0x00, 0x00, 0x00, 0x3F, 0xB0, 0x00, 0x00, 0x00, 0x00, 0x00, 0x17, 0xCF, 0x80, 0x00, 0x00, 0x00, 0x00, 0x00, 0x4F, 0xC7, 0x00, 0x00, 0x00, 
  0x0F, 0x00, 0x0D, 0x00, 0x19, 0x00, 0x02, 0x00, 0x00, 0x00, 0x07, 0x00, 0x01, 0xCF, 0xE2, 0x00, 0x00, 0x00, 0x00, 0x00, 0x1D, 0xFB, 0x00, 0x00, 0x00, 0x00, 0x00, 0x03, 0xEF, 0x80, 0x00, 0x00, 0x00, 0x00, 0x00, 0x4E, 0xA1, 0x00, 0x00, 0x00, 
  0x00, 0x00, 0x00, 0x00, 0x00, 0x00, 0x00, 0x00, 0x00, 0x00, 0x00, 0x00, 0x00, 0x00, 0xBF, 0xFF, 0xFF, 0xFF, 0xFF, 0xFF, 0x40, 0xBF, 0xFF, 0xFF, 0xFF, 0xFF, 0xFF, 0x40, 0xBF, 0xC2, 0x22, 0x22, 0x22, 0x22, 0x00, 0xBF, 0xB0, 0x00, 0x00, 0x00, 
  0x00, 0x00, 0xBF, 0xB0, 0x00, 0x00, 0x00, 0x00, 0x00, 0xBF, 0xB0, 0x00, 0x00, 0x00, 0x00, 0x00, 0xBF, 0xB0, 0x00, 0x00, 0x00, 0x00, 0x00, 0xBF, 0xB0, 0x00, 0x00, 0x00, 0x00, 0x00, 0xBF, 0xFF, 0xFF, 0xFF, 0xFF, 0xF2, 0x00, 0xBF, 0xFF, 0xFF, 
  0xFF, 0xFF, 0xF2, 0x00, 0xBF, 0xC2, 0x22, 0x22, 0x22, 0x20, 0x00, 0xBF, 0xB0, 0x00, 0x00, 0x00, 0x00, 0x00, 0xBF, 0xB0, 0x00, 0x00, 0x00, 0x00, 0x00, 0xBF, 0xB0, 0x00, 0x00, 0x00, 0x00, 0x00, 0xBF, 0xB0, 0x00, 0x00, 0x00, 0x00, 0x00, 0xBF, 
  0xB0, 0x00, 0x00, 0x00, 0x00, 0x00, 0xBF, 0xC2, 0x22, 0x22, 0x22, 0x22, 0x10, 0xBF, 0xFF, 0xFF, 0xFF, 0xFF, 0xFF, 0x60, 0xBF, 0xFF, 0xFF, 0xFF, 0xFF, 0xFF, 0x60, 0x0F, 0x00, 0x0D, 0x00, 0x19, 0x00, 0x02, 0x00, 0x00, 0x00, 0x07, 0x00, 0x00, 
  0x00, 0x00, 0x3F, 0xFA, 0x00, 0x00, 0x00, 0x00, 0x01, 0xDF, 0xB0, 0x00, 0x00, 0x00, 0x00, 0x0A, 0xFD, 0x10, 0x00, 0x00, 0x00, 0x00, 0x2B, 0xD2, 0x00, 0x00, 0x00, 0x00, 0x00, 0x00, 0x00, 0x00, 0x00, 0x00, 0x00, 0x00, 0x00, 0x00, 0x00, 0x00, 
  0x00, 0xBF, 0xFF, 0xFF, 0xFF, 0xFF, 0xFF, 0x40, 0xBF, 0xFF, 0xFF, 0xFF, 0xFF, 0xFF, 0x40, 0xBF, 0xC2, 0x22, 0x22, 0x22, 0x22, 0x00, 0xBF, 0xB0, 0x00, 0x00, 0x00, 0x00, 0x00, 0xBF, 0xB0, 0x00, 0x00, 0x00, 0x00, 0x00, 0xBF, 0xB0, 0x00, 0x00, 
  0x00, 0x00, 0x00, 0xBF, 0xB0, 0x00, 0x00, 0x00, 0x00, 0x00, 0xBF, 0xB0, 0x00, 0x00, 0x00, 0x00, 0x00, 0xBF, 0xFF, 0xFF, 0xFF, 0xFF, 0xF2, 0x00, 0xBF, 0xFF, 0xFF, 0xFF, 0xFF, 0xF2, 0x00, 0xBF, 0xC2, 0x22, 0x22, 0x22, 0x20, 0x00, 0xBF, 0xB0, 
  0x00, 0x00, 0x00, 0x00, 0x00, 0xBF, 0xB0, 0x00, 0x00, 0x00, 0x00, 0x00, 0xBF, 0xB0, 0x00, 0x00, 0x00, 0x00, 0x00, 0xBF, 0xB0, 0x00, 0x00, 0x00, 0x00, 0x00, 0xBF, 0xB0, 0x00, 0x00, 0x00, 0x00, 0x00, 0xBF, 0xC2, 0x22, 0x22, 0x22, 0x22, 0x10, 
  0xBF, 0xFF, 0xFF, 0xFF, 0xFF, 0xFF, 0x60, 0xBF, 0xFF, 0xFF, 0xFF, 0xFF, 0xFF, 0x60, 0x0F, 0x00, 0x0D, 0x00, 0x19, 0x00, 0x02, 0x00, 0x00, 0x00, 0x07, 0x00, 0x00, 0x00, 0x2E, 0xF7, 0x00, 0x00, 0x00, 0x00, 0x01, 0xDF, 0xDF, 0x70, 0x00, 0x00, 
  0x00, 0x1D, 0xF7, 0x2E, 0xF5, 0x00, 0x00, 0x00, 0x6C, 0xA0, 0x04, 0xEA, 0x10, 0x00, 0x00, 0x00, 0x00, 0x00, 0x00, 0x00, 0x00, 0x00, 0x00, 0x00, 0x00, 0x00, 0x00, 0x00, 0xBF, 0xFF, 0xFF, 0xFF, 0xFF, 0xFF, 0x40, 0xBF, 0xFF, 0xFF, 0xFF, 0xFF, 
  0xFF, 0x40, 0xBF, 0xC2, 0x22, 0x22, 0x22, 0x22, 0x00, 0xBF, 0xB0, 0x00, 0x00, 0x00, 0x00, 0x00, 0xBF, 0xB0, 0x00, 0x00, 0x00, 0x00, 0x00, 0xBF, 0xB0, 0x00, 0x00, 0x00, 0x00, 0x00, 0xBF, 0xB0, 0x00, 0x00, 0x00, 0x00, 0x00, 0xBF, 0xB0, 0x00, 
  0x00, 0x00, 0x00, 0x00, 0xBF, 0xFF, 0xFF, 0xFF, 0xFF, 0xF2, 0x00, 0xBF, 0xFF, 0xFF, 0xFF, 0xFF, 0xF2, 0x00, 0xBF, 0xC2, 0x22, 0x22, 0x22, 0x20, 0x00, 0xBF, 0xB0, 0x00, 0x00, 0x00, 0x00, 0x00, 0xBF, 0xB0, 0x00, 0x00, 0x00, 0x00, 0x00, 0xBF, 
  0xB0, 0x00, 0x00, 0x00, 0x00, 0x00, 0xBF, 0xB0, 0x00, 0x00, 0x00, 0x00, 0x00, 0xBF, 0xB0, 0x00, 0x00, 0x00, 0x00, 0x00, 0xBF, 0xC2, 0x22, 0x22, 0x22, 0x22, 0x10, 0xBF, 0xFF, 0xFF, 0xFF, 0xFF, 0xFF, 0x60, 0xBF, 0xFF, 0xFF, 0xFF, 0xFF, 0xFF, 
  0x60, 0x0F, 0x00, 0x0D, 0x00, 0x18, 0x00, 0x02, 0x00, 0x01, 0x00, 0x07, 0x00, 0x00, 0x3B, 0x90, 0x00, 0x6B, 0x50, 0x00, 0x00, 0x9F, 0xF3, 0x00, 0xFF, 0xD0, 0x00, 0x00, 0x5F, 0xC0, 0x00, 0xAF, 0x80, 0x00, 0x00, 0x00, 0x00, 0x00, 0x00, 0x00, 
  0x00, 0x00, 0x00, 0x00, 0x00, 0x00, 0x00, 0x00, 0xBF, 0xFF, 0xFF, 0xFF, 0xFF, 0xFF, 0x40, 0xBF, 0xFF, 0xFF, 0xFF, 0xFF, 0xFF, 0x40, 0xBF, 0xC2, 0x22, 0x22, 0x22, 0x22, 0x00, 0xBF, 0xB0, 0x00, 0x00, 0x00, 0x00, 0x00, 0xBF, 0xB0, 0x00, 0x00, 
  0x00, 0x00, 0x00, 0xBF, 0xB0, 0x00, 0x00, 0x00, 0x00, 0x00, 0xBF, 0xB0, 0x00, 0x00, 0x00, 0x00, 0x00, 0xBF, 0xB0, 0x00, 0x00, 0x00, 0x00, 0x00, 0xBF, 0xFF, 0xFF, 0xFF, 0xFF, 0xF2, 0x00, 0xBF, 0xFF, 0xFF, 0xFF, 0xFF, 0xF2, 0x00, 0xBF, 0xC2, 
  0x22, 0x22, 0x22, 0x20, 0x00, 0xBF, 0xB0, 0x00, 0x00, 0x00, 0x00, 0x00, 0xBF, 0xB0, 0x00, 0x00, 0x00, 0x00, 0x00, 0xBF, 0xB0, 0x00, 0x00, 0x00, 0x00, 0x00, 0xBF, 0xB0, 0x00, 0x00, 0x00, 0x00, 0x00, 0xBF, 0xB0, 0x00, 0x00, 0x00, 0x00, 0x00, 
  0xBF, 0xC2, 0x22, 0x22, 0x22, 0x22, 0x10, 0xBF, 0xFF, 0xFF, 0xFF, 0xFF, 0xFF, 0x60, 0xBF, 0xFF, 0xFF, 0xFF, 0xFF, 0xFF, 0x60, 0x07, 0x00, 0x07, 0x00, 0x19, 0x00, 0xFF, 0xFF, 0x00, 0x00, 0x04, 0x00, 0x1C, 0xFE, 0x20, 0x00, 0x01, 0xDF, 0xB0, 
  0x00, 0x00, 0x3E, 0xF8, 0x00, 0x00, 0x04, 0xEA, 0x10, 0x00, 0x00, 0x00, 0x00, 0x00, 0x00, 0x00, 0x00, 0x00, 0x09, 0xFF, 0x00, 0x00, 0x09, 0xFF, 0x00, 0x00, 0x09, 0xFF, 0x00, 0x00, 0x09, 0xFF, 0x00, 0x00, 0x09, 0xFF, 0x00, 0x00, 0x09, 0xFF, 
  0x00, 0x00, 0x09, 0xFF, 0x00, 0x00, 0x09, 0xFF, 0x00, 0x00, 0x09, 0xFF, 0x00, 0x00, 0x09, 0xFF, 0x00, 0x00, 0x09, 0xFF, 0x00, 0x00, 0x09, 0xFF, 0x00, 0x00, 0x09, 0xFF, 0x00, 0x00, 0x09, 0xFF, 0x00, 0x00, 0x09, 0xFF, 0x00, 0x00, 0x09, 0xFF, 
  0x00, 0x00, 0x09, 0xFF, 0x00, 0x00, 0x09, 0xFF, 0x00, 0x00, 0x09, 0xFF, 0x00, 0x07, 0x00, 0x07, 0x00, 0x19, 0x00, 0x02, 0x00, 0x00, 0x00, 0x04, 0x00, 0x00, 0x3F, 0xFA, 0x00, 0x01, 0xDF, 0xB0, 0x00, 0x0A, 0xFD, 0x10, 0x00, 0x2B, 0xD2, 0x00, 
  0x00, 0x00, 0x00, 0x00, 0x00, 0x00, 0x00, 0x00, 0x00, 0x9F, 0xF0, 0x00, 0x00, 0x9F, 0xF0, 0x00, 0x00, 0x9F, 0xF0, 0x00, 0x00, 0x9F, 0xF0, 0x00, 0x00, 0x9F, 0xF0, 0x00, 0x00, 0x9F, 0xF0, 0x00, 0x00, 0x9F, 0xF0, 0x00, 0x00, 0x9F, 0xF0, 0x00, 
  0x00, 0x9F, 0xF0, 0x00, 0x00, 0x9F, 0xF0, 0x00, 0x00, 0x9F, 0xF0, 0x00, 0x00, 0x9F, 0xF0, 0x00, 0x00, 0x9F, 0xF0, 0x00, 0x00, 0x9F, 0xF0, 0x00, 0x00, 0x9F, 0xF0, 0x00, 0x00, 0x9F, 0xF0, 0x00, 0x00, 0x9F, 0xF0, 0x00, 0x00, 0x9F, 0xF0, 0x00, 
  0x00, 0x9F, 0xF0, 0x00, 0x00, 0x07, 0x00, 0x09, 0x00, 0x19, 0x00, 0xFF, 0xFF, 0x00, 0x00, 0x05, 0x00, 0x00, 0x2E, 0xF7, 0x00, 0x00, 0x01, 0xDF, 0xDF, 0x70, 0x00, 0x1D, 0xF7, 0x2E, 0xF5, 0x00, 0x6C, 0xA0, 0x04, 0xEA, 0x10, 0x00, 0x00, 0x00, 
  0x00, 0x00, 0x00, 0x00, 0x00, 0x00, 0x00, 0x00, 0x09, 0xFF, 0x00, 0x00, 0x00, 0x09, 0xFF, 0x00, 0x00, 0x00, 0x09, 0xFF, 0x00, 0x00, 0x00, 0x09, 0xFF, 0x00, 0x00, 0x00, 0x09, 0xFF, 0x00, 0x00, 0x00, 0x09, 0xFF, 0x00, 0x00, 0x00, 0x09, 0xFF, 
  0x00, 0x00, 0x00, 0x09, 0xFF, 0x00, 0x00, 0x00, 0x09, 0xFF, 0x00, 0x00, 0x00, 0x09, 0xFF, 0x00, 0x00, 0x00, 0x09, 0xFF, 0x00, 0x00, 0x00, 0x09, 0xFF, 0x00, 0x00, 0x00, 0x09, 0xFF, 0x00, 0x00, 0x00, 0x09, 0xFF, 0x00, 0x00, 0x00, 0x09, 0xFF, 
  0x00, 0x00, 0x00, 0x09, 0xFF, 0x00, 0x00, 0x00, 0x09, 0xFF, 0x00, 0x00, 0x00, 0x09, 0xFF, 0x00, 0x00, 0x00, 0x09, 0xFF, 0x00, 0x00, 0x07, 0x00, 0x09, 0x00, 0x18, 0x00, 0xFF, 0xFF, 0x01, 0x00, 0x05, 0x00, 0x3B, 0x90, 0x00, 0x6B, 0x50, 0x9F, 
  0xF3, 0x00, 0xFF, 0xD0, 0x5F, 0xC0, 0x00, 0xAF, 0x80, 0x00, 0x00, 0x00, 0x00, 0x00, 0x00, 0x00, 0x00, 0x00, 0x00, 0x00, 0x09, 0xFF, 0x00, 0x00, 0x00, 0x09, 0xFF, 0x00, 0x00, 0x00, 0x09, 0xFF, 0x00, 0x00, 0x00, 0x09, 0xFF, 0x00, 0x00, 0x00, 
  0x09, 0xFF, 0x00, 0x00, 0x00, 0x09, 0xFF, 0x00, 0x00, 0x00, 0x09, 0xFF, 0x00, 0x00, 0x00, 0x09, 0xFF, 0x00, 0x00, 0x00, 0x09, 0xFF, 0x00, 0x00, 0x00, 0x09, 0xFF, 0x00, 0x00, 0x00, 0x09, 0xFF, 0x00, 0x00, 0x00, 0x09, 0xFF, 0x00, 0x00, 0x00, 
  0x09, 0xFF, 0x00, 0x00, 0x00, 0x09, 0xFF, 0x00, 0x00, 0x00, 0x09, 0xFF, 0x00, 0x00, 0x00, 0x09, 0xFF, 0x00, 0x00, 0x00, 0x09, 0xFF, 0x00, 0x00, 0x00, 0x09, 0xFF, 0x00, 0x00, 0x00, 0x09, 0xFF, 0x00, 0x00, 0x12, 0x00, 0x11, 0x00, 0x13, 0x00, 
  0x00, 0x00, 0x06, 0x00, 0x09, 0x00, 0x00, 0x6F, 0xFF, 0xFF, 0xFE, 0xA5, 0x00, 0x00, 0x00, 0x00, 0x6F, 0xFF, 0xFF, 0xFF, 0xFF, 0xD3, 0x00, 0x00, 0x00, 0x6F, 0xF3, 0x22, 0x23, 0x8E, 0xFF, 0x40, 0x00, 0x00, 0x6F, 0xF2, 0x00, 0x00, 0x02, 0xDF, 
  0xE1, 0x00, 0x00, 0x6F, 0xF2, 0x00, 0x00, 0x00, 0x2F, 0xF8, 0x00, 0x00, 0x6F, 0xF2, 0x00, 0x00, 0x00, 0x09, 0xFE, 0x00, 0x00, 0x6F, 0xF2, 0x00, 0x00, 0x00, 0x04, 0xFF, 0x40, 0x00, 0x6F, 0xF2, 0x00, 0x00, 0x00, 0x01, 0xFF, 0x60, 0xDF, 0xFF, 
  0xFF, 0xFF, 0x70, 0x00, 0x00, 0xFF, 0x70, 0xDF, 0xFF, 0xFF, 0xFF, 0x70, 0x00, 0x00, 0xFF, 0x70, 0x00, 0x6F, 0xF2, 0x00, 0x00, 0x00, 0x00, 0xFF, 0x70, 0x00, 0x6F, 0xF2, 0x00, 0x00, 0x00, 0x01, 0xFF, 0x60, 0x00, 0x6F, 0xF2, 0x00, 0x00, 0x00, 
  0x04, 0xFF, 0x40, 0x00, 0x6F, 0xF2, 0x00, 0x00, 0x00, 0x09, 0xFE, 0x00, 0x00, 0x6F, 0xF2, 0x00, 0x00, 0x00, 0x3F, 0xF9, 0x00, 0x00, 0x6F, 0xF2, 0x00, 0x00, 0x02, 0xDF, 0xE1, 0x00, 0x00, 0x6F, 0xF3, 0x22, 0x23, 0x8F, 0xFF, 0x40, 0x00, 0x00, 
  0x6F, 0xFF, 0xFF, 0xFF, 0xFF, 0xD3, 0x00, 0x00, 0x00, 0x6F, 0xFF, 0xFF, 0xFD, 0xA5, 0x00, 0x00, 0x00, 0x13, 0x00, 0x0F, 0x00, 0x19, 0x00, 0x02, 0x00, 0x00, 0x00, 0x08, 0x00, 0x00, 0x00, 0x00, 0x00, 0x00, 0x10, 0x00, 0x00, 0x00, 0x03, 0xBD, 
  0xA4, 0x01, 0xDD, 0x00, 0x00, 0x00, 0x1E, 0xFF, 0xFF, 0xEE, 0xF9, 0x00, 0x00, 0x00, 0x4F, 0x70, 0x39, 0xEF, 0xA1, 0x00, 0x00, 0x00, 0x00, 0x00, 0x00, 0x00, 0x00, 0x00, 0x00, 0x00, 0x00, 0x00, 0x00, 0x00, 0x00, 0x00, 0x00, 0xFF, 0xD1, 0x00, 
  0x00, 0x00, 0x00, 0xBF, 0xB0, 0xFF, 0xF9, 0x00, 0x00, 0x00, 0x00, 0xBF, 0xB0, 0xFF, 0xFF, 0x30, 0x00, 0x00, 0x00, 0xBF, 0xB0, 0xFF, 0xFF, 0xD0, 0x00, 0x00, 0x00, 0xBF, 0xB0, 0xFF, 0xDF, 0xF8, 0x00, 0x00, 0x00, 0xBF, 0xB0, 0xFF, 0x9A, 0xFF, 
  0x30, 0x00, 0x00, 0xBF, 0xB0, 0xFF, 0x91, 0xEF, 0xD0, 0x00, 0x00, 0xBF, 0xB0, 0xFF, 0x90, 0x5F, 0xF8, 0x00, 0x00, 0xBF, 0xB0, 0xFF, 0x90, 0x0A, 0xFF, 0x30, 0x00, 0xBF, 0xB0, 0xFF, 0x90, 0x02, 0xEF, 0xC0, 0x00, 0xBF, 0xB0, 0xFF, 0x90, 0x00, 
  0x6F, 0xF7, 0x00, 0xBF, 0xB0, 0xFF, 0x90, 0x00, 0x0B, 0xFF, 0x30, 0xBF, 0xB0, 0xFF, 0x90, 0x00, 0x02, 0xEF, 0xC0, 0xBF, 0xB0, 0xFF, 0x90, 0x00, 0x00, 0x6F, 0xF7, 0xBF, 0xB0, 0xFF, 0x90, 0x00, 0x00, 0x0B, 0xFF, 0xDF, 0xB0, 0xFF, 0x90, 0x00, 
  0x00, 0x02, 0xEF, 0xFF, 0xB0, 0xFF, 0x90, 0x00, 0x00, 0x00, 0x6F, 0xFF, 0xB0, 0xFF, 0x90, 0x00, 0x00, 0x00, 0x0B, 0xFF, 0xB0, 0xFF, 0x90, 0x00, 0x00, 0x00, 0x02, 0xEF, 0xB0, 0x13, 0x00, 0x10, 0x00, 0x19, 0x00, 0x01, 0x00, 0x00, 0x00, 0x08, 
  0x00, 0x00, 0x01, 0xCF, 0xE2, 0x00, 0x00, 0x00, 0x00, 0x00, 0x00, 0x1D, 0xFB, 0x00, 0x00, 0x00, 0x00, 0x00, 0x00, 0x03, 0xEF, 0x80, 0x00, 0x00, 0x00, 0x00, 0x00, 0x00, 0x4E, 0xA1, 0x00, 0x00, 0x00, 0x00, 0x00, 0x00, 0x00, 0x00, 0x00, 0x00, 
  0x00, 0x00, 0x00, 0x00, 0x00, 0x00, 0x00, 0x00, 0x00, 0x00, 0x00, 0x18, 0xCF, 0xFE, 0xB5, 0x00, 0x00, 0x00, 0x06, 0xEF, 0xFF, 0xFF, 0xFF, 0xC2, 0x00, 0x00, 0x6F, 0xFE, 0x73, 0x24, 0xAF, 0xFE, 0x10, 0x02, 0xFF, 0xC1, 0x00, 0x00, 0x05, 0xFF, 
  0xA0, 0x09, 0xFF, 0x20, 0x00, 0x00, 0x00, 0x8F, 0xF3, 0x0E, 0xF9, 0x00, 0x00, 0x00, 0x00, 0x1F, 0xF8, 0x3F, 0xF5, 0x00, 0x00, 0x00, 0x00, 0x0B, 0xFC, 0x5F, 0xF2, 0x00, 0x00, 0x00, 0x00, 0x09, 0xFE, 0x6F, 0xF2, 0x00, 0x00, 0x00, 0x00, 0x07, 
  0xFF, 0x7F, 0xF2, 0x00, 0x00, 0x00, 0x00, 0x07, 0xFF, 0x6F, 0xF2, 0x00, 0x00, 0x00, 0x00, 0x07, 0xFF, 0x6F, 0xF2, 0x00, 0x00, 0x00, 0x00, 0x09, 0xFE, 0x3F, 0xF5, 0x00, 0x00, 0x00, 0x00, 0x0B, 0xFC, 0x0E, 0xF9, 0x00, 0x00, 0x00, 0x00, 0x1F, 
  0xF8, 0x09, 0xFF, 0x20, 0x00, 0x00, 0x00, 0x7F, 0xF3, 0x02, 0xFF, 0xC1, 0x00, 0x00, 0x04, 0xFF, 0xA0, 0x00, 0x6F, 0xFE, 0x73, 0x24, 0x9F, 0xFE, 0x10, 0x00, 0x06, 0xEF, 0xFF, 0xFF, 0xFF, 0xC2, 0x00, 0x00, 0x00, 0x18, 0xCF, 0xFE, 0xB5, 0x00, 
  0x00, 0x13, 0x00, 0x10, 0x00, 0x19, 0x00, 0x01, 0x00, 0x00, 0x00, 0x08, 0x00, 0x00, 0x00, 0x00, 0x00, 0x3F, 0xFA, 0x00, 0x00, 0x00, 0x00, 0x00, 0x01, 0xDF, 0xB0, 0x00, 0x00, 0x00, 0x00, 0x00, 0x0A, 0xFD, 0x10, 0x00, 0x00, 0x00, 0x00, 0x00, 
  0x2B, 0xD2, 0x00, 0x00, 0x00, 0x00, 0x00, 0x00, 0x00, 0x00, 0x00, 0x00, 0x00, 0x00, 0x00, 0x00, 0x00, 0x00, 0x00, 0x00, 0x00, 0x00, 0x00, 0x18, 0xCF, 0xFE, 0xB5, 0x00, 0x00, 0x00, 0x06, 0xEF, 0xFF, 0xFF, 0xFF, 0xC2, 0x00, 0x00, 0x6F, 0xFE, 
  0x73, 0x24, 0xAF, 0xFE, 0x10, 0x02, 0xFF, 0xC1, 0x00, 0x00, 0x05, 0xFF, 0xA0, 0x09, 0xFF, 0x20, 0x00, 0x00, 0x00, 0x8F, 0xF3, 0x0E, 0xF9, 0x00, 0x00, 0x00, 0x00, 0x1F, 0xF8, 0x3F, 0xF5, 0x00, 0x00, 0x00, 0x00, 0x0B, 0xFC, 0x5F, 0xF2, 0x00, 
  0x00, 0x00, 0x00, 0x09, 0xFE, 0x6F, 0xF2, 0x00, 0x00, 0x00, 0x00, 0x07, 0xFF, 0x7F, 0xF2, 0x00, 0x00, 0x00, 0x00, 0x07, 0xFF, 0x6F, 0xF2, 0x00, 0x00, 0x00, 0x00, 0x07, 0xFF, 0x6F, 0xF2, 0x00, 0x00, 0x00, 0x00, 0x09, 0xFE, 0x3F, 0xF5, 0x00, 
  0x00, 0x00, 0x00, 0x0B, 0xFC, 0x0E, 0xF9, 0x00, 0x00, 0x00, 0x00, 0x1F, 0xF8, 0x09, 0xFF, 0x20, 0x00, 0x00, 0x00, 0x7F, 0xF3, 0x02, 0xFF, 0xC1, 0x00, 0x00, 0x04, 0xFF, 0xA0, 0x00, 0x6F, 0xFE, 0x73, 0x24, 0x9F, 0xFE, 0x10, 0x00, 0x06, 0xEF, 
  0xFF, 0xFF, 0xFF, 0xC2, 0x00, 0x00, 0x00, 0x18, 0xCF, 0xFE, 0xB5, 0x00, 0x00, 0x13, 0x00, 0x10, 0x00, 0x19, 0x00, 0x01, 0x00, 0x00, 0x00, 0x08, 0x00, 0x00, 0x00, 0x00, 0x2E, 0xF7, 0x00, 0x00, 0x00, 0x00, 0x00, 0x01, 0xDF, 0xDF, 0x70, 0x00, 
  0x00, 0x00, 0x00, 0x1D, 0xF7, 0x2E, 0xF5, 0x00, 0x00, 0x00, 0x00, 0x6C, 0xA0, 0x04, 0xEA, 0x10, 0x00, 0x00, 0x00, 0x00, 0x00, 0x00, 0x00, 0x00, 0x00, 0x00, 0x00, 0x00, 0x00, 0x00, 0x00, 0x00, 0x00, 0x00, 0x00, 0x18, 0xCF, 0xFE, 0xB5, 0x00, 
  0x00, 0x00, 0x06, 0xEF, 0xFF, 0xFF, 0xFF, 0xC2, 0x00, 0x00, 0x6F, 0xFE, 0x73, 0x24, 0xAF, 0xFE, 0x10, 0x02, 0xFF, 0xC1, 0x00, 0x00, 0x05, 0xFF, 0xA0, 0x09, 0xFF, 0x20, 0x00, 0x00, 0x00, 0x8F, 0xF3, 0x0E, 0xF9, 0x00, 0x00, 0x00, 0x00, 0x1F, 
  0xF8, 0x3F, 0xF5, 0x00, 0x00, 0x00, 0x00, 0x0B, 0xFC, 0x5F, 0xF2, 0x00, 0x00, 0x00, 0x00, 0x09, 0xFE, 0x6F, 0xF2, 0x00, 0x00, 0x00, 0x00, 0x07, 0xFF, 0x7F, 0xF2, 0x00, 0x00, 0x00, 0x00, 0x07, 0xFF, 0x6F, 0xF2, 0x00, 0x00, 0x00, 0x00, 0x07, 
  0xFF, 0x6F, 0xF2, 0x00, 0x00, 0x00, 0x00, 0x09, 0xFE, 0x3F, 0xF5, 0x00, 0x00, 0x00, 0x00, 0x0B, 0xFC, 0x0E, 0xF9, 0x00, 0x00, 0x00, 0x00, 0x1F, 0xF8, 0x09, 0xFF, 0x20, 0x00, 0x00, 0x00, 0x7F, 0xF3, 0x02, 0xFF, 0xC1, 0x00, 0x00, 0x04, 0xFF, 
  0xA0, 0x00, 0x6F, 0xFE, 0x73, 0x24, 0x9F, 0xFE, 0x10, 0x00, 0x06, 0xEF, 0xFF, 0xFF, 0xFF, 0xC2, 0x00, 0x00, 0x00, 0x18, 0xCF, 0xFE, 0xB5, 0x00, 0x00, 0x13, 0x00, 0x10, 0x00, 0x19, 0x00, 0x01, 0x00, 0x00, 0x00, 0x08, 0x00, 0x00, 0x00, 0x00, 
  0x00, 0x00, 0x01, 0x00, 0x00, 0x00, 0x00, 0x3B, 0xDA, 0x40, 0x1D, 0xD0, 0x00, 0x00, 0x01, 0xEF, 0xFF, 0xFE, 0xEF, 0x90, 0x00, 0x00, 0x04, 0xF7, 0x03, 0x9E, 0xFA, 0x10, 0x00, 0x00, 0x00, 0x00, 0x00, 0x00, 0x00, 0x00, 0x00, 0x00, 0x00, 0x00, 
  0x00, 0x00, 0x00, 0x00, 0x00, 0x00, 0x00, 0x18, 0xCF, 0xFE, 0xB5, 0x00, 0x00, 0x00, 0x06, 0xEF, 0xFF, 0xFF, 0xFF, 0xC2, 0x00, 0x00, 0x6F, 0xFE, 0x73, 0x24, 0xAF, 0xFE, 0x10, 0x02, 0xFF, 0xC1, 0x00, 0x00, 0x05, 0xFF, 0xA0, 0x09, 0xFF, 0x20, 
  0x00, 0x00, 0x00, 0x8F, 0xF3, 0x0E, 0xF9, 0x00, 0x00, 0x00, 0x00, 0x1F, 0xF8, 0x3F, 0xF5, 0x00, 0x00, 0x00, 0x00, 0x0B, 0xFC, 0x5F, 0xF2, 0x00, 0x00, 0x00, 0x00, 0x09, 0xFE, 0x6F, 0xF2, 0x00, 0x00, 0x00, 0x00, 0x07, 0xFF, 0x7F, 0xF2, 0x00, 
  0x00, 0x00, 0x00, 0x07, 0xFF, 0x6F, 0xF2, 0x00, 0x00, 0x00, 0x00, 0x07, 0xFF, 0x6F, 0xF2, 0x00, 0x00, 0x00, 0x00, 0x09, 0xFE, 0x3F, 0xF5, 0x00, 0x00, 0x00, 0x00, 0x0B, 0xFC, 0x0E, 0xF9, 0x00, 0x00, 0x00, 0x00, 0x1F, 0xF8, 0x09, 0xFF, 0x20, 
  0x00, 0x00, 0x00, 0x7F, 0xF3, 0x02, 0xFF, 0xC1, 0x00, 0x00, 0x04, 0xFF, 0xA0, 0x00, 0x6F, 0xFE, 0x73, 0x24, 0x9F, 0xFE, 0x10, 0x00, 0x06, 0xEF, 0xFF, 0xFF, 0xFF, 0xC2, 0x00, 0x00, 0x00, 0x18, 0xCF, 0xFE, 0xB5, 0x00, 0x00, 0x13, 0x00, 0x10, 
  0x00, 0x18, 0x00, 0x01, 0x00, 0x01, 0x00, 0x08, 0x00, 0x00, 0x00, 0x3B, 0x90, 0x00, 0x6B, 0x50, 0x00, 0x00, 0x00, 0x9F, 0xF3, 0x00, 0xFF, 0xD0, 0x00, 0x00, 0x00, 0x5F, 0xC0, 0x00, 0xAF, 0x80, 0x00, 0x00, 0x00, 0x00, 0x00, 0x00, 0x00, 0x00, 
  0x00, 0x00, 0x00, 0x00, 0x00, 0x00, 0x00, 0x00, 0x00, 0x00, 0x00, 0x18, 0xCF, 0xFE, 0xB5, 0x00, 0x00, 0x00, 0x06, 0xEF, 0xFF, 0xFF, 0xFF, 0xC2, 0x00, 0x00, 0x6F, 0xFE, 0x73, 0x24, 0xAF, 0xFE, 0x10, 0x02, 0xFF, 0xC1, 0x00, 0x00, 0x05, 0xFF, 
  0xA0, 0x09, 0xFF, 0x20, 0x00, 0x00, 0x00, 0x8F, 0xF3, 0x0E, 0xF9, 0x00, 0x00, 0x00, 0x00, 0x1F, 0xF8, 0x3F, 0xF5, 0x00, 0x00, 0x00, 0x00, 0x0B, 0xFC, 0x5F, 0xF2, 0x00, 0x00, 0x00, 0x00, 0x09, 0xFE, 0x6F, 0xF2, 0x00, 0x00, 0x00, 0x00, 0x07, 
  0xFF, 0x7F, 0xF2, 0x00, 0x00, 0x00, 0x00, 0x07, 0xFF, 0x6F, 0xF2, 0x00, 0x00, 0x00, 0x00, 0x07, 0xFF, 0x6F, 0xF2, 0x00, 0x00, 0x00, 0x00, 0x09, 0xFE, 0x3F, 0xF5, 0x00, 0x00, 0x00, 0x00, 0x0B, 0xFC, 0x0E, 0xF9, 0x00, 0x00, 0x00, 0x00, 0x1F, 
  0xF8, 0x09, 0xFF, 0x20, 0x00, 0x00, 0x00, 0x7F, 0xF3, 0x02, 0xFF, 0xC1, 0x00, 0x00, 0x04, 0xFF, 0xA0, 0x00, 0x6F, 0xFE, 0x73, 0x24, 0x9F, 0xFE, 0x10, 0x00, 0x06, 0xEF, 0xFF, 0xFF, 0xFF, 0xC2, 0x00, 0x00, 0x00, 0x18, 0xCF, 0xFE, 0xB5, 0x00, 
  0x00, 0x0E, 0x00, 0x0C, 0x00, 0x0C, 0x00, 0x01, 0x00, 0x0A, 0x00, 0x06, 0x00, 0x0A, 0x50, 0x00, 0x00, 0x02, 0xB1, 0x8F, 0xF4, 0x00, 0x00, 0x2E, 0xFC, 0x1D, 0xFE, 0x30, 0x02, 0xEF, 0xE3, 0x01, 0xDF, 0xE3, 0x2E, 0xFE, 0x30, 0x00, 0x1D, 0xFE, 
  0xEF, 0xE3, 0x00, 0x00, 0x01, 0xDF, 0xFE, 0x30, 0x00, 0x00, 0x01, 0xDF, 0xFE, 0x30, 0x00, 0x00, 0x1D, 0xFE, 0xDF, 0xE3, 0x00, 0x01, 0xDF, 0xE3, 0x1D, 0xFE, 0x30, 0x1D, 0xFE, 0x30, 0x02, 0xEF, 0xE3, 0x8F, 0xE3, 0x00, 0x00, 0x2E, 0xFC, 0x0A, 
  0x30, 0x00, 0x00, 0x02, 0xB1, 0x13, 0x00, 0x11, 0x00, 0x15, 0x00, 0x01, 0x00, 0x05, 0x00, 0x09, 0x00, 0x00, 0x00, 0x00, 0x00, 0x00, 0x00, 0x00, 0x47, 0x20, 0x00, 0x00, 0x06, 0xBE, 0xFE, 0xC7, 0x12, 0xEC, 0x00, 0x00, 0x03, 0xDF, 0xFF, 0xFF, 
  0xFF, 0xDB, 0xF3, 0x00, 0x00, 0x3E, 0xFF, 0x84, 0x24, 0x8E, 0xFF, 0x80, 0x00, 0x00, 0xDF, 0xE3, 0x00, 0x00, 0x03, 0xFF, 0xD0, 0x00, 0x05, 0xFF, 0x50, 0x00, 0x00, 0x0A, 0xFF, 0xF6, 0x00, 0x0B, 0xFD, 0x00, 0x00, 0x00, 0x5F, 0x9C, 0xFB, 0x00, 
  0x0F, 0xF8, 0x00, 0x00, 0x01, 0xDD, 0x18, 0xFF, 0x00, 0x2F, 0xF6, 0x00, 0x00, 0x09, 0xF4, 0x06, 0xFF, 0x20, 0x4F, 0xF4, 0x00, 0x00, 0x4F, 0xA0, 0x06, 0xFF, 0x40, 0x4F, 0xF4, 0x00, 0x00, 0xDE, 0x10, 0x06, 0xFF, 0x40, 0x4F, 0xF4, 0x00, 0x08, 
  0xF5, 0x00, 0x06, 0xFF, 0x40, 0x2F, 0xF6, 0x00, 0x3F, 0xB0, 0x00, 0x06, 0xFF, 0x20, 0x0F, 0xF8, 0x00, 0xCE, 0x20, 0x00, 0x08, 0xFF, 0x00, 0x0B, 0xFC, 0x07, 0xF6, 0x00, 0x00, 0x0C, 0xFB, 0x00, 0x06, 0xFF, 0x6F, 0xC0, 0x00, 0x00, 0x4F, 0xF6, 
  0x00, 0x00, 0xDF, 0xFF, 0x20, 0x00, 0x02, 0xEF, 0xD0, 0x00, 0x00, 0x3E, 0xFE, 0x74, 0x24, 0x8E, 0xFF, 0x30, 0x00, 0x00, 0x2E, 0xFF, 0xFF, 0xFF, 0xFF, 0xD4, 0x00, 0x00, 0x00, 0xAF, 0x36, 0xBE, 0xFE, 0xC7, 0x10, 0x00, 0x00, 0x05, 0xF8, 0x00, 
  0x00, 0x00, 0x00, 0x00, 0x00, 0x00, 0x12, 0x00, 0x0E, 0x00, 0x19, 0x00, 0x02, 0x00, 0x00, 0x00, 0x07, 0x00, 0x00, 0x1C, 0xFE, 0x20, 0x00, 0x00, 0x00, 0x00, 0x01, 0xDF, 0xB0, 0x00, 0x00, 0x00, 0x00, 0x00, 0x3E, 0xF8, 0x00, 0x00, 0x00, 0x00, 
  0x00, 0x04, 0xEA, 0x10, 0x00, 0x00, 0x00, 0x00, 0x00, 0x00, 0x00, 0x00, 0x00, 0x00, 0x00, 0x00, 0x00, 0x00, 0x00, 0x00, 0xDF, 0x90, 0x00, 0x00, 0x00, 0x07, 0xFF, 0xDF, 0x90, 0x00, 0x00, 0x00, 0x07, 0xFF, 0xDF, 0x90, 0x00, 0x00, 0x00, 0x07, 
  0xFF, 0xDF, 0x90, 0x00, 0x00, 0x00, 0x07, 0xFF, 0xDF, 0x90, 0x00, 0x00, 0x00, 0x07, 0xFF, 0xDF, 0x90, 0x00, 0x00, 0x00, 0x07, 0xFF, 0xDF, 0x90, 0x00, 0x00, 0x00, 0x07, 0xFF, 0xDF, 0x90, 0x00, 0x00, 0x00, 0x07, 0xFF, 0xDF, 0x90, 0x00, 0x00, 
  0x00, 0x07, 0xFF, 0xDF, 0x90, 0x00, 0x00, 0x00, 0x07, 0xFF, 0xDF, 0x90, 0x00, 0x00, 0x00, 0x07, 0xFF, 0xDF, 0x90, 0x00, 0x00, 0x00, 0x07, 0xFF, 0xDF, 0x90, 0x00, 0x00, 0x00, 0x07, 0xFF, 0xDF, 0xA0, 0x00, 0x00, 0x00, 0x09, 0xFE, 0xAF, 0xD0, 
  0x00, 0x00, 0x00, 0x0D, 0xFB, 0x5F, 0xF7, 0x00, 0x00, 0x00, 0x6F, 0xF6, 0x0B, 0xFF, 0xA4, 0x22, 0x39, 0xFF, 0xB0, 0x01, 0xBF, 0xFF, 0xFF, 0xFF, 0xFB, 0x10, 0x00, 0x05, 0xAD, 0xFF, 0xDA, 0x40, 0x00, 0x12, 0x00, 0x0E, 0x00, 0x19, 0x00, 0x02, 
  0x00, 0x00, 0x00, 0x07, 0x00, 0x00, 0x00, 0x00, 0x03, 0xFF, 0xA0, 0x00, 0x00, 0x00, 0x00, 0x1D, 0xFB, 0x00, 0x00, 0x00, 0x00, 0x00, 0xAF, 0xD1, 0x00, 0x00, 0x00, 0x00, 0x02, 0xBD, 0x20, 0x00, 0x00, 0x00, 0x00, 0x00, 0x00, 0x00, 0x00, 0x00, 
  0x00, 0x00, 0x00, 0x00, 0x00, 0x00, 0x00, 0xDF, 0x90, 0x00, 0x00, 0x00, 0x07, 0xFF, 0xDF, 0x90, 0x00, 0x00, 0x00, 0x07, 0xFF, 0xDF, 0x90, 0x00, 0x00, 0x00, 0x07, 0xFF, 0xDF, 0x90, 0x00, 0x00, 0x00, 0x07, 0xFF, 0xDF, 0x90, 0x00, 0x00, 0x00, 
  0x07, 0xFF, 0xDF, 0x90, 0x00, 0x00, 0x00, 0x07, 0xFF, 0xDF, 0x90, 0x00, 0x00, 0x00, 0x07, 0xFF, 0xDF, 0x90, 0x00, 0x00, 0x00, 0x07, 0xFF, 0xDF, 0x90, 0x00, 0x00, 0x00, 0x07, 0xFF, 0xDF, 0x90, 0x00, 0x00, 0x00, 0x07, 0xFF, 0xDF, 0x90, 0x00, 
  0x00, 0x00, 0x07, 0xFF, 0xDF, 0x90, 0x00, 0x00, 0x00, 0x07, 0xFF, 0xDF, 0x90, 0x00, 0x00, 0x00, 0x07, 0xFF, 0xDF, 0xA0, 0x00, 0x00, 0x00, 0x09, 0xFE, 0xAF, 0xD0, 0x00, 0x00, 0x00, 0x0D, 0xFB, 0x5F, 0xF7, 0x00, 0x00, 0x00, 0x6F, 0xF6, 0x0B, 
  0xFF, 0xA4, 0x22, 0x39, 0xFF, 0xB0, 0x01, 0xBF, 0xFF, 0xFF, 0xFF, 0xFB, 0x10, 0x00, 0x05, 0xAD, 0xFF, 0xDA, 0x40, 0x00, 0x12, 0x00, 0x0E, 0x00, 0x19, 0x00, 0x02, 0x00, 0x00, 0x00, 0x07, 0x00, 0x00, 0x00, 0x02, 0xEF, 0x70, 0x00, 0x00, 0x00, 
  0x00, 0x1D, 0xFD, 0xF7, 0x00, 0x00, 0x00, 0x01, 0xDF, 0x72, 0xEF, 0x50, 0x00, 0x00, 0x06, 0xCA, 0x00, 0x4E, 0xA1, 0x00, 0x00, 0x00, 0x00, 0x00, 0x00, 0x00, 0x00, 0x00, 0x00, 0x00, 0x00, 0x00, 0x00, 0x00, 0xDF, 0x90, 0x00, 0x00, 0x00, 0x07, 
  0xFF, 0xDF, 0x90, 0x00, 0x00, 0x00, 0x07, 0xFF, 0xDF, 0x90, 0x00, 0x00, 0x00, 0x07, 0xFF, 0xDF, 0x90, 0x00, 0x00, 0x00, 0x07, 0xFF, 0xDF, 0x90, 0x00, 0x00, 0x00, 0x07, 0xFF, 0xDF, 0x90, 0x00, 0x00, 0x00, 0x07, 0xFF, 0xDF, 0x90, 0x00, 0x00, 
  0x00, 0x07, 0xFF, 0xDF, 0x90, 0x00, 0x00, 0x00, 0x07, 0xFF, 0xDF, 0x90, 0x00, 0x00, 0x00, 0x07, 0xFF, 0xDF, 0x90, 0x00, 0x00, 0x00, 0x07, 0xFF, 0xDF, 0x90, 0x00, 0x00, 0x00, 0x07, 0xFF, 0xDF, 0x90, 0x00, 0x00, 0x00, 0x07, 0xFF, 0xDF, 0x90, 
  0x00, 0x00, 0x00, 0x07, 0xFF, 0xDF, 0xA0, 0x00, 0x00, 0x00, 0x09, 0xFE, 0xAF, 0xD0, 0x00, 0x00, 0x00, 0x0D, 0xFB, 0x5F, 0xF7, 0x00, 0x00, 0x00, 0x6F, 0xF6, 0x0B, 0xFF, 0xA4, 0x22, 0x39, 0xFF, 0xB0, 0x01, 0xBF, 0xFF, 0xFF, 0xFF, 0xFB, 0x10, 
  0x00, 0x05, 0xAD, 0xFF, 0xDA, 0x40, 0x00, 0x12, 0x00, 0x0E, 0x00, 0x18, 0x00, 0x02, 0x00, 0x01, 0x00, 0x07, 0x00, 0x00, 0x3B, 0x90, 0x00, 0x6B, 0x50, 0x00, 0x00, 0x9F, 0xF3, 0x00, 0xFF, 0xD0, 0x00, 0x00, 0x5F, 0xC0, 0x00, 0xAF, 0x80, 0x00, 
  0x00, 0x00, 0x00, 0x00, 0x00, 0x00, 0x00, 0x00, 0x00, 0x00, 0x00, 0x00, 0x00, 0x00, 0xDF, 0x90, 0x00, 0x00, 0x00, 0x07, 0xFF, 0xDF, 0x90, 0x00, 0x00, 0x00, 0x07, 0xFF, 0xDF, 0x90, 0x00, 0x00, 0x00, 0x07, 0xFF, 0xDF, 0x90, 0x00, 0x00, 0x00, 
  0x07, 0xFF, 0xDF, 0x90, 0x00, 0x00, 0x00, 0x07, 0xFF, 0xDF, 0x90, 0x00, 0x00, 0x00, 0x07, 0xFF, 0xDF, 0x90, 0x00, 0x00, 0x00, 0x07, 0xFF, 0xDF, 0x90, 0x00, 0x00, 0x00, 0x07, 0xFF, 0xDF, 0x90, 0x00, 0x00, 0x00, 0x07, 0xFF, 0xDF, 0x90, 0x00, 
  0x00, 0x00, 0x07, 0xFF, 0xDF, 0x90, 0x00, 0x00, 0x00, 0x07, 0xFF, 0xDF, 0x90, 0x00, 0x00, 0x00, 0x07, 0xFF, 0xDF, 0x90, 0x00, 0x00, 0x00, 0x07, 0xFF, 0xDF, 0xA0, 0x00, 0x00, 0x00, 0x09, 0xFE, 0xAF, 0xD0, 0x00, 0x00, 0x00, 0x0D, 0xFB, 0x5F, 
  0xF7, 0x00, 0x00, 0x00, 0x6F, 0xF6, 0x0B, 0xFF, 0xA4, 0x22, 0x39, 0xFF, 0xB0, 0x01, 0xBF, 0xFF, 0xFF, 0xFF, 0xFB, 0x10, 0x00, 0x05, 0xAD, 0xFF, 0xDA, 0x40, 0x00, 0x10, 0x00, 0x10, 0x00, 0x19, 0x00, 0x00, 0x00, 0x00, 0x00, 0x08, 0x00, 0x00, 
  0x00, 0x00, 0x00, 0x3F, 0xFA, 0x00, 0x00, 0x00, 0x00, 0x00, 0x01, 0xDF, 0xB0, 0x00, 0x00, 0x00, 0x00, 0x00, 0x0A, 0xFD, 0x10, 0x00, 0x00, 0x00, 0x00, 0x00, 0x2B, 0xD2, 0x00, 0x00, 0x00, 0x00, 0x00, 0x00, 0x00, 0x00, 0x00, 0x00, 0x00, 0x00, 
  0x00, 0x00, 0x00, 0x00, 0x00, 0x00, 0x00, 0x8F, 0xF6, 0x00, 0x00, 0x00, 0x00, 0x3F, 0xFB, 0x1E, 0xFD, 0x00, 0x00, 0x00, 0x00, 0xAF, 0xF2, 0x06, 0xFF, 0x60, 0x00, 0x00, 0x03, 0xFF, 0x90, 0x00, 0xDF, 0xE0, 0x00, 0x00, 0x0B, 0xFE, 0x10, 0x00, 
  0x4F, 0xF7, 0x00, 0x00, 0x4F, 0xF7, 0x00, 0x00, 0x0B, 0xFE, 0x10, 0x00, 0xCF, 0xD0, 0x00, 0x00, 0x03, 0xFF, 0x70, 0x05, 0xFF, 0x50, 0x00, 0x00, 0x00, 0x9F, 0xE1, 0x0D, 0xFC, 0x00, 0x00, 0x00, 0x00, 0x2F, 0xF8, 0x6F, 0xF4, 0x00, 0x00, 0x00, 
  0x00, 0x08, 0xFF, 0xDF, 0xA0, 0x00, 0x00, 0x00, 0x00, 0x01, 0xEF, 0xFF, 0x20, 0x00, 0x00, 0x00, 0x00, 0x00, 0x7F, 0xF9, 0x00, 0x00, 0x00, 0x00, 0x00, 0x00, 0x4F, 0xF6, 0x00, 0x00, 0x00, 0x00, 0x00, 0x00, 0x4F, 0xF6, 0x00, 0x00, 0x00, 0x00, 
  0x00, 0x00, 0x4F, 0xF6, 0x00, 0x00, 0x00, 0x00, 0x00, 0x00, 0x4F, 0xF6, 0x00, 0x00, 0x00, 0x00, 0x00, 0x00, 0x4F, 0xF6, 0x00, 0x00, 0x00, 0x00, 0x00, 0x00, 0x4F, 0xF6, 0x00, 0x00, 0x00, 0x00, 0x00, 0x00, 0x4F, 0xF6, 0x00, 0x00, 0x00, 0x10, 
  0x00, 0x0D, 0x00, 0x13, 0x00, 0x02, 0x00, 0x06, 0x00, 0x07, 0x00, 0xBF, 0x90, 0x00, 0x00, 0x00, 0x00, 0x00, 0xBF, 0x90, 0x00, 0x00, 0x00, 0x00, 0x00, 0xBF, 0x90, 0x00, 0x00, 0x00, 0x00, 0x00, 0xBF, 0x90, 0x00, 0x00, 0x00, 0x00, 0x00, 0xBF, 
  0xFF, 0xFF, 0xFE, 0xB6, 0x00, 0x00, 0xBF, 0xFF, 0xFF, 0xFF, 0xFF, 0xD2, 0x00, 0xBF, 0x90, 0x00, 0x02, 0x7F, 0xFD, 0x00, 0xBF, 0x90, 0x00, 0x00, 0x04, 0xFF, 0x60, 0xBF, 0x90, 0x00, 0x00, 0x00, 0xCF, 0xA0, 0xBF, 0x90, 0x00, 0x00, 0x00, 0xBF, 
  0xB0, 0xBF, 0x90, 0x00, 0x00, 0x00, 0xCF, 0xA0, 0xBF, 0x90, 0x00, 0x00, 0x04, 0xFF, 0x60, 0xBF, 0x90, 0x00, 0x02, 0x7E, 0xFD, 0x00, 0xBF, 0xFF, 0xFF, 0xFF, 0xFF, 0xD2, 0x00, 0xBF, 0xFF, 0xFF, 0xFE, 0xB6, 0x00, 0x00, 0xBF, 0x90, 0x00, 0x00, 
  0x00, 0x00, 0x00, 0xBF, 0x90, 0x00, 0x00, 0x00, 0x00, 0x00, 0xBF, 0x90, 0x00, 0x00, 0x00, 0x00, 0x00, 0xBF, 0x90, 0x00, 0x00, 0x00, 0x00, 0x00, 0x10, 0x00, 0x0E, 0x00, 0x15, 0x00, 0x01, 0x00, 0x04, 0x00, 0x07, 0x00, 0x00, 0x07, 0xCF, 0xFD, 
  0x81, 0x00, 0x00, 0x00, 0xBF, 0xFF, 0xFF, 0xFD, 0x10, 0x00, 0x07, 0xFF, 0x71, 0x06, 0xFF, 0x80, 0x00, 0x0D, 0xFA, 0x00, 0x00, 0x9F, 0xD0, 0x00, 0x1F, 0xF5, 0x00, 0x00, 0x6F, 0xF0, 0x00, 0x3F, 0xF4, 0x00, 0x00, 0x7F, 0xD0, 0x00, 0x4F, 0xF4, 
  0x00, 0x00, 0xDF, 0x90, 0x00, 0x4F, 0xF4, 0x00, 0x07, 0xFF, 0x20, 0x00, 0x4F, 0xF4, 0x00, 0x0E, 0xF9, 0x00, 0x00, 0x4F, 0xF4, 0x00, 0x2F, 0xF4, 0x00, 0x00, 0x4F, 0xF4, 0x00, 0x1F, 0xF6, 0x00, 0x00, 0x4F, 0xF4, 0x00, 0x0B, 0xFE, 0x20, 0x00, 
  0x4F, 0xF4, 0x00, 0x02, 0xEF, 0xE4, 0x00, 0x4F, 0xF4, 0x00, 0x00, 0x2D, 0xFF, 0x70, 0x4F, 0xF4, 0x00, 0x00, 0x01, 0xBF, 0xF3, 0x4F, 0xF4, 0x00, 0x00, 0x00, 0x1E, 0xFB, 0x4F, 0xF4, 0x00, 0x00, 0x00, 0x09, 0xFD, 0x4F, 0xF4, 0x00, 0x00, 0x00, 
  0x0B, 0xFB, 0x4F, 0xF4, 0x09, 0x72, 0x01, 0x8F, 0xF7, 0x4F, 0xF4, 0x1F, 0xFF, 0xFF, 0xFF, 0xB0, 0x4F, 0xF4, 0x06, 0xBE, 0xFF, 0xC7, 0x00, 0x0F, 0x00, 0x0D, 0x00, 0x15, 0x00, 0x01, 0x00, 0x04, 0x00, 0x07, 0x00, 0x00, 0x1C, 0xFE, 0x20, 0x00, 
  0x00, 0x00, 0x00, 0x01, 0xDF, 0xB0, 0x00, 0x00, 0x00, 0x00, 0x00, 0x3E, 0xF8, 0x00, 0x00, 0x00, 0x00, 0x00, 0x04, 0xEA, 0x10, 0x00, 0x00, 0x00, 0x00, 0x00, 0x00, 0x00, 0x00, 0x00, 0x00, 0x00, 0x00, 0x00, 0x00, 0x00, 0x00, 0x00, 0x05, 0xBE, 
  0xFE, 0xB5, 0x00, 0x00, 0x00, 0xAF, 0xFF, 0xFF, 0xFF, 0x90, 0x00, 0x08, 0xFF, 0x71, 0x02, 0x9F, 0xF5, 0x00, 0x0F, 0xF8, 0x00, 0x00, 0x0C, 0xFB, 0x00, 0x16, 0x62, 0x00, 0x00, 0x09, 0xFD, 0x00, 0x00, 0x00, 0x00, 0x00, 0x09, 0xFD, 0x00, 0x00, 
  0x06, 0xBE, 0xFF, 0xFF, 0xFD, 0x00, 0x02, 0xDF, 0xFE, 0xBB, 0xBE, 0xFD, 0x00, 0x0D, 0xFD, 0x30, 0x00, 0x09, 0xFD, 0x00, 0x4F, 0xF3, 0x00, 0x00, 0x09, 0xFD, 0x00, 0x6F, 0xF0, 0x00, 0x00, 0x0A, 0xFD, 0x00, 0x5F, 0xF4, 0x00, 0x00, 0x3E, 0xFD, 
  0x00, 0x1E, 0xFE, 0x62, 0x38, 0xEF, 0xFD, 0x00, 0x05, 0xFF, 0xFF, 0xFF, 0xEB, 0xFF, 0x00, 0x00, 0x3A, 0xEF, 0xD9, 0x25, 0xFF, 0x40, 0x0F, 0x00, 0x0D, 0x00, 0x15, 0x00, 0x01, 0x00, 0x04, 0x00, 0x07, 0x00, 0x00, 0x00, 0x00, 0x03, 0xFF, 0xA0, 
  0x00, 0x00, 0x00, 0x00, 0x1D, 0xFB, 0x00, 0x00, 0x00, 0x00, 0x00, 0xAF, 0xD1, 0x00, 0x00, 0x00, 0x00, 0x02, 0xBD, 0x20, 0x00, 0x00, 0x00, 0x00, 0x00, 0x00, 0x00, 0x00, 0x00, 0x00, 0x00, 0x00, 0x00, 0x00, 0x00, 0x00, 0x00, 0x05, 0xBE, 0xFE, 
  0xB5, 0x00, 0x00, 0x00, 0xAF, 0xFF, 0xFF, 0xFF, 0x90, 0x00, 0x08, 0xFF, 0x71, 0x02, 0x9F, 0xF5, 0x00, 0x0F, 0xF8, 0x00, 0x00, 0x0C, 0xFB, 0x00, 0x16, 0x62, 0x00, 0x00, 0x09, 0xFD, 0x00, 0x00, 0x00, 0x00, 0x00, 0x09, 0xFD, 0x00, 0x00, 0x06, 
  0xBE, 0xFF, 0xFF, 0xFD, 0x00, 0x02, 0xDF, 0xFE, 0xBB, 0xBE, 0xFD, 0x00, 0x0D, 0xFD, 0x30, 0x00, 0x09, 0xFD, 0x00, 0x4F, 0xF3, 0x00, 0x00, 0x09, 0xFD, 0x00, 0x6F, 0xF0, 0x00, 0x00, 0x0A, 0xFD, 0x00, 0x5F, 0xF4, 0x00, 0x00, 0x3E, 0xFD, 0x00, 
  0x1E, 0xFE, 0x62, 0x38, 0xEF, 0xFD, 0x00, 0x05, 0xFF, 0xFF, 0xFF, 0xEB, 0xFF, 0x00, 0x00, 0x3A, 0xEF, 0xD9, 0x25, 0xFF, 0x40, 0x0F, 0x00, 0x0D, 0x00, 0x15, 0x00, 0x01, 0x00, 0x04, 0x00, 0x07, 0x00, 0x00, 0x00, 0x2E, 0xF7, 0x00, 0x00, 0x00, 
  0x00, 0x01, 0xDF, 0xDF, 0x70, 0x00, 0x00, 0x00, 0x1D, 0xF7, 0x2E, 0xF5, 0x00, 0x00, 0x00, 0x6C, 0xA0, 0x04, 0xEA, 0x10, 0x00, 0x00, 0x00, 0x00, 0x00, 0x00, 0x00, 0x00, 0x00, 0x00, 0x00, 0x00, 0x00, 0x00, 0x00, 0x00, 0x05, 0xBE, 0xFE, 0xB5, 
  0x00, 0x00, 0x00, 0xAF, 0xFF, 0xFF, 0xFF, 0x90, 0x00, 0x08, 0xFF, 0x71, 0x02, 0x9F, 0xF5, 0x00, 0x0F, 0xF8, 0x00, 0x00, 0x0C, 0xFB, 0x00, 0x16, 0x62, 0x00, 0x00, 0x09, 0xFD, 0x00, 0x00, 0x00, 0x00, 0x00, 0x09, 0xFD, 0x00, 0x00, 0x06, 0xBE, 
  0xFF, 0xFF, 0xFD, 0x00, 0x02, 0xDF, 0xFE, 0xBB, 0xBE, 0xFD, 0x00, 0x0D, 0xFD, 0x30, 0x00, 0x09, 0xFD, 0x00, 0x4F, 0xF3, 0x00, 0x00, 0x09, 0xFD, 0x00, 0x6F, 0xF0, 0x00, 0x00, 0x0A, 0xFD, 0x00, 0x5F, 0xF4, 0x00, 0x00, 0x3E, 0xFD, 0x00, 0x1E, 
  0xFE, 0x62, 0x38, 0xEF, 0xFD, 0x00, 0x05, 0xFF, 0xFF, 0xFF, 0xEB, 0xFF, 0x00, 0x00, 0x3A, 0xEF, 0xD9, 0x25, 0xFF, 0x40, 0x0F, 0x00, 0x0D, 0x00, 0x15, 0x00, 0x01, 0x00, 0x04, 0x00, 0x07, 0x00, 0x00, 0x00, 0x00, 0x00, 0x01, 0x00, 0x00, 0x00, 
  0x3B, 0xDA, 0x40, 0x1D, 0xD0, 0x00, 0x01, 0xEF, 0xFF, 0xFE, 0xEF, 0x90, 0x00, 0x04, 0xF7, 0x03, 0x9E, 0xFA, 0x10, 0x00, 0x00, 0x00, 0x00, 0x00, 0x00, 0x00, 0x00, 0x00, 0x00, 0x00, 0x00, 0x00, 0x00, 0x00, 0x00, 0x05, 0xBE, 0xFE, 0xB5, 0x00, 
  0x00, 0x00, 0xAF, 0xFF, 0xFF, 0xFF, 0x90, 0x00, 0x08, 0xFF, 0x71, 0x02, 0x9F, 0xF5, 0x00, 0x0F, 0xF8, 0x00, 0x00, 0x0C, 0xFB, 0x00, 0x16, 0x62, 0x00, 0x00, 0x09, 0xFD, 0x00, 0x00, 0x00, 0x00, 0x00, 0x09, 0xFD, 0x00, 0x00, 0x06, 0xBE, 0xFF, 
  0xFF, 0xFD, 0x00, 0x02, 0xDF, 0xFE, 0xBB, 0xBE, 0xFD, 0x00, 0x0D, 0xFD, 0x30, 0x00, 0x09, 0xFD, 0x00, 0x4F, 0xF3, 0x00, 0x00, 0x09, 0xFD, 0x00, 0x6F, 0xF0, 0x00, 0x00, 0x0A, 0xFD, 0x00, 0x5F, 0xF4, 0x00, 0x00, 0x3E, 0xFD, 0x00, 0x1E, 0xFE, 
  0x62, 0x38, 0xEF, 0xFD, 0x00, 0x05, 0xFF, 0xFF, 0xFF, 0xEB, 0xFF, 0x00, 0x00, 0x3A, 0xEF, 0xD9, 0x25, 0xFF, 0x40, 0x0F, 0x00, 0x0D, 0x00, 0x14, 0x00, 0x01, 0x00, 0x05, 0x00, 0x07, 0x00, 0x00, 0x3B, 0x90, 0x00, 0x6B, 0x50, 0x00, 0x00, 0x9F, 
  0xF3, 0x00, 0xFF, 0xD0, 0x00, 0x00, 0x5F, 0xC0, 0x00, 0xAF, 0x80, 0x00, 0x00, 0x00, 0x00, 0x00, 0x00, 0x00, 0x00, 0x00, 0x00, 0x00, 0x00, 0x00, 0x00, 0x00, 0x00, 0x05, 0xBE, 0xFE, 0xB5, 0x00, 0x00, 0x00, 0xAF, 0xFF, 0xFF, 0xFF, 0x90, 0x00, 
  0x08, 0xFF, 0x71, 0x02, 0x9F, 0xF5, 0x00, 0x0F, 0xF8, 0x00, 0x00, 0x0C, 0xFB, 0x00, 0x16, 0x62, 0x00, 0x00, 0x09, 0xFD, 0x00, 0x00, 0x00, 0x00, 0x00, 0x09, 0xFD, 0x00, 0x00, 0x06, 0xBE, 0xFF, 0xFF, 0xFD, 0x00, 0x02, 0xDF, 0xFE, 0xBB, 0xBE, 
  0xFD, 0x00, 0x0D, 0xFD, 0x30, 0x00, 0x09, 0xFD, 0x00, 0x4F, 0xF3, 0x00, 0x00, 0x09, 0xFD, 0x00, 0x6F, 0xF0, 0x00, 0x00, 0x0A, 0xFD, 0x00, 0x5F, 0xF4, 0x00, 0x00, 0x3E, 0xFD, 0x00, 0x1E, 0xFE, 0x62, 0x38, 0xEF, 0xFD, 0x00, 0x05, 0xFF, 0xFF, 
  0xFF, 0xEB, 0xFF, 0x00, 0x00, 0x3A, 0xEF, 0xD9, 0x25, 0xFF, 0x40, 0x0F, 0x00, 0x0D, 0x00, 0x16, 0x00, 0x01, 0x00, 0x03, 0x00, 0x07, 0x00, 0x00, 0x00, 0x5D, 0xFC, 0x30, 0x00, 0x00, 0x00, 0x03, 0xF7, 0x49, 0xE1, 0x00, 0x00, 0x00, 0x06, 0xE0, 
  0x02, 0xF4, 0x00, 0x00, 0x00, 0x03, 0xF7, 0x39, 0xE1, 0x00, 0x00, 0x00, 0x00, 0x5D, 0xFC, 0x30, 0x00, 0x00, 0x00, 0x00, 0x00, 0x00, 0x00, 0x00, 0x00, 0x00, 0x00, 0x00, 0x00, 0x00, 0x00, 0x00, 0x00, 0x05, 0xBE, 0xFE, 0xB5, 0x00, 0x00, 0x00, 
  0xAF, 0xFF, 0xFF, 0xFF, 0x90, 0x00, 0x08, 0xFF, 0x71, 0x02, 0x9F, 0xF5, 0x00, 0x0F, 0xF8, 0x00, 0x00, 0x0C, 0xFB, 0x00, 0x16, 0x62, 0x00, 0x00, 0x09, 0xFD, 0x00, 0x00, 0x00, 0x00, 0x00, 0x09, 0xFD, 0x00, 0x00, 0x06, 0xBE, 0xFF, 0xFF, 0xFD, 
  0x00, 0x02, 0xDF, 0xFE, 0xBB, 0xBE, 0xFD, 0x00, 0x0D, 0xFD, 0x30, 0x00, 0x09, 0xFD, 0x00, 0x4F, 0xF3, 0x00, 0x00, 0x09, 0xFD, 0x00, 0x6F, 0xF0, 0x00, 0x00, 0x0A, 0xFD, 0x00, 0x5F, 0xF4, 0x00, 0x00, 0x3E, 0xFD, 0x00, 0x1E, 0xFE, 0x62, 0x38, 
  0xEF, 0xFD, 0x00, 0x05, 0xFF, 0xFF, 0xFF, 0xEB, 0xFF, 0x00, 0x00, 0x3A, 0xEF, 0xD9, 0x25, 0xFF, 0x40, 0x17, 0x00, 0x15, 0x00, 0x0F, 0x00, 0x01, 0x00, 0x0A, 0x00, 0x0B, 0x00, 0x00, 0x28, 0xDF, 0xFD, 0x92, 0x00, 0x5B, 0xFF, 0xD9, 0x20, 0x00, 
  0x05, 0xFF, 0xFF, 0xFF, 0xFE, 0x3A, 0xFF, 0xFF, 0xFF, 0xE5, 0x00, 0x2F, 0xFD, 0x51, 0x04, 0xEF, 0xFF, 0xF7, 0x10, 0x3C, 0xFE, 0x10, 0x7F, 0xF3, 0x00, 0x00, 0x5F, 0xFF, 0x60, 0x00, 0x01, 0xEF, 0x80, 0x14, 0x50, 0x00, 0x00, 0x1F, 0xFC, 0x00, 
  0x00, 0x00, 0x8F, 0xC0, 0x00, 0x00, 0x00, 0x00, 0x0F, 0xF8, 0x00, 0x00, 0x00, 0x7F, 0xE0, 0x00, 0x5B, 0xEF, 0xFF, 0xFF, 0xFF, 0xFF, 0xFF, 0xFF, 0xFF, 0xF0, 0x0A, 0xFF, 0xFD, 0xDD, 0xDF, 0xFE, 0xDD, 0xDD, 0xDD, 0xDD, 0xD0, 0x7F, 0xFA, 0x20, 
  0x00, 0x0F, 0xF6, 0x00, 0x00, 0x00, 0x00, 0x00, 0xBF, 0xC0, 0x00, 0x00, 0x0F, 0xF9, 0x00, 0x00, 0x00, 0x00, 0x00, 0xDF, 0x90, 0x00, 0x00, 0x0F, 0xFD, 0x00, 0x00, 0x00, 0x00, 0x00, 0xCF, 0xB0, 0x00, 0x00, 0x5F, 0xFF, 0x70, 0x00, 0x00, 0x03, 
  0x00, 0x8F, 0xF7, 0x10, 0x3A, 0xFF, 0xDF, 0xF9, 0x20, 0x03, 0x9F, 0x50, 0x1D, 0xFF, 0xFF, 0xFF, 0xF9, 0x0A, 0xFF, 0xFF, 0xFF, 0xFF, 0x70, 0x01, 0x8D, 0xFF, 0xD9, 0x30, 0x00, 0x4A, 0xEF, 0xFC, 0x82, 0x00, 0x0E, 0x00, 0x0D, 0x00, 0x14, 0x00, 
  0x01, 0x00, 0x0A, 0x00, 0x07, 0x00, 0x00, 0x04, 0xBE, 0xFE, 0xA4, 0x00, 0x00, 0x00, 0xAF, 0xFF, 0xFF, 0xFF, 0x80, 0x00, 0x08, 0xFF, 0x82, 0x02, 0xAF, 0xF5, 0x00, 0x2F, 0xF8, 0x00, 0x00, 0x0A, 0xFD, 0x00, 0x7F, 0xF1, 0x00, 0x00, 0x04, 0xFF, 
  0x10, 0xBF, 0xB0, 0x00, 0x00, 0x00, 0x22, 0x00, 0xCF, 0x90, 0x00, 0x00, 0x00, 0x00, 0x00, 0xDF, 0x90, 0x00, 0x00, 0x00, 0x00, 0x00, 0xCF, 0x90, 0x00, 0x00, 0x00, 0x00, 0x00, 0xBF, 0xB0, 0x00, 0x00, 0x00, 0x00, 0x00, 0x7F, 0xE1, 0x00, 0x00, 
  0x02, 0xBB, 0x10, 0x2F, 0xF8, 0x00, 0x00, 0x09, 0xFD, 0x00, 0x08, 0xFF, 0x81, 0x02, 0x9F, 0xF5, 0x00, 0x00, 0xAF, 0xFF, 0xFF, 0xFF, 0x70, 0x00, 0x00, 0x05, 0xBE, 0xFE, 0xA3, 0x00, 0x00, 0x00, 0x00, 0x0E, 0xD3, 0x00, 0x00, 0x00, 0x00, 0x00, 
  0x2B, 0xEF, 0x70, 0x00, 0x00, 0x00, 0x00, 0x00, 0x3F, 0xB0, 0x00, 0x00, 0x00, 0x00, 0x17, 0xCF, 0x80, 0x00, 0x00, 0x00, 0x00, 0x4F, 0xC7, 0x00, 0x00, 0x00, 0x0E, 0x00, 0x0D, 0x00, 0x15, 0x00, 0x01, 0x00, 0x04, 0x00, 0x07, 0x00, 0x00, 0x1C, 
  0xFE, 0x20, 0x00, 0x00, 0x00, 0x00, 0x01, 0xDF, 0xB0, 0x00, 0x00, 0x00, 0x00, 0x00, 0x3E, 0xF8, 0x00, 0x00, 0x00, 0x00, 0x00, 0x04, 0xEA, 0x10, 0x00, 0x00, 0x00, 0x00, 0x00, 0x00, 0x00, 0x00, 0x00, 0x00, 0x00, 0x00, 0x00, 0x00, 0x00, 0x00, 
  0x00, 0x04, 0xBE, 0xFE, 0xA3, 0x00, 0x00, 0x00, 0x8F, 0xFF, 0xFF, 0xFF, 0x50, 0x00, 0x07, 0xFF, 0x81, 0x03, 0xCF, 0xF2, 0x00, 0x1F, 0xF7, 0x00, 0x00, 0x1E, 0xF9, 0x00, 0x8F, 0xE0, 0x00, 0x00, 0x07, 0xFE, 0x00, 0xBF, 0xA0, 0x00, 0x00, 0x05, 
  0xFF, 0x10, 0xDF, 0xFF, 0xFF, 0xFF, 0xFF, 0xFF, 0x20, 0xFF, 0xFF, 0xFF, 0xFF, 0xFF, 0xFF, 0x20, 0xEF, 0x80, 0x00, 0x00, 0x00, 0x00, 0x00, 0xCF, 0xA0, 0x00, 0x00, 0x00, 0x00, 0x00, 0x9F, 0xE1, 0x00, 0x00, 0x00, 0x00, 0x00, 0x3F, 0xF9, 0x00, 
  0x00, 0x01, 0xB3, 0x00, 0x09, 0xFF, 0xA3, 0x01, 0x5D, 0xFB, 0x00, 0x00, 0xAF, 0xFF, 0xFF, 0xFF, 0xC1, 0x00, 0x00, 0x04, 0xBE, 0xFE, 0xB6, 0x00, 0x00, 0x0E, 0x00, 0x0D, 0x00, 0x15, 0x00, 0x01, 0x00, 0x04, 0x00, 0x07, 0x00, 0x00, 0x00, 0x00, 
  0x3F, 0xFA, 0x00, 0x00, 0x00, 0x00, 0x01, 0xDF, 0xB0, 0x00, 0x00, 0x00, 0x00, 0x0A, 0xFD, 0x10, 0x00, 0x00, 0x00, 0x00, 0x2B, 0xD2, 0x00, 0x00, 0x00, 0x00, 0x00, 0x00, 0x00, 0x00, 0x00, 0x00, 0x00, 0x00, 0x00, 0x00, 0x00, 0x00, 0x00, 0x00, 
  0x04, 0xBE, 0xFE, 0xA3, 0x00, 0x00, 0x00, 0x8F, 0xFF, 0xFF, 0xFF, 0x50, 0x00, 0x07, 0xFF, 0x81, 0x03, 0xCF, 0xF2, 0x00, 0x1F, 0xF7, 0x00, 0x00, 0x1E, 0xF9, 0x00, 0x8F, 0xE0, 0x00, 0x00, 0x07, 0xFE, 0x00, 0xBF, 0xA0, 0x00, 0x00, 0x05, 0xFF, 
  0x10, 0xDF, 0xFF, 0xFF, 0xFF, 0xFF, 0xFF, 0x20, 0xFF, 0xFF, 0xFF, 0xFF, 0xFF, 0xFF, 0x20, 0xEF, 0x80, 0x00, 0x00, 0x00, 0x00, 0x00, 0xCF, 0xA0, 0x00, 0x00, 0x00, 0x00, 0x00, 0x9F, 0xE1, 0x00, 0x00, 0x00, 0x00, 0x00, 0x3F, 0xF9, 0x00, 0x00, 
  0x01, 0xB3, 0x00, 0x09, 0xFF, 0xA3, 0x01, 0x5D, 0xFB, 0x00, 0x00, 0xAF, 0xFF, 0xFF, 0xFF, 0xC1, 0x00, 0x00, 0x04, 0xBE, 0xFE, 0xB6, 0x00, 0x00, 0x0E, 0x00, 0x0D, 0x00, 0x15, 0x00, 0x01, 0x00, 0x04, 0x00, 0x07, 0x00, 0x00, 0x00, 0x2E, 0xF7, 
  0x00, 0x00, 0x00, 0x00, 0x01, 0xDF, 0xDF, 0x70, 0x00, 0x00, 0x00, 0x1D, 0xF7, 0x2E, 0xF5, 0x00, 0x00, 0x00, 0x6C, 0xA0, 0x04, 0xEA, 0x10, 0x00, 0x00, 0x00, 0x00, 0x00, 0x00, 0x00, 0x00, 0x00, 0x00, 0x00, 0x00, 0x00, 0x00, 0x00, 0x00, 0x04, 
  0xBE, 0xFE, 0xA3, 0x00, 0x00, 0x00, 0x8F, 0xFF, 0xFF, 0xFF, 0x50, 0x00, 0x07, 0xFF, 0x81, 0x03, 0xCF, 0xF2, 0x00, 0x1F, 0xF7, 0x00, 0x00, 0x1E, 0xF9, 0x00, 0x8F, 0xE0, 0x00, 0x00, 0x07, 0xFE, 0x00, 0xBF, 0xA0, 0x00, 0x00, 0x05, 0xFF, 0x10, 
  0xDF, 0xFF, 0xFF, 0xFF, 0xFF, 0xFF, 0x20, 0xFF, 0xFF, 0xFF, 0xFF, 0xFF, 0xFF, 0x20, 0xEF, 0x80, 0x00, 0x00, 0x00, 0x00, 0x00, 0xCF, 0xA0, 0x00, 0x00, 0x00, 0x00, 0x00, 0x9F, 0xE1, 0x00, 0x00, 0x00, 0x00, 0x00, 0x3F, 0xF9, 0x00, 0x00, 0x01, 
  0xB3, 0x00, 0x09, 0xFF, 0xA3, 0x01, 0x5D, 0xFB, 0x00, 0x00, 0xAF, 0xFF, 0xFF, 0xFF, 0xC1, 0x00, 0x00, 0x04, 0xBE, 0xFE, 0xB6, 0x00, 0x00, 0x0E, 0x00, 0x0D, 0x00, 0x14, 0x00, 0x01, 0x00, 0x05, 0x00, 0x07, 0x00, 0x00, 0x3B, 0x90, 0x00, 0x6B, 
  0x50, 0x00, 0x00, 0x9F, 0xF3, 0x00, 0xFF, 0xD0, 0x00, 0x00, 0x5F, 0xC0, 0x00, 0xAF, 0x80, 0x00, 0x00, 0x00, 0x00, 0x00, 0x00, 0x00, 0x00, 0x00, 0x00, 0x00, 0x00, 0x00, 0x00, 0x00, 0x00, 0x04, 0xBE, 0xFE, 0xA3, 0x00, 0x00, 0x00, 0x8F, 0xFF, 
  0xFF, 0xFF, 0x50, 0x00, 0x07, 0xFF, 0x81, 0x03, 0xCF, 0xF2, 0x00, 0x1F, 0xF7, 0x00, 0x00, 0x1E, 0xF9, 0x00, 0x8F, 0xE0, 0x00, 0x00, 0x07, 0xFE, 0x00, 0xBF, 0xA0, 0x00, 0x00, 0x05, 0xFF, 0x10, 0xDF, 0xFF, 0xFF, 0xFF, 0xFF, 0xFF, 0x20, 0xFF, 
  0xFF, 0xFF, 0xFF, 0xFF, 0xFF, 0x20, 0xEF, 0x80, 0x00, 0x00, 0x00, 0x00, 0x00, 0xCF, 0xA0, 0x00, 0x00, 0x00, 0x00, 0x00, 0x9F, 0xE1, 0x00, 0x00, 0x00, 0x00, 0x00, 0x3F, 0xF9, 0x00, 0x00, 0x01, 0xB3, 0x00, 0x09, 0xFF, 0xA3, 0x01, 0x5D, 0xFB, 
  0x00, 0x00, 0xAF, 0xFF, 0xFF, 0xFF, 0xC1, 0x00, 0x00, 0x04, 0xBE, 0xFE, 0xB6, 0x00, 0x00, 0x07, 0x00, 0x07, 0x00, 0x15, 0x00, 0xFE, 0xFF, 0x04, 0x00, 0x04, 0x00, 0x1C, 0xFE, 0x20, 0x00, 0x01, 0xDF, 0xB0, 0x00, 0x00, 0x3E, 0xF8, 0x00, 0x00, 
  0x04, 0xEA, 0x10, 0x00, 0x00, 0x00, 0x00, 0x00, 0x00, 0x00, 0x00, 0x00, 0x00, 0xFF, 0x70, 0x00, 0x00, 0xFF, 0x70, 0x00, 0x00, 0xFF, 0x70, 0x00, 0x00, 0xFF, 0x70, 0x00, 0x00, 0xFF, 0x70, 0x00, 0x00, 0xFF, 0x70, 0x00, 0x00, 0xFF, 0x70, 0x00, 
  0x00, 0xFF, 0x70, 0x00, 0x00, 0xFF, 0x70, 0x00, 0x00, 0xFF, 0x70, 0x00, 0x00, 0xFF, 0x70, 0x00, 0x00, 0xFF, 0x70, 0x00, 0x00, 0xFF, 0x70, 0x00, 0x00, 0xFF, 0x70, 0x00, 0x00, 0xFF, 0x70, 0x07, 0x00, 0x07, 0x00, 0x15, 0x00, 0x01, 0x00, 0x04, 
  0x00, 0x04, 0x00, 0x00, 0x3F, 0xFA, 0x00, 0x01, 0xDF, 0xB0, 0x00, 0x0A, 0xFD, 0x10, 0x00, 0x2B, 0xD2, 0x00, 0x00, 0x00, 0x00, 0x00, 0x00, 0x00, 0x00, 0x00, 0x00, 0x0F, 0xF7, 0x00, 0x00, 0x0F, 0xF7, 0x00, 0x00, 0x0F, 0xF7, 0x00, 0x00, 0x0F, 
  0xF7, 0x00, 0x00, 0x0F, 0xF7, 0x00, 0x00, 0x0F, 0xF7, 0x00, 0x00, 0x0F, 0xF7, 0x00, 0x00, 0x0F, 0xF7, 0x00, 0x00, 0x0F, 0xF7, 0x00, 0x00, 0x0F, 0xF7, 0x00, 0x00, 0x0F, 0xF7, 0x00, 0x00, 0x0F, 0xF7, 0x00, 0x00, 0x0F, 0xF7, 0x00, 0x00, 0x0F, 
  0xF7, 0x00, 0x00, 0x0F, 0xF7, 0x00, 0x00, 0x07, 0x00, 0x09, 0x00, 0x15, 0x00, 0xFF, 0xFF, 0x04, 0x00, 0x05, 0x00, 0x00, 0x2E, 0xF7, 0x00, 0x00, 0x01, 0xDF, 0xDF, 0x70, 0x00, 0x1D, 0xF7, 0x2E, 0xF5, 0x00, 0x6C, 0xA0, 0x04, 0xEA, 0x10, 0x00, 
  0x00, 0x00, 0x00, 0x00, 0x00, 0x00, 0x00, 0x00, 0x00, 0x00, 0x0F, 0xF7, 0x00, 0x00, 0x00, 0x0F, 0xF7, 0x00, 0x00, 0x00, 0x0F, 0xF7, 0x00, 0x00, 0x00, 0x0F, 0xF7, 0x00, 0x00, 0x00, 0x0F, 0xF7, 0x00, 0x00, 0x00, 0x0F, 0xF7, 0x00, 0x00, 0x00, 
  0x0F, 0xF7, 0x00, 0x00, 0x00, 0x0F, 0xF7, 0x00, 0x00, 0x00, 0x0F, 0xF7, 0x00, 0x00, 0x00, 0x0F, 0xF7, 0x00, 0x00, 0x00, 0x0F, 0xF7, 0x00, 0x00, 0x00, 0x0F, 0xF7, 0x00, 0x00, 0x00, 0x0F, 0xF7, 0x00, 0x00, 0x00, 0x0F, 0xF7, 0x00, 0x00, 0x00, 
  0x0F, 0xF7, 0x00, 0x00, 0x07, 0x00, 0x09, 0x00, 0x14, 0x00, 0xFF, 0xFF, 0x05, 0x00, 0x05, 0x00, 0x3B, 0x90, 0x00, 0x6B, 0x50, 0x9F, 0xF3, 0x00, 0xFF, 0xD0, 0x5F, 0xC0, 0x00, 0xAF, 0x80, 0x00, 0x00, 0x00, 0x00, 0x00, 0x00, 0x00, 0x00, 0x00, 
  0x00, 0x00, 0x0F, 0xF7, 0x00, 0x00, 0x00, 0x0F, 0xF7, 0x00, 0x00, 0x00, 0x0F, 0xF7, 0x00, 0x00, 0x00, 0x0F, 0xF7, 0x00, 0x00, 0x00, 0x0F, 0xF7, 0x00, 0x00, 0x00, 0x0F, 0xF7, 0x00, 0x00, 0x00, 0x0F, 0xF7, 0x00, 0x00, 0x00, 0x0F, 0xF7, 0x00, 
  0x00, 0x00, 0x0F, 0xF7, 0x00, 0x00, 0x00, 0x0F, 0xF7, 0x00, 0x00, 0x00, 0x0F, 0xF7, 0x00, 0x00, 0x00, 0x0F, 0xF7, 0x00, 0x00, 0x00, 0x0F, 0xF7, 0x00, 0x00, 0x00, 0x0F, 0xF7, 0x00, 0x00, 0x00, 0x0F, 0xF7, 0x00, 0x00, 0x10, 0x00, 0x0E, 0x00, 
  0x15, 0x00, 0x01, 0x00, 0x04, 0x00, 0x07, 0x00, 0x00, 0x0D, 0xA4, 0x00, 0x00, 0x00, 0x00, 0x00, 0x5F, 0xFF, 0xD4, 0x02, 0xBA, 0x00, 0x00, 0x16, 0xCF, 0xFF, 0xAE, 0xF9, 0x00, 0x00, 0x00, 0x04, 0xCF, 0xFF, 0x40, 0x00, 0x00, 0x00, 0x05, 0xEF, 
  0xFF, 0x90, 0x00, 0x00, 0x00, 0x9F, 0xD4, 0x9F, 0xF5, 0x00, 0x00, 0x00, 0x49, 0x10, 0x0D, 0xFD, 0x00, 0x00, 0x00, 0x00, 0x00, 0x05, 0xFF, 0x50, 0x00, 0x02, 0x9D, 0xFE, 0xB3, 0xDF, 0xA0, 0x00, 0x4E, 0xFF, 0xFF, 0xFF, 0xEF, 0xE0, 0x02, 0xEF, 
  0xD5, 0x10, 0x29, 0xFF, 0xF1, 0x09, 0xFE, 0x20, 0x00, 0x00, 0x7F, 0xF2, 0x0E, 0xF8, 0x00, 0x00, 0x00, 0x4F, 0xF3, 0x3F, 0xF4, 0x00, 0x00, 0x00, 0x4F, 0xF3, 0x4F, 0xF4, 0x00, 0x00, 0x00, 0x4F, 0xF2, 0x3F, 0xF4, 0x00, 0x00, 0x00, 0x6F, 0xF1, 
  0x0F, 0xF8, 0x00, 0x00, 0x00, 0xBF, 0xB0, 0x09, 0xFE, 0x20, 0x00, 0x03, 0xFF, 0x60, 0x02, 0xEF, 0xE5, 0x00, 0x5E, 0xFC, 0x00, 0x00, 0x3D, 0xFF, 0xFF, 0xFF, 0xC1, 0x00, 0x00, 0x01, 0x7C, 0xFF, 0xC7, 0x00, 0x00, 0x0F, 0x00, 0x0D, 0x00, 0x15, 
  0x00, 0x01, 0x00, 0x04, 0x00, 0x07, 0x00, 0x00, 0x00, 0x00, 0x00, 0x01, 0x00, 0x00, 0x00, 0x3B, 0xDA, 0x40, 0x1D, 0xD0, 0x00, 0x01, 0xEF, 0xFF, 0xFE, 0xEF, 0x90, 0x00, 0x04, 0xF7, 0x03, 0x9E, 0xFA, 0x10, 0x00, 0x00, 0x00, 0x00, 0x00, 0x00, 
  0x00, 0x00, 0x00, 0x00, 0x00, 0x00, 0x00, 0x00, 0x00, 0x2F, 0xF4, 0x29, 0xEF, 0xEA, 0x20, 0x00, 0x2F, 0xF7, 0xEF, 0xFF, 0xFF, 0xE2, 0x00, 0x2F, 0xFF, 0xD5, 0x22, 0x7F, 0xFA, 0x00, 0x2F, 0xFD, 0x10, 0x00, 0x0A, 0xFE, 0x00, 0x2F, 0xF6, 0x00, 
  0x00, 0x06, 0xFF, 0x10, 0x2F, 0xF6, 0x00, 0x00, 0x06, 0xFF, 0x20, 0x2F, 0xF6, 0x00, 0x00, 0x06, 0xFF, 0x20, 0x2F, 0xF6, 0x00, 0x00, 0x06, 0xFF, 0x20, 0x2F, 0xF6, 0x00, 0x00, 0x06, 0xFF, 0x20, 0x2F, 0xF6, 0x00, 0x00, 0x06, 0xFF, 0x20, 0x2F, 
  0xF6, 0x00, 0x00, 0x06, 0xFF, 0x20, 0x2F, 0xF6, 0x00, 0x00, 0x06, 0xFF, 0x20, 0x2F, 0xF6, 0x00, 0x00, 0x06, 0xFF, 0x20, 0x2F, 0xF6, 0x00, 0x00, 0x06, 0xFF, 0x20, 0x2F, 0xF6, 0x00, 0x00, 0x06, 0xFF, 0x20, 0x0F, 0x00, 0x0D, 0x00, 0x15, 0x00, 
  0x01, 0x00, 0x04, 0x00, 0x07, 0x00, 0x00, 0x1C, 0xFE, 0x20, 0x00, 0x00, 0x00, 0x00, 0x01, 0xDF, 0xB0, 0x00, 0x00, 0x00, 0x00, 0x00, 0x3E, 0xF8, 0x00, 0x00, 0x00, 0x00, 0x00, 0x04, 0xEA, 0x10, 0x00, 0x00, 0x00, 0x00, 0x00, 0x00, 0x00, 0x00, 
  0x00, 0x00, 0x00, 0x00, 0x00, 0x00, 0x00, 0x00, 0x00, 0x04, 0xBE, 0xFE, 0xB4, 0x00, 0x00, 0x00, 0xAF, 0xFF, 0xFF, 0xFF, 0x90, 0x00, 0x08, 0xFF, 0x92, 0x02, 0x9F, 0xF8, 0x00, 0x3F, 0xF8, 0x00, 0x00, 0x09, 0xFF, 0x20, 0x8F, 0xE0, 0x00, 0x00, 
  0x01, 0xEF, 0x80, 0xCF, 0xA0, 0x00, 0x00, 0x00, 0xAF, 0xC0, 0xFF, 0x80, 0x00, 0x00, 0x00, 0x7F, 0xE0, 0xFF, 0x70, 0x00, 0x00, 0x00, 0x7F, 0xF0, 0xFF, 0x70, 0x00, 0x00, 0x00, 0x7F, 0xE0, 0xCF, 0xA0, 0x00, 0x00, 0x00, 0xAF, 0xC0, 0x8F, 0xE0, 
  0x00, 0x00, 0x00, 0xEF, 0x80, 0x3F, 0xF8, 0x00, 0x00, 0x08, 0xFF, 0x30, 0x08, 0xFF, 0x82, 0x02, 0x8F, 0xF8, 0x00, 0x00, 0xAF, 0xFF, 0xFF, 0xFF, 0x90, 0x00, 0x00, 0x04, 0xBE, 0xFE, 0xB4, 0x00, 0x00, 0x0F, 0x00, 0x0D, 0x00, 0x15, 0x00, 0x01, 
  0x00, 0x04, 0x00, 0x07, 0x00, 0x00, 0x00, 0x00, 0x03, 0xFF, 0xA0, 0x00, 0x00, 0x00, 0x00, 0x1D, 0xFB, 0x00, 0x00, 0x00, 0x00, 0x00, 0xAF, 0xD1, 0x00, 0x00, 0x00, 0x00, 0x02, 0xBD, 0x20, 0x00, 0x00, 0x00, 0x00, 0x00, 0x00, 0x00, 0x00, 0x00, 
  0x00, 0x00, 0x00, 0x00, 0x00, 0x00, 0x00, 0x00, 0x04, 0xBE, 0xFE, 0xB4, 0x00, 0x00, 0x00, 0xAF, 0xFF, 0xFF, 0xFF, 0x90, 0x00, 0x08, 0xFF, 0x92, 0x02, 0x9F, 0xF8, 0x00, 0x3F, 0xF8, 0x00, 0x00, 0x09, 0xFF, 0x20, 0x8F, 0xE0, 0x00, 0x00, 0x01, 
  0xEF, 0x80, 0xCF, 0xA0, 0x00, 0x00, 0x00, 0xAF, 0xC0, 0xFF, 0x80, 0x00, 0x00, 0x00, 0x7F, 0xE0, 0xFF, 0x70, 0x00, 0x00, 0x00, 0x7F, 0xF0, 0xFF, 0x70, 0x00, 0x00, 0x00, 0x7F, 0xE0, 0xCF, 0xA0, 0x00, 0x00, 0x00, 0xAF, 0xC0, 0x8F, 0xE0, 0x00, 
  0x00, 0x00, 0xEF, 0x80, 0x3F, 0xF8, 0x00, 0x00, 0x08, 0xFF, 0x30, 0x08, 0xFF, 0x82, 0x02, 0x8F, 0xF8, 0x00, 0x00, 0xAF, 0xFF, 0xFF, 0xFF, 0x90, 0x00, 0x00, 0x04, 0xBE, 0xFE, 0xB4, 0x00, 0x00, 0x0F, 0x00, 0x0D, 0x00, 0x15, 0x00, 0x01, 0x00, 
  0x04, 0x00, 0x07, 0x00, 0x00, 0x00, 0x2E, 0xF7, 0x00, 0x00, 0x00, 0x00, 0x01, 0xDF, 0xDF, 0x70, 0x00, 0x00, 0x00, 0x1D, 0xF7, 0x2E, 0xF5, 0x00, 0x00, 0x00, 0x6C, 0xA0, 0x04, 0xEA, 0x10, 0x00, 0x00, 0x00, 0x00, 0x00, 0x00, 0x00, 0x00, 0x00, 
  0x00, 0x00, 0x00, 0x00, 0x00, 0x00, 0x00, 0x04, 0xBE, 0xFE, 0xB4, 0x00, 0x00, 0x00, 0xAF, 0xFF, 0xFF, 0xFF, 0x90, 0x00, 0x08, 0xFF, 0x92, 0x02, 0x9F, 0xF8, 0x00, 0x3F, 0xF8, 0x00, 0x00, 0x09, 0xFF, 0x20, 0x8F, 0xE0, 0x00, 0x00, 0x01, 0xEF, 
  0x80, 0xCF, 0xA0, 0x00, 0x00, 0x00, 0xAF, 0xC0, 0xFF, 0x80, 0x00, 0x00, 0x00, 0x7F, 0xE0, 0xFF, 0x70, 0x00, 0x00, 0x00, 0x7F, 0xF0, 0xFF, 0x70, 0x00, 0x00, 0x00, 0x7F, 0xE0, 0xCF, 0xA0, 0x00, 0x00, 0x00, 0xAF, 0xC0, 0x8F, 0xE0, 0x00, 0x00, 
  0x00, 0xEF, 0x80, 0x3F, 0xF8, 0x00, 0x00, 0x08, 0xFF, 0x30, 0x08, 0xFF, 0x82, 0x02, 0x8F, 0xF8, 0x00, 0x00, 0xAF, 0xFF, 0xFF, 0xFF, 0x90, 0x00, 0x00, 0x04, 0xBE, 0xFE, 0xB4, 0x00, 0x00, 0x0F, 0x00, 0x0D, 0x00, 0x15, 0x00, 0x01, 0x00, 0x04, 
  0x00, 0x07, 0x00, 0x00, 0x00, 0x00, 0x00, 0x01, 0x00, 0x00, 0x00, 0x3B, 0xDA, 0x40, 0x1D, 0xD0, 0x00, 0x01, 0xEF, 0xFF, 0xFE, 0xEF, 0x90, 0x00, 0x04, 0xF7, 0x03, 0x9E, 0xFA, 0x10, 0x00, 0x00, 0x00, 0x00, 0x00, 0x00, 0x00, 0x00, 0x00, 0x00, 
  0x00, 0x00, 0x00, 0x00, 0x00, 0x00, 0x04, 0xBE, 0xFE, 0xB4, 0x00, 0x00, 0x00, 0xAF, 0xFF, 0xFF, 0xFF, 0x90, 0x00, 0x08, 0xFF, 0x92, 0x02, 0x9F, 0xF8, 0x00, 0x3F, 0xF8, 0x00, 0x00, 0x09, 0xFF, 0x20, 0x8F, 0xE0, 0x00, 0x00, 0x01, 0xEF, 0x80, 
  0xCF, 0xA0, 0x00, 0x00, 0x00, 0xAF, 0xC0, 0xFF, 0x80, 0x00, 0x00, 0x00, 0x7F, 0xE0, 0xFF, 0x70, 0x00, 0x00, 0x00, 0x7F, 0xF0, 0xFF, 0x70, 0x00, 0x00, 0x00, 0x7F, 0xE0, 0xCF, 0xA0, 0x00, 0x00, 0x00, 0xAF, 0xC0, 0x8F, 0xE0, 0x00, 0x00, 0x00, 
  0xEF, 0x80, 0x3F, 0xF8, 0x00, 0x00, 0x08, 0xFF, 0x30, 0x08, 0xFF, 0x82, 0x02, 0x8F, 0xF8, 0x00, 0x00, 0xAF, 0xFF, 0xFF, 0xFF, 0x90, 0x00, 0x00, 0x04, 0xBE, 0xFE, 0xB4, 0x00, 0x00, 0x0F, 0x00, 0x0D, 0x00, 0x14, 0x00, 0x01, 0x00, 0x05, 0x00, 
  0x07, 0x00, 0x00, 0x3B, 0x90, 0x00, 0x6B, 0x50, 0x00, 0x00, 0x9F, 0xF3, 0x00, 0xFF, 0xD0, 0x00, 0x00, 0x5F, 0xC0, 0x00, 0xAF, 0x80, 0x00, 0x00, 0x00, 0x00, 0x00, 0x00, 0x00, 0x00, 0x00, 0x00, 0x00, 0x00, 0x00, 0x00, 0x00, 0x00, 0x04, 0xBE, 
  0xFE, 0xB4, 0x00, 0x00, 0x00, 0xAF, 0xFF, 0xFF, 0xFF, 0x90, 0x00, 0x08, 0xFF, 0x92, 0x02, 0x9F, 0xF8, 0x00, 0x3F, 0xF8, 0x00, 0x00, 0x09, 0xFF, 0x20, 0x8F, 0xE0, 0x00, 0x00, 0x01, 0xEF, 0x80, 0xCF, 0xA0, 0x00, 0x00, 0x00, 0xAF, 0xC0, 0xFF, 
  0x80, 0x00, 0x00, 0x00, 0x7F, 0xE0, 0xFF, 0x70, 0x00, 0x00, 0x00, 0x7F, 0xF0, 0xFF, 0x70, 0x00, 0x00, 0x00, 0x7F, 0xE0, 0xCF, 0xA0, 0x00, 0x00, 0x00, 0xAF, 0xC0, 0x8F, 0xE0, 0x00, 0x00, 0x00, 0xEF, 0x80, 0x3F, 0xF8, 0x00, 0x00, 0x08, 0xFF, 
  0x30, 0x08, 0xFF, 0x82, 0x02, 0x8F, 0xF8, 0x00, 0x00, 0xAF, 0xFF, 0xFF, 0xFF, 0x90, 0x00, 0x00, 0x04, 0xBE, 0xFE, 0xB4, 0x00, 0x00, 0x0F, 0x00, 0x0E, 0x00, 0x0F, 0x00, 0x00, 0x00, 0x09, 0x00, 0x07, 0x00, 0x00, 0x00, 0x00, 0x59, 0x30, 0x00, 
  0x00, 0x00, 0x00, 0x01, 0xFF, 0xC0, 0x00, 0x00, 0x00, 0x00, 0x01, 0xEF, 0xB0, 0x00, 0x00, 0x00, 0x00, 0x00, 0x24, 0x00, 0x00, 0x00, 0x00, 0x00, 0x00, 0x00, 0x00, 0x00, 0x00, 0x00, 0x00, 0x00, 0x00, 0x00, 0x00, 0x00, 0x4F, 0xFF, 0xFF, 0xFF, 
  0xFF, 0xFF, 0xFD, 0x4F, 0xFF, 0xFF, 0xFF, 0xFF, 0xFF, 0xFD, 0x16, 0x66, 0x66, 0x66, 0x66, 0x66, 0x65, 0x00, 0x00, 0x00, 0x00, 0x00, 0x00, 0x00, 0x00, 0x00, 0x00, 0x00, 0x00, 0x00, 0x00, 0x00, 0x00, 0x00, 0x8D, 0x60, 0x00, 0x00, 0x00, 0x00, 
  0x02, 0xFF, 0xD0, 0x00, 0x00, 0x00, 0x00, 0x00, 0xCF, 0x80, 0x00, 0x00, 0x00, 0x00, 0x00, 0x00, 0x00, 0x00, 0x00, 0x0F, 0x00, 0x0D, 0x00, 0x13, 0x00, 0x01, 0x00, 0x08, 0x00, 0x07, 0x00, 0x00, 0x00, 0x00, 0x00, 0x00, 0x54, 0x00, 0x00, 0x00, 
  0x00, 0x00, 0x04, 0xF6, 0x00, 0x00, 0x04, 0xAE, 0xFE, 0xBC, 0xD0, 0x00, 0x00, 0x8F, 0xFF, 0xFF, 0xFF, 0xB0, 0x00, 0x07, 0xFF, 0x92, 0x02, 0xDF, 0xF9, 0x00, 0x2F, 0xF9, 0x00, 0x03, 0xFB, 0xFF, 0x30, 0x8F, 0xF1, 0x00, 0x0A, 0xE1, 0xEF, 0x90, 
  0xBF, 0xB0, 0x00, 0x3F, 0x70, 0x9F, 0xD0, 0xDF, 0x80, 0x00, 0xAE, 0x00, 0x7F, 0xF0, 0xDF, 0x70, 0x02, 0xF7, 0x00, 0x6F, 0xF0, 0xDF, 0x80, 0x09, 0xE1, 0x00, 0x7F, 0xF0, 0xBF, 0xA0, 0x2F, 0x70, 0x00, 0x9F, 0xD0, 0x8F, 0xE1, 0x9E, 0x10, 0x00, 
  0xEF, 0x90, 0x2F, 0xFA, 0xF8, 0x00, 0x07, 0xFF, 0x30, 0x08, 0xFF, 0xF3, 0x01, 0x8F, 0xF9, 0x00, 0x00, 0x9F, 0xFF, 0xFF, 0xFF, 0xA0, 0x00, 0x00, 0x8F, 0xAE, 0xFE, 0xB5, 0x00, 0x00, 0x01, 0xF8, 0x00, 0x00, 0x00, 0x00, 0x00, 0x03, 0x71, 0x00, 
  0x00, 0x00, 0x00, 0x00, 0x0F, 0x00, 0x0D, 0x00, 0x15, 0x00, 0x01, 0x00, 0x04, 0x00, 0x07, 0x00, 0x00, 0x1C, 0xFE, 0x20, 0x00, 0x00, 0x00, 0x00, 0x01, 0xDF, 0xB0, 0x00, 0x00, 0x00, 0x00, 0x00, 0x3E, 0xF8, 0x00, 0x00, 0x00, 0x00, 0x00, 0x04, 
  0xEA, 0x10, 0x00, 0x00, 0x00, 0x00, 0x00, 0x00, 0x00, 0x00, 0x00, 0x00, 0x00, 0x00, 0x00, 0x00, 0x00, 0x00, 0x2F, 0xF4, 0x00, 0x00, 0x06, 0xFF, 0x20, 0x2F, 0xF4, 0x00, 0x00, 0x06, 0xFF, 0x20, 0x2F, 0xF4, 0x00, 0x00, 0x06, 0xFF, 0x20, 0x2F, 
  0xF4, 0x00, 0x00, 0x06, 0xFF, 0x20, 0x2F, 0xF4, 0x00, 0x00, 0x06, 0xFF, 0x20, 0x2F, 0xF4, 0x00, 0x00, 0x06, 0xFF, 0x20, 0x2F, 0xF4, 0x00, 0x00, 0x06, 0xFF, 0x20, 0x2F, 0xF4, 0x00, 0x00, 0x06, 0xFF, 0x20, 0x2F, 0xF4, 0x00, 0x00, 0x06, 0xFF, 
  0x20, 0x2F, 0xF4, 0x00, 0x00, 0x06, 0xFF, 0x20, 0x2F, 0xF5, 0x00, 0x00, 0x06, 0xFF, 0x20, 0x0E, 0xF9, 0x00, 0x00, 0x0B, 0xFF, 0x20, 0x09, 0xFF, 0x72, 0x24, 0xCF, 0xFF, 0x20, 0x02, 0xEF, 0xFF, 0xFF, 0xFA, 0xFF, 0x20, 0x00, 0x2A, 0xEF, 0xEB, 
  0x44, 0xFF, 0x20, 0x0F, 0x00, 0x0D, 0x00, 0x15, 0x00, 0x01, 0x00, 0x04, 0x00, 0x07, 0x00, 0x00, 0x00, 0x00, 0x03, 0xFF, 0xA0, 0x00, 0x00, 0x00, 0x00, 0x1D, 0xFB, 0x00, 0x00, 0x00, 0x00, 0x00, 0xAF, 0xD1, 0x00, 0x00, 0x00, 0x00, 0x02, 0xBD, 
  0x20, 0x00, 0x00, 0x00, 0x00, 0x00, 0x00, 0x00, 0x00, 0x00, 0x00, 0x00, 0x00, 0x00, 0x00, 0x00, 0x00, 0x2F, 0xF4, 0x00, 0x00, 0x06, 0xFF, 0x20, 0x2F, 0xF4, 0x00, 0x00, 0x06, 0xFF, 0x20, 0x2F, 0xF4, 0x00, 0x00, 0x06, 0xFF, 0x20, 0x2F, 0xF4, 
  0x00, 0x00, 0x06, 0xFF, 0x20, 0x2F, 0xF4, 0x00, 0x00, 0x06, 0xFF, 0x20, 0x2F, 0xF4, 0x00, 0x00, 0x06, 0xFF, 0x20, 0x2F, 0xF4, 0x00, 0x00, 0x06, 0xFF, 0x20, 0x2F, 0xF4, 0x00, 0x00, 0x06, 0xFF, 0x20, 0x2F, 0xF4, 0x00, 0x00, 0x06, 0xFF, 0x20, 
  0x2F, 0xF4, 0x00, 0x00, 0x06, 0xFF, 0x20, 0x2F, 0xF5, 0x00, 0x00, 0x06, 0xFF, 0x20, 0x0E, 0xF9, 0x00, 0x00, 0x0B, 0xFF, 0x20, 0x09, 0xFF, 0x72, 0x24, 0xCF, 0xFF, 0x20, 0x02, 0xEF, 0xFF, 0xFF, 0xFA, 0xFF, 0x20, 0x00, 0x2A, 0xEF, 0xEB, 0x44, 
  0xFF, 0x20, 0x0F, 0x00, 0x0D, 0x00, 0x15, 0x00, 0x01, 0x00, 0x04, 0x00, 0x07, 0x00, 0x00, 0x00, 0x2E, 0xF7, 0x00, 0x00, 0x00, 0x00, 0x01, 0xDF, 0xDF, 0x70, 0x00, 0x00, 0x00, 0x1D, 0xF7, 0x2E, 0xF5, 0x00, 0x00, 0x00, 0x6C, 0xA0, 0x04, 0xEA, 
  0x10, 0x00, 0x00, 0x00, 0x00, 0x00, 0x00, 0x00, 0x00, 0x00, 0x00, 0x00, 0x00, 0x00, 0x00, 0x00, 0x2F, 0xF4, 0x00, 0x00, 0x06, 0xFF, 0x20, 0x2F, 0xF4, 0x00, 0x00, 0x06, 0xFF, 0x20, 0x2F, 0xF4, 0x00, 0x00, 0x06, 0xFF, 0x20, 0x2F, 0xF4, 0x00, 
  0x00, 0x06, 0xFF, 0x20, 0x2F, 0xF4, 0x00, 0x00, 0x06, 0xFF, 0x20, 0x2F, 0xF4, 0x00, 0x00, 0x06, 0xFF, 0x20, 0x2F, 0xF4, 0x00, 0x00, 0x06, 0xFF, 0x20, 0x2F, 0xF4, 0x00, 0x00, 0x06, 0xFF, 0x20, 0x2F, 0xF4, 0x00, 0x00, 0x06, 0xFF, 0x20, 0x2F, 
  0xF4, 0x00, 0x00, 0x06, 0xFF, 0x20, 0x2F, 0xF5, 0x00, 0x00, 0x06, 0xFF, 0x20, 0x0E, 0xF9, 0x00, 0x00, 0x0B, 0xFF, 0x20, 0x09, 0xFF, 0x72, 0x24, 0xCF, 0xFF, 0x20, 0x02, 0xEF, 0xFF, 0xFF, 0xFA, 0xFF, 0x20, 0x00, 0x2A, 0xEF, 0xEB, 0x44, 0xFF, 
  0x20, 0x0F, 0x00, 0x0D, 0x00, 0x14, 0x00, 0x01, 0x00, 0x05, 0x00, 0x07, 0x00, 0x00, 0x3B, 0x90, 0x00, 0x6B, 0x50, 0x00, 0x00, 0x9F, 0xF3, 0x00, 0xFF, 0xD0, 0x00, 0x00, 0x5F, 0xC0, 0x00, 0xAF, 0x80, 0x00, 0x00, 0x00, 0x00, 0x00, 0x00, 0x00, 
  0x00, 0x00, 0x00, 0x00, 0x00, 0x00, 0x00, 0x00, 0x2F, 0xF4, 0x00, 0x00, 0x06, 0xFF, 0x20, 0x2F, 0xF4, 0x00, 0x00, 0x06, 0xFF, 0x20, 0x2F, 0xF4, 0x00, 0x00, 0x06, 0xFF, 0x20, 0x2F, 0xF4, 0x00, 0x00, 0x06, 0xFF, 0x20, 0x2F, 0xF4, 0x00, 0x00, 
  0x06, 0xFF, 0x20, 0x2F, 0xF4, 0x00, 0x00, 0x06, 0xFF, 0x20, 0x2F, 0xF4, 0x00, 0x00, 0x06, 0xFF, 0x20, 0x2F, 0xF4, 0x00, 0x00, 0x06, 0xFF, 0x20, 0x2F, 0xF4, 0x00, 0x00, 0x06, 0xFF, 0x20, 0x2F, 0xF4, 0x00, 0x00, 0x06, 0xFF, 0x20, 0x2F, 0xF5, 
  0x00, 0x00, 0x06, 0xFF, 0x20, 0x0E, 0xF9, 0x00, 0x00, 0x0B, 0xFF, 0x20, 0x09, 0xFF, 0x72, 0x24, 0xCF, 0xFF, 0x20, 0x02, 0xEF, 0xFF, 0xFF, 0xFA, 0xFF, 0x20, 0x00, 0x2A, 0xEF, 0xEB, 0x44, 0xFF, 0x20, 0x0D, 0x00, 0x0D, 0x00, 0x1A, 0x00, 0x00, 
  0x00, 0x04, 0x00, 0x07, 0x00, 0x00, 0x00, 0x00, 0x03, 0xFF, 0xA0, 0x00, 0x00, 0x00, 0x00, 0x1D, 0xFB, 0x00, 0x00, 0x00, 0x00, 0x00, 0xAF, 0xD1, 0x00, 0x00, 0x00, 0x00, 0x02, 0xBD, 0x20, 0x00, 0x00, 0x00, 0x00, 0x00, 0x00, 0x00, 0x00, 0x00, 
  0x00, 0x00, 0x00, 0x00, 0x00, 0x00, 0x00, 0x6F, 0xF3, 0x00, 0x00, 0x03, 0xFF, 0x60, 0x1F, 0xF8, 0x00, 0x00, 0x08, 0xFF, 0x10, 0x0A, 0xFD, 0x00, 0x00, 0x0D, 0xFA, 0x00, 0x05, 0xFF, 0x30, 0x00, 0x2F, 0xF5, 0x00, 0x00, 0xEF, 0x80, 0x00, 0x7F, 
  0xE0, 0x00, 0x00, 0x9F, 0xD0, 0x00, 0xBF, 0xA0, 0x00, 0x00, 0x4F, 0xF3, 0x01, 0xFF, 0x40, 0x00, 0x00, 0x0D, 0xF8, 0x06, 0xFE, 0x00, 0x00, 0x00, 0x08, 0xFD, 0x0B, 0xF9, 0x00, 0x00, 0x00, 0x03, 0xFF, 0x4F, 0xF3, 0x00, 0x00, 0x00, 0x00, 0xCF, 
  0xDF, 0xD0, 0x00, 0x00, 0x00, 0x00, 0x7F, 0xFF, 0x80, 0x00, 0x00, 0x00, 0x00, 0x2F, 0xFF, 0x30, 0x00, 0x00, 0x00, 0x00, 0x0B, 0xFD, 0x00, 0x00, 0x00, 0x00, 0x00, 0x0A, 0xF7, 0x00, 0x00, 0x00, 0x00, 0x00, 0x1F, 0xF2, 0x00, 0x00, 0x00, 0x00, 
  0x00, 0x7F, 0xC0, 0x00, 0x00, 0x00, 0x02, 0x37, 0xFF, 0x50, 0x00, 0x00, 0x00, 0x0B, 0xFF, 0xFA, 0x00, 0x00, 0x00, 0x00, 0x0A, 0xFE, 0x70, 0x00, 0x00, 0x00, 0x00, 0x10, 0x00, 0x0D, 0x00, 0x19, 0x00, 0x02, 0x00, 0x05, 0x00, 0x07, 0x00, 0xDF, 
  0x90, 0x00, 0x00, 0x00, 0x00, 0x00, 0xDF, 0x90, 0x00, 0x00, 0x00, 0x00, 0x00, 0xDF, 0x90, 0x00, 0x00, 0x00, 0x00, 0x00, 0xDF, 0x90, 0x00, 0x00, 0x00, 0x00, 0x00, 0xDF, 0x90, 0x00, 0x00, 0x00, 0x00, 0x00, 0xDF, 0x92, 0x9D, 0xFE, 0xA3, 0x00, 
  0x00, 0xDF, 0xCE, 0xFF, 0xFF, 0xFF, 0x50, 0x00, 0xDF, 0xFD, 0x52, 0x26, 0xEF, 0xE2, 0x00, 0xDF, 0xE1, 0x00, 0x00, 0x4F, 0xF9, 0x00, 0xDF, 0x90, 0x00, 0x00, 0x0B, 0xFE, 0x00, 0xDF, 0x90, 0x00, 0x00, 0x06, 0xFF, 0x10, 0xDF, 0x90, 0x00, 0x00, 
  0x04, 0xFF, 0x30, 0xDF, 0x90, 0x00, 0x00, 0x04, 0xFF, 0x40, 0xDF, 0x90, 0x00, 0x00, 0x04, 0xFF, 0x30, 0xDF, 0x90, 0x00, 0x00, 0x06, 0xFF, 0x10, 0xDF, 0x90, 0x00, 0x00, 0x0A, 0xFD, 0x00, 0xDF, 0xD1, 0x00, 0x00, 0x3F, 0xF8, 0x00, 0xDF, 0xFC, 
  0x40, 0x05, 0xEF, 0xE1, 0x00, 0xDF, 0xCE, 0xFF, 0xFF, 0xFF, 0x50, 0x00, 0xDF, 0x92, 0x9D, 0xFE, 0xA3, 0x00, 0x00, 0xDF, 0x90, 0x00, 0x00, 0x00, 0x00, 0x00, 0xDF, 0x90, 0x00, 0x00, 0x00, 0x00, 0x00, 0xDF, 0x90, 0x00, 0x00, 0x00, 0x00, 0x00, 
  0xDF, 0x90, 0x00, 0x00, 0x00, 0x00, 0x00, 0xDF, 0x90, 0x00, 0x00, 0x00, 0x00, 0x00, 0x0D, 0x00, 0x0D, 0x00, 0x19, 0x00, 0x00, 0x00, 0x05, 0x00, 0x07, 0x00, 0x00, 0x3B, 0x90, 0x00, 0x6B, 0x50, 0x00, 0x00, 0x9F, 0xF3, 0x00, 0xFF, 0xD0, 0x00, 
  0x00, 0x5F, 0xC0, 0x00, 0xAF, 0x80, 0x00, 0x00, 0x00, 0x00, 0x00, 0x00, 0x00, 0x00, 0x00, 0x00, 0x00, 0x00, 0x00, 0x00, 0x00, 0x6F, 0xF3, 0x00, 0x00, 0x03, 0xFF, 0x60, 0x1F, 0xF8, 0x00, 0x00, 0x08, 0xFF, 0x10, 0x0A, 0xFD, 0x00, 0x00, 0x0D, 
  0xFA, 0x00, 0x05, 0xFF, 0x30, 0x00, 0x2F, 0xF5, 0x00, 0x00, 0xEF, 0x80, 0x00, 0x7F, 0xE0, 0x00, 0x00, 0x9F, 0xD0, 0x00, 0xBF, 0xA0, 0x00, 0x00, 0x4F, 0xF3, 0x01, 0xFF, 0x40, 0x00, 0x00, 0x0D, 0xF8, 0x06, 0xFE, 0x00, 0x00, 0x00, 0x08, 0xFD, 
  0x0B, 0xF9, 0x00, 0x00, 0x00, 0x03, 0xFF, 0x4F, 0xF3, 0x00, 0x00, 0x00, 0x00, 0xCF, 0xDF, 0xD0, 0x00, 0x00, 0x00, 0x00, 0x7F, 0xFF, 0x80, 0x00, 0x00, 0x00, 0x00, 0x2F, 0xFF, 0x30, 0x00, 0x00, 0x00, 0x00, 0x0B, 0xFD, 0x00, 0x00, 0x00, 0x00, 
  0x00, 0x0A, 0xF7, 0x00, 0x00, 0x00, 0x00, 0x00, 0x1F, 0xF2, 0x00, 0x00, 0x00, 0x00, 0x00, 0x7F, 0xC0, 0x00, 0x00, 0x00, 0x02, 0x37, 0xFF, 0x50, 0x00, 0x00, 0x00, 0x0B, 0xFF, 0xFA, 0x00, 0x00, 0x00, 0x00, 0x0A, 0xFE, 0x70, 0x00, 0x00, 0x00, 
  0x00, 0x58, 0x42, 0x46, 0x06, 0x52, 0x6F, 0x62, 0x6F, 0x74, 0x6F, 0x2C, 0x57, 0x34, 0x30, 0x30, 0x49, 0x30, 0x2C, 0x33, 0x32, 0x2C, 0x45, 0x58, 0x54, 0x5F, 0x41, 0x41, 0x34, 0x2C, 0x55, 0x43, 0x31, 0x36, 0x7C, 0x4D, 0x6F, 0x64, 0x65, 0x52, 
  0x61, 0x6E, 0x67, 0x65, 0x2C, 0x30, 0x2C, 0x37, 0x66, 0x2C, 0x31, 0x2C, 0x38, 0x30, 0x2C, 0x66, 0x66, 0x2C, 0x31, 0x41, 0x50, 0x50, 0x57, 0x36, 0x00, 0x58, 0x42, 0x46, 0x06, 
};

/*************************** End of file ****************************/
